2026-07-01 19:11:03,007 | ERROR    | IP: testclient | User: - | app — Action: Transaction base de données | Résultat: Échec (Erreur DB : name 'logging' is not defined)
Traceback (most recent call last):
  File "c:\VMs/vbox-zorin-automation\app\database.py", line 22, in get_db
    yield db
  File "C:\Users\sadik\anaconda3\Lib\site-packages\fastapi\concurrency.py", line 29, in contextmanager_in_threadpool
    yield await run_in_threadpool(cm.__enter__)
  File "C:\Users\sadik\anaconda3\Lib\site-packages\fastapi\routing.py", line 136, in app
    response = await f(request)
               ^^^^^^^^^^^^^^^^
  File "C:\Users\sadik\anaconda3\Lib\site-packages\fastapi\routing.py", line 690, in app
    raw_response = await run_endpoint_function(
                   ^^^^^^^^^^^^^^^^^^^^^^^^^^^^
    ...<3 lines>...
    )
    ^
  File "C:\Users\sadik\anaconda3\Lib\site-packages\fastapi\routing.py", line 346, in run_endpoint_function
    return await run_in_threadpool(dependant.call, **values)
           ^^^^^^^^^^^^^^^^^^^^^^^^^^^^^^^^^^^^^^^^^^^^^^^^^
  File "C:\Users\sadik\anaconda3\Lib\site-packages\starlette\concurrency.py", line 34, in run_in_threadpool
    return await anyio.to_thread.run_sync(func)
           ^^^^^^^^^^^^^^^^^^^^^^^^^^^^^^^^^^^^
  File "C:\Users\sadik\anaconda3\Lib\site-packages\anyio\to_thread.py", line 56, in run_sync
    return await get_async_backend().run_sync_in_worker_thread(
           ^^^^^^^^^^^^^^^^^^^^^^^^^^^^^^^^^^^^^^^^^^^^^^^^^^^^
        func, args, abandon_on_cancel=abandon_on_cancel, limiter=limiter
        ^^^^^^^^^^^^^^^^^^^^^^^^^^^^^^^^^^^^^^^^^^^^^^^^^^^^^^^^^^^^^^^^
    )
    ^
  File "C:\Users\sadik\anaconda3\Lib\site-packages\anyio\_backends\_asyncio.py", line 2476, in run_sync_in_worker_thread
    return await future
           ^^^^^^^^^^^^
  File "C:\Users\sadik\anaconda3\Lib\site-packages\anyio\_backends\_asyncio.py", line 967, in run
    result = context.run(func, *args)
  File "C:\Users\sadik\anaconda3\Lib\site-packages\slowapi\extension.py", line 770, in sync_wrapper
    response = func(*args, **kwargs)
  File "c:\VMs/vbox-zorin-automation\app\routers\auth.py", line 124, in login
    security_log = logging.getLogger("app.security")
                   ^^^^^^^
NameError: name 'logging' is not defined. Did you mean: 'login'? Or did you forget to import 'logging'?
2026-07-01 19:11:03,066 | ERROR    | IP: testclient | User: - | app — Action: Traitement de la requête a échoué (Exception non gérée) | Résultat: name 'logging' is not defined
  + Exception Group Traceback (most recent call last):
  |   File "C:\Users\sadik\anaconda3\Lib\site-packages\starlette\_utils.py", line 85, in create_collapsing_task_group
  |     async with anyio.create_task_group() as tg:
  |                ~~~~~~~~~~~~~~~~~~~~~~~^^
  |   File "C:\Users\sadik\anaconda3\Lib\site-packages\anyio\_backends\_asyncio.py", line 772, in __aexit__
  |     raise BaseExceptionGroup(
  |         "unhandled errors in a TaskGroup", self._exceptions
  |     ) from None
  | ExceptionGroup: unhandled errors in a TaskGroup (1 sub-exception)
  +-+---------------- 1 ----------------
    | Traceback (most recent call last):
    |   File "C:\Users\sadik\anaconda3\Lib\site-packages\starlette\middleware\errors.py", line 164, in __call__
    |     await self.app(scope, receive, _send)
    |   File "C:\Users\sadik\anaconda3\Lib\site-packages\starlette\middleware\cors.py", line 88, in __call__
    |     await self.app(scope, receive, send)
    |   File "C:\Users\sadik\anaconda3\Lib\site-packages\starlette\middleware\base.py", line 193, in __call__
    |     response = await self.dispatch_func(request, call_next)
    |                ^^^^^^^^^^^^^^^^^^^^^^^^^^^^^^^^^^^^^^^^^^^^
    |   File "c:\VMs/vbox-zorin-automation\app\main.py", line 91, in log_ip_middleware
    |     response = await call_next(request)
    |                ^^^^^^^^^^^^^^^^^^^^^^^^
    |   File "C:\Users\sadik\anaconda3\Lib\site-packages\starlette\middleware\base.py", line 168, in call_next
    |     raise app_exc from app_exc.__cause__ or app_exc.__context__
    |   File "C:\Users\sadik\anaconda3\Lib\site-packages\starlette\middleware\base.py", line 144, in coro
    |     await self.app(scope, receive_or_disconnect, send_no_error)
    |   File "C:\Users\sadik\anaconda3\Lib\site-packages\starlette\middleware\base.py", line 193, in __call__
    |     response = await self.dispatch_func(request, call_next)
    |                ^^^^^^^^^^^^^^^^^^^^^^^^^^^^^^^^^^^^^^^^^^^^
    |   File "C:\Users\sadik\anaconda3\Lib\site-packages\slowapi\middleware.py", line 128, in dispatch
    |     return await call_next(request)
    |            ^^^^^^^^^^^^^^^^^^^^^^^^
    |   File "C:\Users\sadik\anaconda3\Lib\site-packages\starlette\middleware\base.py", line 168, in call_next
    |     raise app_exc from app_exc.__cause__ or app_exc.__context__
    |   File "C:\Users\sadik\anaconda3\Lib\site-packages\starlette\middleware\base.py", line 144, in coro
    |     await self.app(scope, receive_or_disconnect, send_no_error)
    |   File "C:\Users\sadik\anaconda3\Lib\site-packages\starlette\middleware\exceptions.py", line 63, in __call__
    |     await wrap_app_handling_exceptions(self.app, conn)(scope, receive, send)
    |   File "C:\Users\sadik\anaconda3\Lib\site-packages\starlette\_exception_handler.py", line 53, in wrapped_app
    |     raise exc
    |   File "C:\Users\sadik\anaconda3\Lib\site-packages\starlette\_exception_handler.py", line 42, in wrapped_app
    |     await app(scope, receive, sender)
    |   File "C:\Users\sadik\anaconda3\Lib\site-packages\fastapi\middleware\asyncexitstack.py", line 18, in __call__
    |     await self.app(scope, receive, send)
    |   File "C:\Users\sadik\anaconda3\Lib\site-packages\starlette\routing.py", line 660, in __call__
    |     await self.middleware_stack(scope, receive, send)
    |   File "C:\Users\sadik\anaconda3\Lib\site-packages\fastapi\routing.py", line 2531, in app
    |     await route.handle(scope, receive, send)
    |   File "C:\Users\sadik\anaconda3\Lib\site-packages\fastapi\routing.py", line 1700, in handle
    |     await self.original_router.handle(scope, receive, send)
    |   File "C:\Users\sadik\anaconda3\Lib\site-packages\fastapi\routing.py", line 2586, in handle
    |     await included_router._handle_selected(scope, receive, send)
    |   File "C:\Users\sadik\anaconda3\Lib\site-packages\fastapi\routing.py", line 1720, in _handle_selected
    |     await original_route.handle(scope, receive, send)
    |   File "C:\Users\sadik\anaconda3\Lib\site-packages\fastapi\routing.py", line 1239, in handle
    |     await app(scope, receive, send)
    |   File "C:\Users\sadik\anaconda3\Lib\site-packages\fastapi\routing.py", line 150, in app
    |     await wrap_app_handling_exceptions(app, request)(scope, receive, send)
    |   File "C:\Users\sadik\anaconda3\Lib\site-packages\starlette\_exception_handler.py", line 53, in wrapped_app
    |     raise exc
    |   File "C:\Users\sadik\anaconda3\Lib\site-packages\starlette\_exception_handler.py", line 42, in wrapped_app
    |     await app(scope, receive, sender)
    |   File "C:\Users\sadik\anaconda3\Lib\site-packages\fastapi\routing.py", line 136, in app
    |     response = await f(request)
    |                ^^^^^^^^^^^^^^^^
    |   File "C:\Users\sadik\anaconda3\Lib\site-packages\fastapi\routing.py", line 690, in app
    |     raw_response = await run_endpoint_function(
    |                    ^^^^^^^^^^^^^^^^^^^^^^^^^^^^
    |     ...<3 lines>...
    |     )
    |     ^
    |   File "C:\Users\sadik\anaconda3\Lib\site-packages\fastapi\routing.py", line 346, in run_endpoint_function
    |     return await run_in_threadpool(dependant.call, **values)
    |            ^^^^^^^^^^^^^^^^^^^^^^^^^^^^^^^^^^^^^^^^^^^^^^^^^
    |   File "C:\Users\sadik\anaconda3\Lib\site-packages\starlette\concurrency.py", line 34, in run_in_threadpool
    |     return await anyio.to_thread.run_sync(func)
    |            ^^^^^^^^^^^^^^^^^^^^^^^^^^^^^^^^^^^^
    |   File "C:\Users\sadik\anaconda3\Lib\site-packages\anyio\to_thread.py", line 56, in run_sync
    |     return await get_async_backend().run_sync_in_worker_thread(
    |            ^^^^^^^^^^^^^^^^^^^^^^^^^^^^^^^^^^^^^^^^^^^^^^^^^^^^
    |         func, args, abandon_on_cancel=abandon_on_cancel, limiter=limiter
    |         ^^^^^^^^^^^^^^^^^^^^^^^^^^^^^^^^^^^^^^^^^^^^^^^^^^^^^^^^^^^^^^^^
    |     )
    |     ^
    |   File "C:\Users\sadik\anaconda3\Lib\site-packages\anyio\_backends\_asyncio.py", line 2476, in run_sync_in_worker_thread
    |     return await future
    |            ^^^^^^^^^^^^
    |   File "C:\Users\sadik\anaconda3\Lib\site-packages\anyio\_backends\_asyncio.py", line 967, in run
    |     result = context.run(func, *args)
    |   File "C:\Users\sadik\anaconda3\Lib\site-packages\slowapi\extension.py", line 770, in sync_wrapper
    |     response = func(*args, **kwargs)
    |   File "c:\VMs/vbox-zorin-automation\app\routers\auth.py", line 124, in login
    |     security_log = logging.getLogger("app.security")
    |                    ^^^^^^^
    | NameError: name 'logging' is not defined. Did you mean: 'login'? Or did you forget to import 'logging'?
    +------------------------------------

The above exception was the direct cause of the following exception:

Traceback (most recent call last):
  File "C:\Users\sadik\anaconda3\Lib\site-packages\starlette\middleware\errors.py", line 164, in __call__
    await self.app(scope, receive, _send)
  File "C:\Users\sadik\anaconda3\Lib\site-packages\starlette\middleware\cors.py", line 88, in __call__
    await self.app(scope, receive, send)
  File "C:\Users\sadik\anaconda3\Lib\site-packages\starlette\middleware\base.py", line 193, in __call__
    response = await self.dispatch_func(request, call_next)
               ^^^^^^^^^^^^^^^^^^^^^^^^^^^^^^^^^^^^^^^^^^^^
  File "c:\VMs/vbox-zorin-automation\app\main.py", line 91, in log_ip_middleware
    response = await call_next(request)
               ^^^^^^^^^^^^^^^^^^^^^^^^
  File "C:\Users\sadik\anaconda3\Lib\site-packages\starlette\middleware\base.py", line 168, in call_next
    raise app_exc from app_exc.__cause__ or app_exc.__context__
  File "C:\Users\sadik\anaconda3\Lib\site-packages\starlette\middleware\base.py", line 144, in coro
    await self.app(scope, receive_or_disconnect, send_no_error)
  File "C:\Users\sadik\anaconda3\Lib\site-packages\starlette\middleware\base.py", line 193, in __call__
    response = await self.dispatch_func(request, call_next)
               ^^^^^^^^^^^^^^^^^^^^^^^^^^^^^^^^^^^^^^^^^^^^
  File "C:\Users\sadik\anaconda3\Lib\site-packages\slowapi\middleware.py", line 128, in dispatch
    return await call_next(request)
           ^^^^^^^^^^^^^^^^^^^^^^^^
  File "C:\Users\sadik\anaconda3\Lib\site-packages\starlette\middleware\base.py", line 168, in call_next
    raise app_exc from app_exc.__cause__ or app_exc.__context__
  File "C:\Users\sadik\anaconda3\Lib\site-packages\starlette\middleware\base.py", line 144, in coro
    await self.app(scope, receive_or_disconnect, send_no_error)
  File "C:\Users\sadik\anaconda3\Lib\site-packages\starlette\middleware\exceptions.py", line 63, in __call__
    await wrap_app_handling_exceptions(self.app, conn)(scope, receive, send)
  File "C:\Users\sadik\anaconda3\Lib\site-packages\starlette\_exception_handler.py", line 53, in wrapped_app
    raise exc
  File "C:\Users\sadik\anaconda3\Lib\site-packages\starlette\_exception_handler.py", line 42, in wrapped_app
    await app(scope, receive, sender)
  File "C:\Users\sadik\anaconda3\Lib\site-packages\fastapi\middleware\asyncexitstack.py", line 18, in __call__
    await self.app(scope, receive, send)
  File "C:\Users\sadik\anaconda3\Lib\site-packages\starlette\routing.py", line 660, in __call__
    await self.middleware_stack(scope, receive, send)
  File "C:\Users\sadik\anaconda3\Lib\site-packages\fastapi\routing.py", line 2531, in app
    await route.handle(scope, receive, send)
  File "C:\Users\sadik\anaconda3\Lib\site-packages\fastapi\routing.py", line 1700, in handle
    await self.original_router.handle(scope, receive, send)
  File "C:\Users\sadik\anaconda3\Lib\site-packages\fastapi\routing.py", line 2586, in handle
    await included_router._handle_selected(scope, receive, send)
  File "C:\Users\sadik\anaconda3\Lib\site-packages\fastapi\routing.py", line 1720, in _handle_selected
    await original_route.handle(scope, receive, send)
  File "C:\Users\sadik\anaconda3\Lib\site-packages\fastapi\routing.py", line 1239, in handle
    await app(scope, receive, send)
  File "C:\Users\sadik\anaconda3\Lib\site-packages\fastapi\routing.py", line 150, in app
    await wrap_app_handling_exceptions(app, request)(scope, receive, send)
  File "C:\Users\sadik\anaconda3\Lib\site-packages\starlette\_exception_handler.py", line 53, in wrapped_app
    raise exc
  File "C:\Users\sadik\anaconda3\Lib\site-packages\starlette\_exception_handler.py", line 42, in wrapped_app
    await app(scope, receive, sender)
  File "C:\Users\sadik\anaconda3\Lib\site-packages\fastapi\routing.py", line 136, in app
    response = await f(request)
               ^^^^^^^^^^^^^^^^
  File "C:\Users\sadik\anaconda3\Lib\site-packages\fastapi\routing.py", line 690, in app
    raw_response = await run_endpoint_function(
                   ^^^^^^^^^^^^^^^^^^^^^^^^^^^^
    ...<3 lines>...
    )
    ^
  File "C:\Users\sadik\anaconda3\Lib\site-packages\fastapi\routing.py", line 346, in run_endpoint_function
    return await run_in_threadpool(dependant.call, **values)
           ^^^^^^^^^^^^^^^^^^^^^^^^^^^^^^^^^^^^^^^^^^^^^^^^^
  File "C:\Users\sadik\anaconda3\Lib\site-packages\starlette\concurrency.py", line 34, in run_in_threadpool
    return await anyio.to_thread.run_sync(func)
           ^^^^^^^^^^^^^^^^^^^^^^^^^^^^^^^^^^^^
  File "C:\Users\sadik\anaconda3\Lib\site-packages\anyio\to_thread.py", line 56, in run_sync
    return await get_async_backend().run_sync_in_worker_thread(
           ^^^^^^^^^^^^^^^^^^^^^^^^^^^^^^^^^^^^^^^^^^^^^^^^^^^^
        func, args, abandon_on_cancel=abandon_on_cancel, limiter=limiter
        ^^^^^^^^^^^^^^^^^^^^^^^^^^^^^^^^^^^^^^^^^^^^^^^^^^^^^^^^^^^^^^^^
    )
    ^
  File "C:\Users\sadik\anaconda3\Lib\site-packages\anyio\_backends\_asyncio.py", line 2476, in run_sync_in_worker_thread
    return await future
           ^^^^^^^^^^^^
  File "C:\Users\sadik\anaconda3\Lib\site-packages\anyio\_backends\_asyncio.py", line 967, in run
    result = context.run(func, *args)
  File "C:\Users\sadik\anaconda3\Lib\site-packages\slowapi\extension.py", line 770, in sync_wrapper
    response = func(*args, **kwargs)
  File "c:\VMs/vbox-zorin-automation\app\routers\auth.py", line 124, in login
    security_log = logging.getLogger("app.security")
                   ^^^^^^^
NameError: name 'logging' is not defined. Did you mean: 'login'? Or did you forget to import 'logging'?
2026-07-02 02:39:54,766 | INFO     | IP: - | User: - | app.main — Initialising database …
2026-07-02 02:39:54,959 | INFO     | IP: - | User: - | watchfiles.main — 3 changes detected
2026-07-02 02:39:55,102 | INFO     | IP: - | User: - | app.main — Database ready.
2026-07-02 02:39:55,340 | INFO     | IP: - | User: - | watchfiles.main — 4 changes detected
2026-07-02 02:40:32,435 | INFO     | IP: 127.0.0.1 | User: admin | app.security — Action: Connexion de l'utilisateur 'admin' | Résultat: Réussite
2026-07-02 02:40:32,516 | ERROR    | IP: 127.0.0.1 | User: - | app — Action: Transaction base de données | Résultat: Échec (Erreur DB : parameter `response` must be an instance of starlette.responses.Response)
Traceback (most recent call last):
  File "C:\VMs\vbox-zorin-automation\app\database.py", line 22, in get_db
    yield db
  File "C:\Users\sadik\anaconda3\Lib\site-packages\fastapi\concurrency.py", line 29, in contextmanager_in_threadpool
    yield await run_in_threadpool(cm.__enter__)
  File "C:\Users\sadik\anaconda3\Lib\site-packages\fastapi\routing.py", line 136, in app
    response = await f(request)
               ^^^^^^^^^^^^^^^^
  File "C:\Users\sadik\anaconda3\Lib\site-packages\fastapi\routing.py", line 690, in app
    raw_response = await run_endpoint_function(
                   ^^^^^^^^^^^^^^^^^^^^^^^^^^^^
    ...<3 lines>...
    )
    ^
  File "C:\Users\sadik\anaconda3\Lib\site-packages\fastapi\routing.py", line 346, in run_endpoint_function
    return await run_in_threadpool(dependant.call, **values)
           ^^^^^^^^^^^^^^^^^^^^^^^^^^^^^^^^^^^^^^^^^^^^^^^^^
  File "C:\Users\sadik\anaconda3\Lib\site-packages\starlette\concurrency.py", line 34, in run_in_threadpool
    return await anyio.to_thread.run_sync(func)
           ^^^^^^^^^^^^^^^^^^^^^^^^^^^^^^^^^^^^
  File "C:\Users\sadik\anaconda3\Lib\site-packages\anyio\to_thread.py", line 56, in run_sync
    return await get_async_backend().run_sync_in_worker_thread(
           ^^^^^^^^^^^^^^^^^^^^^^^^^^^^^^^^^^^^^^^^^^^^^^^^^^^^
        func, args, abandon_on_cancel=abandon_on_cancel, limiter=limiter
        ^^^^^^^^^^^^^^^^^^^^^^^^^^^^^^^^^^^^^^^^^^^^^^^^^^^^^^^^^^^^^^^^
    )
    ^
  File "C:\Users\sadik\anaconda3\Lib\site-packages\anyio\_backends\_asyncio.py", line 2476, in run_sync_in_worker_thread
    return await future
           ^^^^^^^^^^^^
  File "C:\Users\sadik\anaconda3\Lib\site-packages\anyio\_backends\_asyncio.py", line 967, in run
    result = context.run(func, *args)
  File "C:\Users\sadik\anaconda3\Lib\site-packages\slowapi\extension.py", line 774, in sync_wrapper
    self._inject_headers(
    ~~~~~~~~~~~~~~~~~~~~^
        kwargs.get("response"),
        ^^^^^^^^^^^^^^^^^^^^^^^
        request.state.view_rate_limit,  # type: ignore
        ^^^^^^^^^^^^^^^^^^^^^^^^^^^^^^^^^^^^^^^^^^^^^^
    )
    ^
  File "C:\Users\sadik\anaconda3\Lib\site-packages\slowapi\extension.py", line 383, in _inject_headers
    raise Exception(
        "parameter `response` must be an instance of starlette.responses.Response"
    )
Exception: parameter `response` must be an instance of starlette.responses.Response
2026-07-02 02:40:32,579 | ERROR    | IP: 127.0.0.1 | User: - | app — Action: Traitement de la requête a échoué (Exception non gérée) | Résultat: parameter `response` must be an instance of starlette.responses.Response
  + Exception Group Traceback (most recent call last):
  |   File "C:\Users\sadik\anaconda3\Lib\site-packages\starlette\_utils.py", line 85, in create_collapsing_task_group
  |     async with anyio.create_task_group() as tg:
  |                ~~~~~~~~~~~~~~~~~~~~~~~^^
  |   File "C:\Users\sadik\anaconda3\Lib\site-packages\anyio\_backends\_asyncio.py", line 772, in __aexit__
  |     raise BaseExceptionGroup(
  |         "unhandled errors in a TaskGroup", self._exceptions
  |     ) from None
  | ExceptionGroup: unhandled errors in a TaskGroup (1 sub-exception)
  +-+---------------- 1 ----------------
    | Traceback (most recent call last):
    |   File "C:\Users\sadik\anaconda3\Lib\site-packages\starlette\middleware\errors.py", line 164, in __call__
    |     await self.app(scope, receive, _send)
    |   File "C:\Users\sadik\anaconda3\Lib\site-packages\starlette\middleware\cors.py", line 96, in __call__
    |     await self.simple_response(scope, receive, send, request_headers=headers)
    |   File "C:\Users\sadik\anaconda3\Lib\site-packages\starlette\middleware\cors.py", line 154, in simple_response
    |     await self.app(scope, receive, send)
    |   File "C:\Users\sadik\anaconda3\Lib\site-packages\starlette\middleware\base.py", line 193, in __call__
    |     response = await self.dispatch_func(request, call_next)
    |                ^^^^^^^^^^^^^^^^^^^^^^^^^^^^^^^^^^^^^^^^^^^^
    |   File "C:\VMs\vbox-zorin-automation\app\main.py", line 102, in log_ip_middleware
    |     response = await call_next(request)
    |                ^^^^^^^^^^^^^^^^^^^^^^^^
    |   File "C:\Users\sadik\anaconda3\Lib\site-packages\starlette\middleware\base.py", line 168, in call_next
    |     raise app_exc from app_exc.__cause__ or app_exc.__context__
    |   File "C:\Users\sadik\anaconda3\Lib\site-packages\starlette\middleware\base.py", line 144, in coro
    |     await self.app(scope, receive_or_disconnect, send_no_error)
    |   File "C:\Users\sadik\anaconda3\Lib\site-packages\starlette\middleware\base.py", line 193, in __call__
    |     response = await self.dispatch_func(request, call_next)
    |                ^^^^^^^^^^^^^^^^^^^^^^^^^^^^^^^^^^^^^^^^^^^^
    |   File "C:\Users\sadik\anaconda3\Lib\site-packages\slowapi\middleware.py", line 128, in dispatch
    |     return await call_next(request)
    |            ^^^^^^^^^^^^^^^^^^^^^^^^
    |   File "C:\Users\sadik\anaconda3\Lib\site-packages\starlette\middleware\base.py", line 168, in call_next
    |     raise app_exc from app_exc.__cause__ or app_exc.__context__
    |   File "C:\Users\sadik\anaconda3\Lib\site-packages\starlette\middleware\base.py", line 144, in coro
    |     await self.app(scope, receive_or_disconnect, send_no_error)
    |   File "C:\Users\sadik\anaconda3\Lib\site-packages\starlette\middleware\exceptions.py", line 63, in __call__
    |     await wrap_app_handling_exceptions(self.app, conn)(scope, receive, send)
    |   File "C:\Users\sadik\anaconda3\Lib\site-packages\starlette\_exception_handler.py", line 53, in wrapped_app
    |     raise exc
    |   File "C:\Users\sadik\anaconda3\Lib\site-packages\starlette\_exception_handler.py", line 42, in wrapped_app
    |     await app(scope, receive, sender)
    |   File "C:\Users\sadik\anaconda3\Lib\site-packages\fastapi\middleware\asyncexitstack.py", line 18, in __call__
    |     await self.app(scope, receive, send)
    |   File "C:\Users\sadik\anaconda3\Lib\site-packages\starlette\routing.py", line 660, in __call__
    |     await self.middleware_stack(scope, receive, send)
    |   File "C:\Users\sadik\anaconda3\Lib\site-packages\fastapi\routing.py", line 2531, in app
    |     await route.handle(scope, receive, send)
    |   File "C:\Users\sadik\anaconda3\Lib\site-packages\fastapi\routing.py", line 1700, in handle
    |     await self.original_router.handle(scope, receive, send)
    |   File "C:\Users\sadik\anaconda3\Lib\site-packages\fastapi\routing.py", line 2586, in handle
    |     await included_router._handle_selected(scope, receive, send)
    |   File "C:\Users\sadik\anaconda3\Lib\site-packages\fastapi\routing.py", line 1720, in _handle_selected
    |     await original_route.handle(scope, receive, send)
    |   File "C:\Users\sadik\anaconda3\Lib\site-packages\fastapi\routing.py", line 1239, in handle
    |     await app(scope, receive, send)
    |   File "C:\Users\sadik\anaconda3\Lib\site-packages\fastapi\routing.py", line 150, in app
    |     await wrap_app_handling_exceptions(app, request)(scope, receive, send)
    |   File "C:\Users\sadik\anaconda3\Lib\site-packages\starlette\_exception_handler.py", line 53, in wrapped_app
    |     raise exc
    |   File "C:\Users\sadik\anaconda3\Lib\site-packages\starlette\_exception_handler.py", line 42, in wrapped_app
    |     await app(scope, receive, sender)
    |   File "C:\Users\sadik\anaconda3\Lib\site-packages\fastapi\routing.py", line 136, in app
    |     response = await f(request)
    |                ^^^^^^^^^^^^^^^^
    |   File "C:\Users\sadik\anaconda3\Lib\site-packages\fastapi\routing.py", line 690, in app
    |     raw_response = await run_endpoint_function(
    |                    ^^^^^^^^^^^^^^^^^^^^^^^^^^^^
    |     ...<3 lines>...
    |     )
    |     ^
    |   File "C:\Users\sadik\anaconda3\Lib\site-packages\fastapi\routing.py", line 346, in run_endpoint_function
    |     return await run_in_threadpool(dependant.call, **values)
    |            ^^^^^^^^^^^^^^^^^^^^^^^^^^^^^^^^^^^^^^^^^^^^^^^^^
    |   File "C:\Users\sadik\anaconda3\Lib\site-packages\starlette\concurrency.py", line 34, in run_in_threadpool
    |     return await anyio.to_thread.run_sync(func)
    |            ^^^^^^^^^^^^^^^^^^^^^^^^^^^^^^^^^^^^
    |   File "C:\Users\sadik\anaconda3\Lib\site-packages\anyio\to_thread.py", line 56, in run_sync
    |     return await get_async_backend().run_sync_in_worker_thread(
    |            ^^^^^^^^^^^^^^^^^^^^^^^^^^^^^^^^^^^^^^^^^^^^^^^^^^^^
    |         func, args, abandon_on_cancel=abandon_on_cancel, limiter=limiter
    |         ^^^^^^^^^^^^^^^^^^^^^^^^^^^^^^^^^^^^^^^^^^^^^^^^^^^^^^^^^^^^^^^^
    |     )
    |     ^
    |   File "C:\Users\sadik\anaconda3\Lib\site-packages\anyio\_backends\_asyncio.py", line 2476, in run_sync_in_worker_thread
    |     return await future
    |            ^^^^^^^^^^^^
    |   File "C:\Users\sadik\anaconda3\Lib\site-packages\anyio\_backends\_asyncio.py", line 967, in run
    |     result = context.run(func, *args)
    |   File "C:\Users\sadik\anaconda3\Lib\site-packages\slowapi\extension.py", line 774, in sync_wrapper
    |     self._inject_headers(
    |     ~~~~~~~~~~~~~~~~~~~~^
    |         kwargs.get("response"),
    |         ^^^^^^^^^^^^^^^^^^^^^^^
    |         request.state.view_rate_limit,  # type: ignore
    |         ^^^^^^^^^^^^^^^^^^^^^^^^^^^^^^^^^^^^^^^^^^^^^^
    |     )
    |     ^
    |   File "C:\Users\sadik\anaconda3\Lib\site-packages\slowapi\extension.py", line 383, in _inject_headers
    |     raise Exception(
    |         "parameter `response` must be an instance of starlette.responses.Response"
    |     )
    | Exception: parameter `response` must be an instance of starlette.responses.Response
    +------------------------------------

The above exception was the direct cause of the following exception:

Traceback (most recent call last):
  File "C:\Users\sadik\anaconda3\Lib\site-packages\starlette\middleware\errors.py", line 164, in __call__
    await self.app(scope, receive, _send)
  File "C:\Users\sadik\anaconda3\Lib\site-packages\starlette\middleware\cors.py", line 96, in __call__
    await self.simple_response(scope, receive, send, request_headers=headers)
  File "C:\Users\sadik\anaconda3\Lib\site-packages\starlette\middleware\cors.py", line 154, in simple_response
    await self.app(scope, receive, send)
  File "C:\Users\sadik\anaconda3\Lib\site-packages\starlette\middleware\base.py", line 193, in __call__
    response = await self.dispatch_func(request, call_next)
               ^^^^^^^^^^^^^^^^^^^^^^^^^^^^^^^^^^^^^^^^^^^^
  File "C:\VMs\vbox-zorin-automation\app\main.py", line 102, in log_ip_middleware
    response = await call_next(request)
               ^^^^^^^^^^^^^^^^^^^^^^^^
  File "C:\Users\sadik\anaconda3\Lib\site-packages\starlette\middleware\base.py", line 168, in call_next
    raise app_exc from app_exc.__cause__ or app_exc.__context__
  File "C:\Users\sadik\anaconda3\Lib\site-packages\starlette\middleware\base.py", line 144, in coro
    await self.app(scope, receive_or_disconnect, send_no_error)
  File "C:\Users\sadik\anaconda3\Lib\site-packages\starlette\middleware\base.py", line 193, in __call__
    response = await self.dispatch_func(request, call_next)
               ^^^^^^^^^^^^^^^^^^^^^^^^^^^^^^^^^^^^^^^^^^^^
  File "C:\Users\sadik\anaconda3\Lib\site-packages\slowapi\middleware.py", line 128, in dispatch
    return await call_next(request)
           ^^^^^^^^^^^^^^^^^^^^^^^^
  File "C:\Users\sadik\anaconda3\Lib\site-packages\starlette\middleware\base.py", line 168, in call_next
    raise app_exc from app_exc.__cause__ or app_exc.__context__
  File "C:\Users\sadik\anaconda3\Lib\site-packages\starlette\middleware\base.py", line 144, in coro
    await self.app(scope, receive_or_disconnect, send_no_error)
  File "C:\Users\sadik\anaconda3\Lib\site-packages\starlette\middleware\exceptions.py", line 63, in __call__
    await wrap_app_handling_exceptions(self.app, conn)(scope, receive, send)
  File "C:\Users\sadik\anaconda3\Lib\site-packages\starlette\_exception_handler.py", line 53, in wrapped_app
    raise exc
  File "C:\Users\sadik\anaconda3\Lib\site-packages\starlette\_exception_handler.py", line 42, in wrapped_app
    await app(scope, receive, sender)
  File "C:\Users\sadik\anaconda3\Lib\site-packages\fastapi\middleware\asyncexitstack.py", line 18, in __call__
    await self.app(scope, receive, send)
  File "C:\Users\sadik\anaconda3\Lib\site-packages\starlette\routing.py", line 660, in __call__
    await self.middleware_stack(scope, receive, send)
  File "C:\Users\sadik\anaconda3\Lib\site-packages\fastapi\routing.py", line 2531, in app
    await route.handle(scope, receive, send)
  File "C:\Users\sadik\anaconda3\Lib\site-packages\fastapi\routing.py", line 1700, in handle
    await self.original_router.handle(scope, receive, send)
  File "C:\Users\sadik\anaconda3\Lib\site-packages\fastapi\routing.py", line 2586, in handle
    await included_router._handle_selected(scope, receive, send)
  File "C:\Users\sadik\anaconda3\Lib\site-packages\fastapi\routing.py", line 1720, in _handle_selected
    await original_route.handle(scope, receive, send)
  File "C:\Users\sadik\anaconda3\Lib\site-packages\fastapi\routing.py", line 1239, in handle
    await app(scope, receive, send)
  File "C:\Users\sadik\anaconda3\Lib\site-packages\fastapi\routing.py", line 150, in app
    await wrap_app_handling_exceptions(app, request)(scope, receive, send)
  File "C:\Users\sadik\anaconda3\Lib\site-packages\starlette\_exception_handler.py", line 53, in wrapped_app
    raise exc
  File "C:\Users\sadik\anaconda3\Lib\site-packages\starlette\_exception_handler.py", line 42, in wrapped_app
    await app(scope, receive, sender)
  File "C:\Users\sadik\anaconda3\Lib\site-packages\fastapi\routing.py", line 136, in app
    response = await f(request)
               ^^^^^^^^^^^^^^^^
  File "C:\Users\sadik\anaconda3\Lib\site-packages\fastapi\routing.py", line 690, in app
    raw_response = await run_endpoint_function(
                   ^^^^^^^^^^^^^^^^^^^^^^^^^^^^
    ...<3 lines>...
    )
    ^
  File "C:\Users\sadik\anaconda3\Lib\site-packages\fastapi\routing.py", line 346, in run_endpoint_function
    return await run_in_threadpool(dependant.call, **values)
           ^^^^^^^^^^^^^^^^^^^^^^^^^^^^^^^^^^^^^^^^^^^^^^^^^
  File "C:\Users\sadik\anaconda3\Lib\site-packages\starlette\concurrency.py", line 34, in run_in_threadpool
    return await anyio.to_thread.run_sync(func)
           ^^^^^^^^^^^^^^^^^^^^^^^^^^^^^^^^^^^^
  File "C:\Users\sadik\anaconda3\Lib\site-packages\anyio\to_thread.py", line 56, in run_sync
    return await get_async_backend().run_sync_in_worker_thread(
           ^^^^^^^^^^^^^^^^^^^^^^^^^^^^^^^^^^^^^^^^^^^^^^^^^^^^
        func, args, abandon_on_cancel=abandon_on_cancel, limiter=limiter
        ^^^^^^^^^^^^^^^^^^^^^^^^^^^^^^^^^^^^^^^^^^^^^^^^^^^^^^^^^^^^^^^^
    )
    ^
  File "C:\Users\sadik\anaconda3\Lib\site-packages\anyio\_backends\_asyncio.py", line 2476, in run_sync_in_worker_thread
    return await future
           ^^^^^^^^^^^^
  File "C:\Users\sadik\anaconda3\Lib\site-packages\anyio\_backends\_asyncio.py", line 967, in run
    result = context.run(func, *args)
  File "C:\Users\sadik\anaconda3\Lib\site-packages\slowapi\extension.py", line 774, in sync_wrapper
    self._inject_headers(
    ~~~~~~~~~~~~~~~~~~~~^
        kwargs.get("response"),
        ^^^^^^^^^^^^^^^^^^^^^^^
        request.state.view_rate_limit,  # type: ignore
        ^^^^^^^^^^^^^^^^^^^^^^^^^^^^^^^^^^^^^^^^^^^^^^
    )
    ^
  File "C:\Users\sadik\anaconda3\Lib\site-packages\slowapi\extension.py", line 383, in _inject_headers
    raise Exception(
        "parameter `response` must be an instance of starlette.responses.Response"
    )
Exception: parameter `response` must be an instance of starlette.responses.Response
2026-07-02 02:40:32,696 | INFO     | IP: - | User: - | watchfiles.main — 3 changes detected
2026-07-02 02:40:45,061 | INFO     | IP: 127.0.0.1 | User: admin | app.security — Action: Connexion de l'utilisateur 'admin' | Résultat: Réussite
2026-07-02 02:40:45,105 | ERROR    | IP: 127.0.0.1 | User: - | app — Action: Transaction base de données | Résultat: Échec (Erreur DB : parameter `response` must be an instance of starlette.responses.Response)
Traceback (most recent call last):
  File "C:\VMs\vbox-zorin-automation\app\database.py", line 22, in get_db
    yield db
  File "C:\Users\sadik\anaconda3\Lib\site-packages\fastapi\concurrency.py", line 29, in contextmanager_in_threadpool
    yield await run_in_threadpool(cm.__enter__)
  File "C:\Users\sadik\anaconda3\Lib\site-packages\fastapi\routing.py", line 136, in app
    response = await f(request)
               ^^^^^^^^^^^^^^^^
  File "C:\Users\sadik\anaconda3\Lib\site-packages\fastapi\routing.py", line 690, in app
    raw_response = await run_endpoint_function(
                   ^^^^^^^^^^^^^^^^^^^^^^^^^^^^
    ...<3 lines>...
    )
    ^
  File "C:\Users\sadik\anaconda3\Lib\site-packages\fastapi\routing.py", line 346, in run_endpoint_function
    return await run_in_threadpool(dependant.call, **values)
           ^^^^^^^^^^^^^^^^^^^^^^^^^^^^^^^^^^^^^^^^^^^^^^^^^
  File "C:\Users\sadik\anaconda3\Lib\site-packages\starlette\concurrency.py", line 34, in run_in_threadpool
    return await anyio.to_thread.run_sync(func)
           ^^^^^^^^^^^^^^^^^^^^^^^^^^^^^^^^^^^^
  File "C:\Users\sadik\anaconda3\Lib\site-packages\anyio\to_thread.py", line 56, in run_sync
    return await get_async_backend().run_sync_in_worker_thread(
           ^^^^^^^^^^^^^^^^^^^^^^^^^^^^^^^^^^^^^^^^^^^^^^^^^^^^
        func, args, abandon_on_cancel=abandon_on_cancel, limiter=limiter
        ^^^^^^^^^^^^^^^^^^^^^^^^^^^^^^^^^^^^^^^^^^^^^^^^^^^^^^^^^^^^^^^^
    )
    ^
  File "C:\Users\sadik\anaconda3\Lib\site-packages\anyio\_backends\_asyncio.py", line 2476, in run_sync_in_worker_thread
    return await future
           ^^^^^^^^^^^^
  File "C:\Users\sadik\anaconda3\Lib\site-packages\anyio\_backends\_asyncio.py", line 967, in run
    result = context.run(func, *args)
  File "C:\Users\sadik\anaconda3\Lib\site-packages\slowapi\extension.py", line 774, in sync_wrapper
    self._inject_headers(
    ~~~~~~~~~~~~~~~~~~~~^
        kwargs.get("response"),
        ^^^^^^^^^^^^^^^^^^^^^^^
        request.state.view_rate_limit,  # type: ignore
        ^^^^^^^^^^^^^^^^^^^^^^^^^^^^^^^^^^^^^^^^^^^^^^
    )
    ^
  File "C:\Users\sadik\anaconda3\Lib\site-packages\slowapi\extension.py", line 383, in _inject_headers
    raise Exception(
        "parameter `response` must be an instance of starlette.responses.Response"
    )
Exception: parameter `response` must be an instance of starlette.responses.Response
2026-07-02 02:40:45,185 | INFO     | IP: - | User: - | watchfiles.main — 3 changes detected
2026-07-02 02:40:45,135 | ERROR    | IP: 127.0.0.1 | User: - | app — Action: Traitement de la requête a échoué (Exception non gérée) | Résultat: parameter `response` must be an instance of starlette.responses.Response
  + Exception Group Traceback (most recent call last):
  |   File "C:\Users\sadik\anaconda3\Lib\site-packages\starlette\_utils.py", line 85, in create_collapsing_task_group
  |     async with anyio.create_task_group() as tg:
  |                ~~~~~~~~~~~~~~~~~~~~~~~^^
  |   File "C:\Users\sadik\anaconda3\Lib\site-packages\anyio\_backends\_asyncio.py", line 772, in __aexit__
  |     raise BaseExceptionGroup(
  |         "unhandled errors in a TaskGroup", self._exceptions
  |     ) from None
  | ExceptionGroup: unhandled errors in a TaskGroup (1 sub-exception)
  +-+---------------- 1 ----------------
    | Traceback (most recent call last):
    |   File "C:\Users\sadik\anaconda3\Lib\site-packages\starlette\middleware\errors.py", line 164, in __call__
    |     await self.app(scope, receive, _send)
    |   File "C:\Users\sadik\anaconda3\Lib\site-packages\starlette\middleware\cors.py", line 96, in __call__
    |     await self.simple_response(scope, receive, send, request_headers=headers)
    |   File "C:\Users\sadik\anaconda3\Lib\site-packages\starlette\middleware\cors.py", line 154, in simple_response
    |     await self.app(scope, receive, send)
    |   File "C:\Users\sadik\anaconda3\Lib\site-packages\starlette\middleware\base.py", line 193, in __call__
    |     response = await self.dispatch_func(request, call_next)
    |                ^^^^^^^^^^^^^^^^^^^^^^^^^^^^^^^^^^^^^^^^^^^^
    |   File "C:\VMs\vbox-zorin-automation\app\main.py", line 102, in log_ip_middleware
    |     response = await call_next(request)
    |                ^^^^^^^^^^^^^^^^^^^^^^^^
    |   File "C:\Users\sadik\anaconda3\Lib\site-packages\starlette\middleware\base.py", line 168, in call_next
    |     raise app_exc from app_exc.__cause__ or app_exc.__context__
    |   File "C:\Users\sadik\anaconda3\Lib\site-packages\starlette\middleware\base.py", line 144, in coro
    |     await self.app(scope, receive_or_disconnect, send_no_error)
    |   File "C:\Users\sadik\anaconda3\Lib\site-packages\starlette\middleware\base.py", line 193, in __call__
    |     response = await self.dispatch_func(request, call_next)
    |                ^^^^^^^^^^^^^^^^^^^^^^^^^^^^^^^^^^^^^^^^^^^^
    |   File "C:\Users\sadik\anaconda3\Lib\site-packages\slowapi\middleware.py", line 128, in dispatch
    |     return await call_next(request)
    |            ^^^^^^^^^^^^^^^^^^^^^^^^
    |   File "C:\Users\sadik\anaconda3\Lib\site-packages\starlette\middleware\base.py", line 168, in call_next
    |     raise app_exc from app_exc.__cause__ or app_exc.__context__
    |   File "C:\Users\sadik\anaconda3\Lib\site-packages\starlette\middleware\base.py", line 144, in coro
    |     await self.app(scope, receive_or_disconnect, send_no_error)
    |   File "C:\Users\sadik\anaconda3\Lib\site-packages\starlette\middleware\exceptions.py", line 63, in __call__
    |     await wrap_app_handling_exceptions(self.app, conn)(scope, receive, send)
    |   File "C:\Users\sadik\anaconda3\Lib\site-packages\starlette\_exception_handler.py", line 53, in wrapped_app
    |     raise exc
    |   File "C:\Users\sadik\anaconda3\Lib\site-packages\starlette\_exception_handler.py", line 42, in wrapped_app
    |     await app(scope, receive, sender)
    |   File "C:\Users\sadik\anaconda3\Lib\site-packages\fastapi\middleware\asyncexitstack.py", line 18, in __call__
    |     await self.app(scope, receive, send)
    |   File "C:\Users\sadik\anaconda3\Lib\site-packages\starlette\routing.py", line 660, in __call__
    |     await self.middleware_stack(scope, receive, send)
    |   File "C:\Users\sadik\anaconda3\Lib\site-packages\fastapi\routing.py", line 2531, in app
    |     await route.handle(scope, receive, send)
    |   File "C:\Users\sadik\anaconda3\Lib\site-packages\fastapi\routing.py", line 1700, in handle
    |     await self.original_router.handle(scope, receive, send)
    |   File "C:\Users\sadik\anaconda3\Lib\site-packages\fastapi\routing.py", line 2586, in handle
    |     await included_router._handle_selected(scope, receive, send)
    |   File "C:\Users\sadik\anaconda3\Lib\site-packages\fastapi\routing.py", line 1720, in _handle_selected
    |     await original_route.handle(scope, receive, send)
    |   File "C:\Users\sadik\anaconda3\Lib\site-packages\fastapi\routing.py", line 1239, in handle
    |     await app(scope, receive, send)
    |   File "C:\Users\sadik\anaconda3\Lib\site-packages\fastapi\routing.py", line 150, in app
    |     await wrap_app_handling_exceptions(app, request)(scope, receive, send)
    |   File "C:\Users\sadik\anaconda3\Lib\site-packages\starlette\_exception_handler.py", line 53, in wrapped_app
    |     raise exc
    |   File "C:\Users\sadik\anaconda3\Lib\site-packages\starlette\_exception_handler.py", line 42, in wrapped_app
    |     await app(scope, receive, sender)
    |   File "C:\Users\sadik\anaconda3\Lib\site-packages\fastapi\routing.py", line 136, in app
    |     response = await f(request)
    |                ^^^^^^^^^^^^^^^^
    |   File "C:\Users\sadik\anaconda3\Lib\site-packages\fastapi\routing.py", line 690, in app
    |     raw_response = await run_endpoint_function(
    |                    ^^^^^^^^^^^^^^^^^^^^^^^^^^^^
    |     ...<3 lines>...
    |     )
    |     ^
    |   File "C:\Users\sadik\anaconda3\Lib\site-packages\fastapi\routing.py", line 346, in run_endpoint_function
    |     return await run_in_threadpool(dependant.call, **values)
    |            ^^^^^^^^^^^^^^^^^^^^^^^^^^^^^^^^^^^^^^^^^^^^^^^^^
    |   File "C:\Users\sadik\anaconda3\Lib\site-packages\starlette\concurrency.py", line 34, in run_in_threadpool
    |     return await anyio.to_thread.run_sync(func)
    |            ^^^^^^^^^^^^^^^^^^^^^^^^^^^^^^^^^^^^
    |   File "C:\Users\sadik\anaconda3\Lib\site-packages\anyio\to_thread.py", line 56, in run_sync
    |     return await get_async_backend().run_sync_in_worker_thread(
    |            ^^^^^^^^^^^^^^^^^^^^^^^^^^^^^^^^^^^^^^^^^^^^^^^^^^^^
    |         func, args, abandon_on_cancel=abandon_on_cancel, limiter=limiter
    |         ^^^^^^^^^^^^^^^^^^^^^^^^^^^^^^^^^^^^^^^^^^^^^^^^^^^^^^^^^^^^^^^^
    |     )
    |     ^
    |   File "C:\Users\sadik\anaconda3\Lib\site-packages\anyio\_backends\_asyncio.py", line 2476, in run_sync_in_worker_thread
    |     return await future
    |            ^^^^^^^^^^^^
    |   File "C:\Users\sadik\anaconda3\Lib\site-packages\anyio\_backends\_asyncio.py", line 967, in run
    |     result = context.run(func, *args)
    |   File "C:\Users\sadik\anaconda3\Lib\site-packages\slowapi\extension.py", line 774, in sync_wrapper
    |     self._inject_headers(
    |     ~~~~~~~~~~~~~~~~~~~~^
    |         kwargs.get("response"),
    |         ^^^^^^^^^^^^^^^^^^^^^^^
    |         request.state.view_rate_limit,  # type: ignore
    |         ^^^^^^^^^^^^^^^^^^^^^^^^^^^^^^^^^^^^^^^^^^^^^^
    |     )
    |     ^
    |   File "C:\Users\sadik\anaconda3\Lib\site-packages\slowapi\extension.py", line 383, in _inject_headers
    |     raise Exception(
    |         "parameter `response` must be an instance of starlette.responses.Response"
    |     )
    | Exception: parameter `response` must be an instance of starlette.responses.Response
    +------------------------------------

The above exception was the direct cause of the following exception:

Traceback (most recent call last):
  File "C:\Users\sadik\anaconda3\Lib\site-packages\starlette\middleware\errors.py", line 164, in __call__
    await self.app(scope, receive, _send)
  File "C:\Users\sadik\anaconda3\Lib\site-packages\starlette\middleware\cors.py", line 96, in __call__
    await self.simple_response(scope, receive, send, request_headers=headers)
  File "C:\Users\sadik\anaconda3\Lib\site-packages\starlette\middleware\cors.py", line 154, in simple_response
    await self.app(scope, receive, send)
  File "C:\Users\sadik\anaconda3\Lib\site-packages\starlette\middleware\base.py", line 193, in __call__
    response = await self.dispatch_func(request, call_next)
               ^^^^^^^^^^^^^^^^^^^^^^^^^^^^^^^^^^^^^^^^^^^^
  File "C:\VMs\vbox-zorin-automation\app\main.py", line 102, in log_ip_middleware
    response = await call_next(request)
               ^^^^^^^^^^^^^^^^^^^^^^^^
  File "C:\Users\sadik\anaconda3\Lib\site-packages\starlette\middleware\base.py", line 168, in call_next
    raise app_exc from app_exc.__cause__ or app_exc.__context__
  File "C:\Users\sadik\anaconda3\Lib\site-packages\starlette\middleware\base.py", line 144, in coro
    await self.app(scope, receive_or_disconnect, send_no_error)
  File "C:\Users\sadik\anaconda3\Lib\site-packages\starlette\middleware\base.py", line 193, in __call__
    response = await self.dispatch_func(request, call_next)
               ^^^^^^^^^^^^^^^^^^^^^^^^^^^^^^^^^^^^^^^^^^^^
  File "C:\Users\sadik\anaconda3\Lib\site-packages\slowapi\middleware.py", line 128, in dispatch
    return await call_next(request)
           ^^^^^^^^^^^^^^^^^^^^^^^^
  File "C:\Users\sadik\anaconda3\Lib\site-packages\starlette\middleware\base.py", line 168, in call_next
    raise app_exc from app_exc.__cause__ or app_exc.__context__
  File "C:\Users\sadik\anaconda3\Lib\site-packages\starlette\middleware\base.py", line 144, in coro
    await self.app(scope, receive_or_disconnect, send_no_error)
  File "C:\Users\sadik\anaconda3\Lib\site-packages\starlette\middleware\exceptions.py", line 63, in __call__
    await wrap_app_handling_exceptions(self.app, conn)(scope, receive, send)
  File "C:\Users\sadik\anaconda3\Lib\site-packages\starlette\_exception_handler.py", line 53, in wrapped_app
    raise exc
  File "C:\Users\sadik\anaconda3\Lib\site-packages\starlette\_exception_handler.py", line 42, in wrapped_app
    await app(scope, receive, sender)
  File "C:\Users\sadik\anaconda3\Lib\site-packages\fastapi\middleware\asyncexitstack.py", line 18, in __call__
    await self.app(scope, receive, send)
  File "C:\Users\sadik\anaconda3\Lib\site-packages\starlette\routing.py", line 660, in __call__
    await self.middleware_stack(scope, receive, send)
  File "C:\Users\sadik\anaconda3\Lib\site-packages\fastapi\routing.py", line 2531, in app
    await route.handle(scope, receive, send)
  File "C:\Users\sadik\anaconda3\Lib\site-packages\fastapi\routing.py", line 1700, in handle
    await self.original_router.handle(scope, receive, send)
  File "C:\Users\sadik\anaconda3\Lib\site-packages\fastapi\routing.py", line 2586, in handle
    await included_router._handle_selected(scope, receive, send)
  File "C:\Users\sadik\anaconda3\Lib\site-packages\fastapi\routing.py", line 1720, in _handle_selected
    await original_route.handle(scope, receive, send)
  File "C:\Users\sadik\anaconda3\Lib\site-packages\fastapi\routing.py", line 1239, in handle
    await app(scope, receive, send)
  File "C:\Users\sadik\anaconda3\Lib\site-packages\fastapi\routing.py", line 150, in app
    await wrap_app_handling_exceptions(app, request)(scope, receive, send)
  File "C:\Users\sadik\anaconda3\Lib\site-packages\starlette\_exception_handler.py", line 53, in wrapped_app
    raise exc
  File "C:\Users\sadik\anaconda3\Lib\site-packages\starlette\_exception_handler.py", line 42, in wrapped_app
    await app(scope, receive, sender)
  File "C:\Users\sadik\anaconda3\Lib\site-packages\fastapi\routing.py", line 136, in app
    response = await f(request)
               ^^^^^^^^^^^^^^^^
  File "C:\Users\sadik\anaconda3\Lib\site-packages\fastapi\routing.py", line 690, in app
    raw_response = await run_endpoint_function(
                   ^^^^^^^^^^^^^^^^^^^^^^^^^^^^
    ...<3 lines>...
    )
    ^
  File "C:\Users\sadik\anaconda3\Lib\site-packages\fastapi\routing.py", line 346, in run_endpoint_function
    return await run_in_threadpool(dependant.call, **values)
           ^^^^^^^^^^^^^^^^^^^^^^^^^^^^^^^^^^^^^^^^^^^^^^^^^
  File "C:\Users\sadik\anaconda3\Lib\site-packages\starlette\concurrency.py", line 34, in run_in_threadpool
    return await anyio.to_thread.run_sync(func)
           ^^^^^^^^^^^^^^^^^^^^^^^^^^^^^^^^^^^^
  File "C:\Users\sadik\anaconda3\Lib\site-packages\anyio\to_thread.py", line 56, in run_sync
    return await get_async_backend().run_sync_in_worker_thread(
           ^^^^^^^^^^^^^^^^^^^^^^^^^^^^^^^^^^^^^^^^^^^^^^^^^^^^
        func, args, abandon_on_cancel=abandon_on_cancel, limiter=limiter
        ^^^^^^^^^^^^^^^^^^^^^^^^^^^^^^^^^^^^^^^^^^^^^^^^^^^^^^^^^^^^^^^^
    )
    ^
  File "C:\Users\sadik\anaconda3\Lib\site-packages\anyio\_backends\_asyncio.py", line 2476, in run_sync_in_worker_thread
    return await future
           ^^^^^^^^^^^^
  File "C:\Users\sadik\anaconda3\Lib\site-packages\anyio\_backends\_asyncio.py", line 967, in run
    result = context.run(func, *args)
  File "C:\Users\sadik\anaconda3\Lib\site-packages\slowapi\extension.py", line 774, in sync_wrapper
    self._inject_headers(
    ~~~~~~~~~~~~~~~~~~~~^
        kwargs.get("response"),
        ^^^^^^^^^^^^^^^^^^^^^^^
        request.state.view_rate_limit,  # type: ignore
        ^^^^^^^^^^^^^^^^^^^^^^^^^^^^^^^^^^^^^^^^^^^^^^
    )
    ^
  File "C:\Users\sadik\anaconda3\Lib\site-packages\slowapi\extension.py", line 383, in _inject_headers
    raise Exception(
        "parameter `response` must be an instance of starlette.responses.Response"
    )
Exception: parameter `response` must be an instance of starlette.responses.Response
2026-07-02 02:43:56,081 | WARNING  | IP: 127.0.0.1 | User: admin@upf.ac.ma | app.security — Action: Connexion de l'utilisateur 'admin@upf.ac.ma' | Résultat: Échec (Identifiants incorrects)
2026-07-02 02:43:56,120 | ERROR    | IP: 127.0.0.1 | User: - | app — Action: Transaction base de données | Résultat: Échec (Erreur DB : 401: Incorrect username or password)
Traceback (most recent call last):
  File "C:\VMs\vbox-zorin-automation\app\database.py", line 22, in get_db
    yield db
  File "C:\Users\sadik\anaconda3\Lib\site-packages\fastapi\concurrency.py", line 29, in contextmanager_in_threadpool
    yield await run_in_threadpool(cm.__enter__)
  File "C:\Users\sadik\anaconda3\Lib\site-packages\fastapi\routing.py", line 136, in app
    response = await f(request)
               ^^^^^^^^^^^^^^^^
  File "C:\Users\sadik\anaconda3\Lib\site-packages\fastapi\routing.py", line 690, in app
    raw_response = await run_endpoint_function(
                   ^^^^^^^^^^^^^^^^^^^^^^^^^^^^
    ...<3 lines>...
    )
    ^
  File "C:\Users\sadik\anaconda3\Lib\site-packages\fastapi\routing.py", line 346, in run_endpoint_function
    return await run_in_threadpool(dependant.call, **values)
           ^^^^^^^^^^^^^^^^^^^^^^^^^^^^^^^^^^^^^^^^^^^^^^^^^
  File "C:\Users\sadik\anaconda3\Lib\site-packages\starlette\concurrency.py", line 34, in run_in_threadpool
    return await anyio.to_thread.run_sync(func)
           ^^^^^^^^^^^^^^^^^^^^^^^^^^^^^^^^^^^^
  File "C:\Users\sadik\anaconda3\Lib\site-packages\anyio\to_thread.py", line 56, in run_sync
    return await get_async_backend().run_sync_in_worker_thread(
           ^^^^^^^^^^^^^^^^^^^^^^^^^^^^^^^^^^^^^^^^^^^^^^^^^^^^
        func, args, abandon_on_cancel=abandon_on_cancel, limiter=limiter
        ^^^^^^^^^^^^^^^^^^^^^^^^^^^^^^^^^^^^^^^^^^^^^^^^^^^^^^^^^^^^^^^^
    )
    ^
  File "C:\Users\sadik\anaconda3\Lib\site-packages\anyio\_backends\_asyncio.py", line 2476, in run_sync_in_worker_thread
    return await future
           ^^^^^^^^^^^^
  File "C:\Users\sadik\anaconda3\Lib\site-packages\anyio\_backends\_asyncio.py", line 967, in run
    result = context.run(func, *args)
  File "C:\Users\sadik\anaconda3\Lib\site-packages\slowapi\extension.py", line 770, in sync_wrapper
    response = func(*args, **kwargs)
  File "C:\VMs\vbox-zorin-automation\app\routers\auth.py", line 139, in login
    raise HTTPException(
    ...<3 lines>...
    )
fastapi.exceptions.HTTPException: 401: Incorrect username or password
2026-07-02 02:43:56,190 | INFO     | IP: - | User: - | watchfiles.main — 3 changes detected
2026-07-02 02:43:57,146 | WARNING  | IP: 127.0.0.1 | User: admin@upf.ac.ma | app.security — Action: Connexion de l'utilisateur 'admin@upf.ac.ma' | Résultat: Échec (Identifiants incorrects)
2026-07-02 02:43:57,245 | ERROR    | IP: 127.0.0.1 | User: - | app — Action: Transaction base de données | Résultat: Échec (Erreur DB : 401: Incorrect username or password)
Traceback (most recent call last):
  File "C:\VMs\vbox-zorin-automation\app\database.py", line 22, in get_db
    yield db
  File "C:\Users\sadik\anaconda3\Lib\site-packages\fastapi\concurrency.py", line 29, in contextmanager_in_threadpool
    yield await run_in_threadpool(cm.__enter__)
  File "C:\Users\sadik\anaconda3\Lib\site-packages\fastapi\routing.py", line 136, in app
    response = await f(request)
               ^^^^^^^^^^^^^^^^
  File "C:\Users\sadik\anaconda3\Lib\site-packages\fastapi\routing.py", line 690, in app
    raw_response = await run_endpoint_function(
                   ^^^^^^^^^^^^^^^^^^^^^^^^^^^^
    ...<3 lines>...
    )
    ^
  File "C:\Users\sadik\anaconda3\Lib\site-packages\fastapi\routing.py", line 346, in run_endpoint_function
    return await run_in_threadpool(dependant.call, **values)
           ^^^^^^^^^^^^^^^^^^^^^^^^^^^^^^^^^^^^^^^^^^^^^^^^^
  File "C:\Users\sadik\anaconda3\Lib\site-packages\starlette\concurrency.py", line 34, in run_in_threadpool
    return await anyio.to_thread.run_sync(func)
           ^^^^^^^^^^^^^^^^^^^^^^^^^^^^^^^^^^^^
  File "C:\Users\sadik\anaconda3\Lib\site-packages\anyio\to_thread.py", line 56, in run_sync
    return await get_async_backend().run_sync_in_worker_thread(
           ^^^^^^^^^^^^^^^^^^^^^^^^^^^^^^^^^^^^^^^^^^^^^^^^^^^^
        func, args, abandon_on_cancel=abandon_on_cancel, limiter=limiter
        ^^^^^^^^^^^^^^^^^^^^^^^^^^^^^^^^^^^^^^^^^^^^^^^^^^^^^^^^^^^^^^^^
    )
    ^
  File "C:\Users\sadik\anaconda3\Lib\site-packages\anyio\_backends\_asyncio.py", line 2476, in run_sync_in_worker_thread
    return await future
           ^^^^^^^^^^^^
  File "C:\Users\sadik\anaconda3\Lib\site-packages\anyio\_backends\_asyncio.py", line 967, in run
    result = context.run(func, *args)
  File "C:\Users\sadik\anaconda3\Lib\site-packages\slowapi\extension.py", line 770, in sync_wrapper
    response = func(*args, **kwargs)
  File "C:\VMs\vbox-zorin-automation\app\routers\auth.py", line 139, in login
    raise HTTPException(
    ...<3 lines>...
    )
fastapi.exceptions.HTTPException: 401: Incorrect username or password
2026-07-02 02:43:57,378 | INFO     | IP: - | User: - | watchfiles.main — 3 changes detected
2026-07-02 02:44:16,076 | INFO     | IP: 127.0.0.1 | User: admin | app.security — Action: Connexion de l'utilisateur 'admin' | Résultat: Réussite
2026-07-02 02:44:16,115 | ERROR    | IP: 127.0.0.1 | User: - | app — Action: Transaction base de données | Résultat: Échec (Erreur DB : parameter `response` must be an instance of starlette.responses.Response)
Traceback (most recent call last):
  File "C:\VMs\vbox-zorin-automation\app\database.py", line 22, in get_db
    yield db
  File "C:\Users\sadik\anaconda3\Lib\site-packages\fastapi\concurrency.py", line 29, in contextmanager_in_threadpool
    yield await run_in_threadpool(cm.__enter__)
  File "C:\Users\sadik\anaconda3\Lib\site-packages\fastapi\routing.py", line 136, in app
    response = await f(request)
               ^^^^^^^^^^^^^^^^
  File "C:\Users\sadik\anaconda3\Lib\site-packages\fastapi\routing.py", line 690, in app
    raw_response = await run_endpoint_function(
                   ^^^^^^^^^^^^^^^^^^^^^^^^^^^^
    ...<3 lines>...
    )
    ^
  File "C:\Users\sadik\anaconda3\Lib\site-packages\fastapi\routing.py", line 346, in run_endpoint_function
    return await run_in_threadpool(dependant.call, **values)
           ^^^^^^^^^^^^^^^^^^^^^^^^^^^^^^^^^^^^^^^^^^^^^^^^^
  File "C:\Users\sadik\anaconda3\Lib\site-packages\starlette\concurrency.py", line 34, in run_in_threadpool
    return await anyio.to_thread.run_sync(func)
           ^^^^^^^^^^^^^^^^^^^^^^^^^^^^^^^^^^^^
  File "C:\Users\sadik\anaconda3\Lib\site-packages\anyio\to_thread.py", line 56, in run_sync
    return await get_async_backend().run_sync_in_worker_thread(
           ^^^^^^^^^^^^^^^^^^^^^^^^^^^^^^^^^^^^^^^^^^^^^^^^^^^^
        func, args, abandon_on_cancel=abandon_on_cancel, limiter=limiter
        ^^^^^^^^^^^^^^^^^^^^^^^^^^^^^^^^^^^^^^^^^^^^^^^^^^^^^^^^^^^^^^^^
    )
    ^
  File "C:\Users\sadik\anaconda3\Lib\site-packages\anyio\_backends\_asyncio.py", line 2476, in run_sync_in_worker_thread
    return await future
           ^^^^^^^^^^^^
  File "C:\Users\sadik\anaconda3\Lib\site-packages\anyio\_backends\_asyncio.py", line 967, in run
    result = context.run(func, *args)
  File "C:\Users\sadik\anaconda3\Lib\site-packages\slowapi\extension.py", line 774, in sync_wrapper
    self._inject_headers(
    ~~~~~~~~~~~~~~~~~~~~^
        kwargs.get("response"),
        ^^^^^^^^^^^^^^^^^^^^^^^
        request.state.view_rate_limit,  # type: ignore
        ^^^^^^^^^^^^^^^^^^^^^^^^^^^^^^^^^^^^^^^^^^^^^^
    )
    ^
  File "C:\Users\sadik\anaconda3\Lib\site-packages\slowapi\extension.py", line 383, in _inject_headers
    raise Exception(
        "parameter `response` must be an instance of starlette.responses.Response"
    )
Exception: parameter `response` must be an instance of starlette.responses.Response
2026-07-02 02:44:16,191 | INFO     | IP: - | User: - | watchfiles.main — 3 changes detected
2026-07-02 02:44:16,145 | ERROR    | IP: 127.0.0.1 | User: - | app — Action: Traitement de la requête a échoué (Exception non gérée) | Résultat: parameter `response` must be an instance of starlette.responses.Response
  + Exception Group Traceback (most recent call last):
  |   File "C:\Users\sadik\anaconda3\Lib\site-packages\starlette\_utils.py", line 85, in create_collapsing_task_group
  |     async with anyio.create_task_group() as tg:
  |                ~~~~~~~~~~~~~~~~~~~~~~~^^
  |   File "C:\Users\sadik\anaconda3\Lib\site-packages\anyio\_backends\_asyncio.py", line 772, in __aexit__
  |     raise BaseExceptionGroup(
  |         "unhandled errors in a TaskGroup", self._exceptions
  |     ) from None
  | ExceptionGroup: unhandled errors in a TaskGroup (1 sub-exception)
  +-+---------------- 1 ----------------
    | Traceback (most recent call last):
    |   File "C:\Users\sadik\anaconda3\Lib\site-packages\starlette\middleware\errors.py", line 164, in __call__
    |     await self.app(scope, receive, _send)
    |   File "C:\Users\sadik\anaconda3\Lib\site-packages\starlette\middleware\cors.py", line 96, in __call__
    |     await self.simple_response(scope, receive, send, request_headers=headers)
    |   File "C:\Users\sadik\anaconda3\Lib\site-packages\starlette\middleware\cors.py", line 154, in simple_response
    |     await self.app(scope, receive, send)
    |   File "C:\Users\sadik\anaconda3\Lib\site-packages\starlette\middleware\base.py", line 193, in __call__
    |     response = await self.dispatch_func(request, call_next)
    |                ^^^^^^^^^^^^^^^^^^^^^^^^^^^^^^^^^^^^^^^^^^^^
    |   File "C:\VMs\vbox-zorin-automation\app\main.py", line 102, in log_ip_middleware
    |     response = await call_next(request)
    |                ^^^^^^^^^^^^^^^^^^^^^^^^
    |   File "C:\Users\sadik\anaconda3\Lib\site-packages\starlette\middleware\base.py", line 168, in call_next
    |     raise app_exc from app_exc.__cause__ or app_exc.__context__
    |   File "C:\Users\sadik\anaconda3\Lib\site-packages\starlette\middleware\base.py", line 144, in coro
    |     await self.app(scope, receive_or_disconnect, send_no_error)
    |   File "C:\Users\sadik\anaconda3\Lib\site-packages\starlette\middleware\base.py", line 193, in __call__
    |     response = await self.dispatch_func(request, call_next)
    |                ^^^^^^^^^^^^^^^^^^^^^^^^^^^^^^^^^^^^^^^^^^^^
    |   File "C:\Users\sadik\anaconda3\Lib\site-packages\slowapi\middleware.py", line 128, in dispatch
    |     return await call_next(request)
    |            ^^^^^^^^^^^^^^^^^^^^^^^^
    |   File "C:\Users\sadik\anaconda3\Lib\site-packages\starlette\middleware\base.py", line 168, in call_next
    |     raise app_exc from app_exc.__cause__ or app_exc.__context__
    |   File "C:\Users\sadik\anaconda3\Lib\site-packages\starlette\middleware\base.py", line 144, in coro
    |     await self.app(scope, receive_or_disconnect, send_no_error)
    |   File "C:\Users\sadik\anaconda3\Lib\site-packages\starlette\middleware\exceptions.py", line 63, in __call__
    |     await wrap_app_handling_exceptions(self.app, conn)(scope, receive, send)
    |   File "C:\Users\sadik\anaconda3\Lib\site-packages\starlette\_exception_handler.py", line 53, in wrapped_app
    |     raise exc
    |   File "C:\Users\sadik\anaconda3\Lib\site-packages\starlette\_exception_handler.py", line 42, in wrapped_app
    |     await app(scope, receive, sender)
    |   File "C:\Users\sadik\anaconda3\Lib\site-packages\fastapi\middleware\asyncexitstack.py", line 18, in __call__
    |     await self.app(scope, receive, send)
    |   File "C:\Users\sadik\anaconda3\Lib\site-packages\starlette\routing.py", line 660, in __call__
    |     await self.middleware_stack(scope, receive, send)
    |   File "C:\Users\sadik\anaconda3\Lib\site-packages\fastapi\routing.py", line 2531, in app
    |     await route.handle(scope, receive, send)
    |   File "C:\Users\sadik\anaconda3\Lib\site-packages\fastapi\routing.py", line 1700, in handle
    |     await self.original_router.handle(scope, receive, send)
    |   File "C:\Users\sadik\anaconda3\Lib\site-packages\fastapi\routing.py", line 2586, in handle
    |     await included_router._handle_selected(scope, receive, send)
    |   File "C:\Users\sadik\anaconda3\Lib\site-packages\fastapi\routing.py", line 1720, in _handle_selected
    |     await original_route.handle(scope, receive, send)
    |   File "C:\Users\sadik\anaconda3\Lib\site-packages\fastapi\routing.py", line 1239, in handle
    |     await app(scope, receive, send)
    |   File "C:\Users\sadik\anaconda3\Lib\site-packages\fastapi\routing.py", line 150, in app
    |     await wrap_app_handling_exceptions(app, request)(scope, receive, send)
    |   File "C:\Users\sadik\anaconda3\Lib\site-packages\starlette\_exception_handler.py", line 53, in wrapped_app
    |     raise exc
    |   File "C:\Users\sadik\anaconda3\Lib\site-packages\starlette\_exception_handler.py", line 42, in wrapped_app
    |     await app(scope, receive, sender)
    |   File "C:\Users\sadik\anaconda3\Lib\site-packages\fastapi\routing.py", line 136, in app
    |     response = await f(request)
    |                ^^^^^^^^^^^^^^^^
    |   File "C:\Users\sadik\anaconda3\Lib\site-packages\fastapi\routing.py", line 690, in app
    |     raw_response = await run_endpoint_function(
    |                    ^^^^^^^^^^^^^^^^^^^^^^^^^^^^
    |     ...<3 lines>...
    |     )
    |     ^
    |   File "C:\Users\sadik\anaconda3\Lib\site-packages\fastapi\routing.py", line 346, in run_endpoint_function
    |     return await run_in_threadpool(dependant.call, **values)
    |            ^^^^^^^^^^^^^^^^^^^^^^^^^^^^^^^^^^^^^^^^^^^^^^^^^
    |   File "C:\Users\sadik\anaconda3\Lib\site-packages\starlette\concurrency.py", line 34, in run_in_threadpool
    |     return await anyio.to_thread.run_sync(func)
    |            ^^^^^^^^^^^^^^^^^^^^^^^^^^^^^^^^^^^^
    |   File "C:\Users\sadik\anaconda3\Lib\site-packages\anyio\to_thread.py", line 56, in run_sync
    |     return await get_async_backend().run_sync_in_worker_thread(
    |            ^^^^^^^^^^^^^^^^^^^^^^^^^^^^^^^^^^^^^^^^^^^^^^^^^^^^
    |         func, args, abandon_on_cancel=abandon_on_cancel, limiter=limiter
    |         ^^^^^^^^^^^^^^^^^^^^^^^^^^^^^^^^^^^^^^^^^^^^^^^^^^^^^^^^^^^^^^^^
    |     )
    |     ^
    |   File "C:\Users\sadik\anaconda3\Lib\site-packages\anyio\_backends\_asyncio.py", line 2476, in run_sync_in_worker_thread
    |     return await future
    |            ^^^^^^^^^^^^
    |   File "C:\Users\sadik\anaconda3\Lib\site-packages\anyio\_backends\_asyncio.py", line 967, in run
    |     result = context.run(func, *args)
    |   File "C:\Users\sadik\anaconda3\Lib\site-packages\slowapi\extension.py", line 774, in sync_wrapper
    |     self._inject_headers(
    |     ~~~~~~~~~~~~~~~~~~~~^
    |         kwargs.get("response"),
    |         ^^^^^^^^^^^^^^^^^^^^^^^
    |         request.state.view_rate_limit,  # type: ignore
    |         ^^^^^^^^^^^^^^^^^^^^^^^^^^^^^^^^^^^^^^^^^^^^^^
    |     )
    |     ^
    |   File "C:\Users\sadik\anaconda3\Lib\site-packages\slowapi\extension.py", line 383, in _inject_headers
    |     raise Exception(
    |         "parameter `response` must be an instance of starlette.responses.Response"
    |     )
    | Exception: parameter `response` must be an instance of starlette.responses.Response
    +------------------------------------

The above exception was the direct cause of the following exception:

Traceback (most recent call last):
  File "C:\Users\sadik\anaconda3\Lib\site-packages\starlette\middleware\errors.py", line 164, in __call__
    await self.app(scope, receive, _send)
  File "C:\Users\sadik\anaconda3\Lib\site-packages\starlette\middleware\cors.py", line 96, in __call__
    await self.simple_response(scope, receive, send, request_headers=headers)
  File "C:\Users\sadik\anaconda3\Lib\site-packages\starlette\middleware\cors.py", line 154, in simple_response
    await self.app(scope, receive, send)
  File "C:\Users\sadik\anaconda3\Lib\site-packages\starlette\middleware\base.py", line 193, in __call__
    response = await self.dispatch_func(request, call_next)
               ^^^^^^^^^^^^^^^^^^^^^^^^^^^^^^^^^^^^^^^^^^^^
  File "C:\VMs\vbox-zorin-automation\app\main.py", line 102, in log_ip_middleware
    response = await call_next(request)
               ^^^^^^^^^^^^^^^^^^^^^^^^
  File "C:\Users\sadik\anaconda3\Lib\site-packages\starlette\middleware\base.py", line 168, in call_next
    raise app_exc from app_exc.__cause__ or app_exc.__context__
  File "C:\Users\sadik\anaconda3\Lib\site-packages\starlette\middleware\base.py", line 144, in coro
    await self.app(scope, receive_or_disconnect, send_no_error)
  File "C:\Users\sadik\anaconda3\Lib\site-packages\starlette\middleware\base.py", line 193, in __call__
    response = await self.dispatch_func(request, call_next)
               ^^^^^^^^^^^^^^^^^^^^^^^^^^^^^^^^^^^^^^^^^^^^
  File "C:\Users\sadik\anaconda3\Lib\site-packages\slowapi\middleware.py", line 128, in dispatch
    return await call_next(request)
           ^^^^^^^^^^^^^^^^^^^^^^^^
  File "C:\Users\sadik\anaconda3\Lib\site-packages\starlette\middleware\base.py", line 168, in call_next
    raise app_exc from app_exc.__cause__ or app_exc.__context__
  File "C:\Users\sadik\anaconda3\Lib\site-packages\starlette\middleware\base.py", line 144, in coro
    await self.app(scope, receive_or_disconnect, send_no_error)
  File "C:\Users\sadik\anaconda3\Lib\site-packages\starlette\middleware\exceptions.py", line 63, in __call__
    await wrap_app_handling_exceptions(self.app, conn)(scope, receive, send)
  File "C:\Users\sadik\anaconda3\Lib\site-packages\starlette\_exception_handler.py", line 53, in wrapped_app
    raise exc
  File "C:\Users\sadik\anaconda3\Lib\site-packages\starlette\_exception_handler.py", line 42, in wrapped_app
    await app(scope, receive, sender)
  File "C:\Users\sadik\anaconda3\Lib\site-packages\fastapi\middleware\asyncexitstack.py", line 18, in __call__
    await self.app(scope, receive, send)
  File "C:\Users\sadik\anaconda3\Lib\site-packages\starlette\routing.py", line 660, in __call__
    await self.middleware_stack(scope, receive, send)
  File "C:\Users\sadik\anaconda3\Lib\site-packages\fastapi\routing.py", line 2531, in app
    await route.handle(scope, receive, send)
  File "C:\Users\sadik\anaconda3\Lib\site-packages\fastapi\routing.py", line 1700, in handle
    await self.original_router.handle(scope, receive, send)
  File "C:\Users\sadik\anaconda3\Lib\site-packages\fastapi\routing.py", line 2586, in handle
    await included_router._handle_selected(scope, receive, send)
  File "C:\Users\sadik\anaconda3\Lib\site-packages\fastapi\routing.py", line 1720, in _handle_selected
    await original_route.handle(scope, receive, send)
  File "C:\Users\sadik\anaconda3\Lib\site-packages\fastapi\routing.py", line 1239, in handle
    await app(scope, receive, send)
  File "C:\Users\sadik\anaconda3\Lib\site-packages\fastapi\routing.py", line 150, in app
    await wrap_app_handling_exceptions(app, request)(scope, receive, send)
  File "C:\Users\sadik\anaconda3\Lib\site-packages\starlette\_exception_handler.py", line 53, in wrapped_app
    raise exc
  File "C:\Users\sadik\anaconda3\Lib\site-packages\starlette\_exception_handler.py", line 42, in wrapped_app
    await app(scope, receive, sender)
  File "C:\Users\sadik\anaconda3\Lib\site-packages\fastapi\routing.py", line 136, in app
    response = await f(request)
               ^^^^^^^^^^^^^^^^
  File "C:\Users\sadik\anaconda3\Lib\site-packages\fastapi\routing.py", line 690, in app
    raw_response = await run_endpoint_function(
                   ^^^^^^^^^^^^^^^^^^^^^^^^^^^^
    ...<3 lines>...
    )
    ^
  File "C:\Users\sadik\anaconda3\Lib\site-packages\fastapi\routing.py", line 346, in run_endpoint_function
    return await run_in_threadpool(dependant.call, **values)
           ^^^^^^^^^^^^^^^^^^^^^^^^^^^^^^^^^^^^^^^^^^^^^^^^^
  File "C:\Users\sadik\anaconda3\Lib\site-packages\starlette\concurrency.py", line 34, in run_in_threadpool
    return await anyio.to_thread.run_sync(func)
           ^^^^^^^^^^^^^^^^^^^^^^^^^^^^^^^^^^^^
  File "C:\Users\sadik\anaconda3\Lib\site-packages\anyio\to_thread.py", line 56, in run_sync
    return await get_async_backend().run_sync_in_worker_thread(
           ^^^^^^^^^^^^^^^^^^^^^^^^^^^^^^^^^^^^^^^^^^^^^^^^^^^^
        func, args, abandon_on_cancel=abandon_on_cancel, limiter=limiter
        ^^^^^^^^^^^^^^^^^^^^^^^^^^^^^^^^^^^^^^^^^^^^^^^^^^^^^^^^^^^^^^^^
    )
    ^
  File "C:\Users\sadik\anaconda3\Lib\site-packages\anyio\_backends\_asyncio.py", line 2476, in run_sync_in_worker_thread
    return await future
           ^^^^^^^^^^^^
  File "C:\Users\sadik\anaconda3\Lib\site-packages\anyio\_backends\_asyncio.py", line 967, in run
    result = context.run(func, *args)
  File "C:\Users\sadik\anaconda3\Lib\site-packages\slowapi\extension.py", line 774, in sync_wrapper
    self._inject_headers(
    ~~~~~~~~~~~~~~~~~~~~^
        kwargs.get("response"),
        ^^^^^^^^^^^^^^^^^^^^^^^
        request.state.view_rate_limit,  # type: ignore
        ^^^^^^^^^^^^^^^^^^^^^^^^^^^^^^^^^^^^^^^^^^^^^^
    )
    ^
  File "C:\Users\sadik\anaconda3\Lib\site-packages\slowapi\extension.py", line 383, in _inject_headers
    raise Exception(
        "parameter `response` must be an instance of starlette.responses.Response"
    )
Exception: parameter `response` must be an instance of starlette.responses.Response
2026-07-02 02:45:35,500 | INFO     | IP: - | User: - | watchfiles.main — 3 changes detected
2026-07-02 02:45:35,868 | INFO     | IP: - | User: - | watchfiles.main — 1 change detected
2026-07-02 02:45:36,225 | INFO     | IP: - | User: - | watchfiles.main — 1 change detected
2026-07-02 02:45:36,633 | INFO     | IP: - | User: - | watchfiles.main — 1 change detected
2026-07-02 02:45:37,039 | INFO     | IP: - | User: - | watchfiles.main — 1 change detected
2026-07-02 02:45:37,512 | INFO     | IP: - | User: - | watchfiles.main — 1 change detected
2026-07-02 02:45:37,874 | INFO     | IP: - | User: - | watchfiles.main — 1 change detected
2026-07-02 02:45:38,286 | INFO     | IP: - | User: - | watchfiles.main — 1 change detected
2026-07-02 02:45:38,710 | INFO     | IP: - | User: - | watchfiles.main — 1 change detected
2026-07-02 02:45:39,133 | INFO     | IP: - | User: - | watchfiles.main — 1 change detected
2026-07-02 02:45:39,502 | INFO     | IP: - | User: - | watchfiles.main — 1 change detected
2026-07-02 02:45:39,962 | INFO     | IP: - | User: - | watchfiles.main — 1 change detected
2026-07-02 02:45:40,327 | INFO     | IP: - | User: - | watchfiles.main — 1 change detected
2026-07-02 02:45:40,739 | INFO     | IP: - | User: - | watchfiles.main — 1 change detected
2026-07-02 02:45:41,147 | INFO     | IP: - | User: - | watchfiles.main — 1 change detected
2026-07-02 02:45:41,554 | INFO     | IP: - | User: - | watchfiles.main — 1 change detected
2026-07-02 02:45:41,959 | INFO     | IP: - | User: - | watchfiles.main — 1 change detected
2026-07-02 02:45:42,364 | INFO     | IP: - | User: - | watchfiles.main — 1 change detected
2026-07-02 02:45:42,770 | INFO     | IP: - | User: - | watchfiles.main — 1 change detected
2026-07-02 02:45:43,175 | INFO     | IP: - | User: - | watchfiles.main — 1 change detected
2026-07-02 02:45:43,583 | INFO     | IP: - | User: - | watchfiles.main — 1 change detected
2026-07-02 02:45:44,051 | INFO     | IP: - | User: - | watchfiles.main — 1 change detected
2026-07-02 02:45:44,455 | INFO     | IP: - | User: - | watchfiles.main — 1 change detected
2026-07-02 02:45:44,862 | INFO     | IP: - | User: - | watchfiles.main — 1 change detected
2026-07-02 02:45:45,268 | INFO     | IP: - | User: - | watchfiles.main — 1 change detected
2026-07-02 02:45:45,674 | INFO     | IP: - | User: - | watchfiles.main — 1 change detected
2026-07-02 02:45:46,081 | INFO     | IP: - | User: - | watchfiles.main — 1 change detected
2026-07-02 02:45:46,485 | INFO     | IP: - | User: - | watchfiles.main — 1 change detected
2026-07-02 02:45:46,891 | INFO     | IP: - | User: - | watchfiles.main — 1 change detected
2026-07-02 02:45:47,299 | INFO     | IP: - | User: - | watchfiles.main — 1 change detected
2026-07-02 02:45:47,705 | INFO     | IP: - | User: - | watchfiles.main — 1 change detected
2026-07-02 02:45:48,110 | INFO     | IP: - | User: - | watchfiles.main — 1 change detected
2026-07-02 02:45:48,518 | INFO     | IP: - | User: - | watchfiles.main — 1 change detected
2026-07-02 02:45:48,924 | INFO     | IP: - | User: - | watchfiles.main — 1 change detected
2026-07-02 02:45:49,331 | INFO     | IP: - | User: - | watchfiles.main — 1 change detected
2026-07-02 02:45:49,738 | INFO     | IP: - | User: - | watchfiles.main — 1 change detected
2026-07-02 02:45:50,145 | INFO     | IP: - | User: - | watchfiles.main — 1 change detected
2026-07-02 02:45:50,550 | INFO     | IP: - | User: - | watchfiles.main — 1 change detected
2026-07-02 02:45:50,917 | INFO     | IP: - | User: - | watchfiles.main — 1 change detected
2026-07-02 02:45:51,326 | INFO     | IP: - | User: - | watchfiles.main — 1 change detected
2026-07-02 02:45:51,736 | INFO     | IP: - | User: - | watchfiles.main — 1 change detected
2026-07-02 02:45:52,140 | INFO     | IP: - | User: - | watchfiles.main — 1 change detected
2026-07-02 02:45:52,546 | INFO     | IP: - | User: - | watchfiles.main — 1 change detected
2026-07-02 02:45:52,952 | INFO     | IP: - | User: - | watchfiles.main — 1 change detected
2026-07-02 02:45:53,370 | INFO     | IP: - | User: - | watchfiles.main — 1 change detected
2026-07-02 02:45:53,776 | INFO     | IP: - | User: - | watchfiles.main — 1 change detected
2026-07-02 02:45:54,181 | INFO     | IP: - | User: - | watchfiles.main — 1 change detected
2026-07-02 02:45:54,586 | INFO     | IP: - | User: - | watchfiles.main — 1 change detected
2026-07-02 02:45:54,992 | INFO     | IP: - | User: - | watchfiles.main — 1 change detected
2026-07-02 02:45:55,397 | INFO     | IP: - | User: - | watchfiles.main — 1 change detected
2026-07-02 02:45:55,805 | INFO     | IP: - | User: - | watchfiles.main — 1 change detected
2026-07-02 02:45:56,226 | INFO     | IP: - | User: - | watchfiles.main — 1 change detected
2026-07-02 02:45:56,632 | INFO     | IP: - | User: - | watchfiles.main — 1 change detected
2026-07-02 02:45:57,037 | INFO     | IP: - | User: - | watchfiles.main — 1 change detected
2026-07-02 02:45:57,444 | INFO     | IP: - | User: - | watchfiles.main — 1 change detected
2026-07-02 02:45:57,850 | INFO     | IP: - | User: - | watchfiles.main — 1 change detected
2026-07-02 02:45:58,257 | INFO     | IP: - | User: - | watchfiles.main — 1 change detected
2026-07-02 02:45:58,666 | INFO     | IP: - | User: - | watchfiles.main — 1 change detected
2026-07-02 02:45:59,034 | INFO     | IP: - | User: - | watchfiles.main — 1 change detected
2026-07-02 02:45:59,441 | INFO     | IP: - | User: - | watchfiles.main — 1 change detected
2026-07-02 02:45:59,847 | INFO     | IP: - | User: - | watchfiles.main — 1 change detected
2026-07-02 02:46:00,256 | INFO     | IP: - | User: - | watchfiles.main — 1 change detected
2026-07-02 02:46:00,660 | INFO     | IP: - | User: - | watchfiles.main — 1 change detected
2026-07-02 02:46:01,079 | INFO     | IP: - | User: - | watchfiles.main — 1 change detected
2026-07-02 02:46:01,484 | INFO     | IP: - | User: - | watchfiles.main — 1 change detected
2026-07-02 02:46:01,890 | INFO     | IP: - | User: - | watchfiles.main — 1 change detected
2026-07-02 02:46:02,306 | INFO     | IP: - | User: - | watchfiles.main — 1 change detected
2026-07-02 02:46:02,713 | INFO     | IP: - | User: - | watchfiles.main — 1 change detected
2026-07-02 02:46:03,119 | INFO     | IP: - | User: - | watchfiles.main — 1 change detected
2026-07-02 02:46:03,488 | INFO     | IP: - | User: - | watchfiles.main — 1 change detected
2026-07-02 02:46:03,898 | INFO     | IP: - | User: - | watchfiles.main — 1 change detected
2026-07-02 02:46:04,304 | INFO     | IP: - | User: - | watchfiles.main — 1 change detected
2026-07-02 02:46:04,713 | INFO     | IP: - | User: - | watchfiles.main — 1 change detected
2026-07-02 02:46:05,130 | INFO     | IP: - | User: - | watchfiles.main — 1 change detected
2026-07-02 02:46:05,536 | INFO     | IP: - | User: - | watchfiles.main — 1 change detected
2026-07-02 02:46:05,943 | INFO     | IP: - | User: - | watchfiles.main — 1 change detected
2026-07-02 02:46:06,351 | INFO     | IP: - | User: - | watchfiles.main — 1 change detected
2026-07-02 02:46:06,755 | INFO     | IP: - | User: - | watchfiles.main — 1 change detected
2026-07-02 02:46:07,175 | INFO     | IP: - | User: - | watchfiles.main — 1 change detected
2026-07-02 02:46:07,544 | INFO     | IP: - | User: - | watchfiles.main — 1 change detected
2026-07-02 02:46:07,955 | INFO     | IP: - | User: - | watchfiles.main — 1 change detected
2026-07-02 02:46:08,363 | INFO     | IP: - | User: - | watchfiles.main — 1 change detected
2026-07-02 02:46:08,767 | INFO     | IP: - | User: - | watchfiles.main — 1 change detected
2026-07-02 02:46:09,174 | INFO     | IP: - | User: - | watchfiles.main — 1 change detected
2026-07-02 02:46:09,582 | INFO     | IP: - | User: - | watchfiles.main — 1 change detected
2026-07-02 02:46:09,989 | INFO     | IP: - | User: - | watchfiles.main — 1 change detected
2026-07-02 02:46:10,395 | INFO     | IP: - | User: - | watchfiles.main — 1 change detected
2026-07-02 02:46:10,812 | INFO     | IP: - | User: - | watchfiles.main — 1 change detected
2026-07-02 02:46:11,219 | INFO     | IP: - | User: - | watchfiles.main — 1 change detected
2026-07-02 02:46:11,635 | INFO     | IP: - | User: - | watchfiles.main — 1 change detected
2026-07-02 02:46:12,040 | INFO     | IP: - | User: - | watchfiles.main — 1 change detected
2026-07-02 02:46:12,444 | INFO     | IP: - | User: - | watchfiles.main — 1 change detected
2026-07-02 02:46:12,851 | INFO     | IP: - | User: - | watchfiles.main — 1 change detected
2026-07-02 02:46:13,256 | INFO     | IP: - | User: - | watchfiles.main — 1 change detected
2026-07-02 02:46:13,661 | INFO     | IP: - | User: - | watchfiles.main — 1 change detected
2026-07-02 02:46:14,065 | INFO     | IP: - | User: - | watchfiles.main — 1 change detected
2026-07-02 02:46:14,471 | INFO     | IP: - | User: - | watchfiles.main — 1 change detected
2026-07-02 02:46:14,876 | INFO     | IP: - | User: - | watchfiles.main — 1 change detected
2026-07-02 02:46:15,280 | INFO     | IP: - | User: - | watchfiles.main — 1 change detected
2026-07-02 02:46:15,689 | INFO     | IP: - | User: - | watchfiles.main — 1 change detected
2026-07-02 02:46:16,156 | INFO     | IP: - | User: - | watchfiles.main — 1 change detected
2026-07-02 02:46:16,515 | INFO     | IP: - | User: - | watchfiles.main — 1 change detected
2026-07-02 02:46:16,870 | INFO     | IP: - | User: - | watchfiles.main — 1 change detected
2026-07-02 02:46:17,233 | INFO     | IP: - | User: - | watchfiles.main — 1 change detected
2026-07-02 02:46:17,590 | INFO     | IP: - | User: - | watchfiles.main — 1 change detected
2026-07-02 02:46:17,956 | INFO     | IP: - | User: - | watchfiles.main — 1 change detected
2026-07-02 02:46:18,323 | INFO     | IP: - | User: - | watchfiles.main — 1 change detected
2026-07-02 02:46:18,734 | INFO     | IP: - | User: - | watchfiles.main — 1 change detected
2026-07-02 02:46:19,147 | INFO     | IP: - | User: - | watchfiles.main — 1 change detected
2026-07-02 02:46:19,562 | INFO     | IP: - | User: - | watchfiles.main — 1 change detected
2026-07-02 02:46:19,968 | INFO     | IP: - | User: - | watchfiles.main — 1 change detected
2026-07-02 02:46:20,373 | INFO     | IP: - | User: - | watchfiles.main — 1 change detected
2026-07-02 02:46:20,791 | INFO     | IP: - | User: - | watchfiles.main — 1 change detected
2026-07-02 02:46:21,200 | INFO     | IP: - | User: - | watchfiles.main — 1 change detected
2026-07-02 02:46:21,606 | INFO     | IP: - | User: - | watchfiles.main — 1 change detected
2026-07-02 02:46:22,019 | INFO     | IP: - | User: - | watchfiles.main — 1 change detected
2026-07-02 02:46:22,474 | INFO     | IP: - | User: - | watchfiles.main — 1 change detected
2026-07-02 02:46:22,896 | INFO     | IP: - | User: - | watchfiles.main — 1 change detected
2026-07-02 02:46:23,403 | INFO     | IP: - | User: - | watchfiles.main — 1 change detected
2026-07-02 02:46:23,822 | INFO     | IP: - | User: - | watchfiles.main — 1 change detected
2026-07-02 02:46:24,231 | INFO     | IP: - | User: - | watchfiles.main — 1 change detected
2026-07-02 02:46:24,650 | INFO     | IP: - | User: - | watchfiles.main — 1 change detected
2026-07-02 02:46:25,094 | INFO     | IP: - | User: - | watchfiles.main — 1 change detected
2026-07-02 02:46:25,471 | INFO     | IP: - | User: - | watchfiles.main — 1 change detected
2026-07-02 02:46:26,008 | INFO     | IP: - | User: - | watchfiles.main — 1 change detected
2026-07-02 02:46:26,688 | INFO     | IP: - | User: - | watchfiles.main — 1 change detected
2026-07-02 02:46:28,172 | INFO     | IP: - | User: - | watchfiles.main — 1 change detected
2026-07-02 02:46:28,538 | INFO     | IP: - | User: - | watchfiles.main — 1 change detected
2026-07-02 02:46:28,892 | INFO     | IP: - | User: - | watchfiles.main — 1 change detected
2026-07-02 02:46:29,312 | INFO     | IP: - | User: - | watchfiles.main — 1 change detected
2026-07-02 02:46:29,722 | INFO     | IP: - | User: - | watchfiles.main — 1 change detected
2026-07-02 02:46:30,129 | INFO     | IP: - | User: - | watchfiles.main — 1 change detected
2026-07-02 02:46:30,536 | INFO     | IP: - | User: - | watchfiles.main — 1 change detected
2026-07-02 02:46:30,938 | INFO     | IP: - | User: - | watchfiles.main — 1 change detected
2026-07-02 02:46:31,292 | INFO     | IP: - | User: - | watchfiles.main — 1 change detected
2026-07-02 02:46:31,650 | INFO     | IP: - | User: - | watchfiles.main — 1 change detected
2026-07-02 02:46:32,009 | INFO     | IP: - | User: - | watchfiles.main — 1 change detected
2026-07-02 02:46:32,369 | INFO     | IP: - | User: - | watchfiles.main — 1 change detected
2026-07-02 02:46:32,730 | INFO     | IP: - | User: - | watchfiles.main — 1 change detected
2026-07-02 02:46:33,092 | INFO     | IP: - | User: - | watchfiles.main — 1 change detected
2026-07-02 02:46:33,502 | INFO     | IP: - | User: - | watchfiles.main — 1 change detected
2026-07-02 02:46:33,909 | INFO     | IP: - | User: - | watchfiles.main — 1 change detected
2026-07-02 02:46:34,314 | INFO     | IP: - | User: - | watchfiles.main — 1 change detected
2026-07-02 02:46:34,723 | INFO     | IP: - | User: - | watchfiles.main — 1 change detected
2026-07-02 02:46:35,080 | INFO     | IP: - | User: - | watchfiles.main — 1 change detected
2026-07-02 02:46:35,493 | INFO     | IP: - | User: - | watchfiles.main — 1 change detected
2026-07-02 02:46:35,901 | INFO     | IP: - | User: - | watchfiles.main — 1 change detected
2026-07-02 02:46:36,307 | INFO     | IP: - | User: - | watchfiles.main — 1 change detected
2026-07-02 02:46:36,667 | INFO     | IP: - | User: - | watchfiles.main — 1 change detected
2026-07-02 02:46:37,126 | INFO     | IP: - | User: - | watchfiles.main — 1 change detected
2026-07-02 02:46:37,491 | INFO     | IP: - | User: - | watchfiles.main — 1 change detected
2026-07-02 02:46:37,907 | INFO     | IP: - | User: - | watchfiles.main — 1 change detected
2026-07-02 02:46:38,317 | INFO     | IP: - | User: - | watchfiles.main — 1 change detected
2026-07-02 02:46:38,677 | INFO     | IP: - | User: - | watchfiles.main — 1 change detected
2026-07-02 02:46:39,094 | INFO     | IP: - | User: - | watchfiles.main — 1 change detected
2026-07-02 02:46:39,499 | INFO     | IP: - | User: - | watchfiles.main — 1 change detected
2026-07-02 02:46:39,916 | INFO     | IP: - | User: - | watchfiles.main — 1 change detected
2026-07-02 02:46:40,320 | INFO     | IP: - | User: - | watchfiles.main — 1 change detected
2026-07-02 02:46:40,727 | INFO     | IP: - | User: - | watchfiles.main — 1 change detected
2026-07-02 02:46:41,131 | INFO     | IP: - | User: - | watchfiles.main — 1 change detected
2026-07-02 02:46:41,537 | INFO     | IP: - | User: - | watchfiles.main — 1 change detected
2026-07-02 02:46:41,906 | INFO     | IP: - | User: - | watchfiles.main — 1 change detected
2026-07-02 02:46:42,315 | INFO     | IP: - | User: - | watchfiles.main — 1 change detected
2026-07-02 02:46:42,722 | INFO     | IP: - | User: - | watchfiles.main — 1 change detected
2026-07-02 02:46:43,177 | INFO     | IP: - | User: - | watchfiles.main — 1 change detected
2026-07-02 02:46:43,542 | INFO     | IP: - | User: - | watchfiles.main — 1 change detected
2026-07-02 02:46:43,950 | INFO     | IP: - | User: - | watchfiles.main — 1 change detected
2026-07-02 02:46:44,356 | INFO     | IP: - | User: - | watchfiles.main — 1 change detected
2026-07-02 02:46:44,762 | INFO     | IP: - | User: - | watchfiles.main — 1 change detected
2026-07-02 02:46:45,169 | INFO     | IP: - | User: - | watchfiles.main — 1 change detected
2026-07-02 02:46:45,573 | INFO     | IP: - | User: - | watchfiles.main — 1 change detected
2026-07-02 02:46:45,979 | INFO     | IP: - | User: - | watchfiles.main — 1 change detected
2026-07-02 02:46:46,389 | INFO     | IP: - | User: - | watchfiles.main — 1 change detected
2026-07-02 02:46:46,749 | INFO     | IP: - | User: - | watchfiles.main — 1 change detected
2026-07-02 02:46:47,157 | INFO     | IP: - | User: - | watchfiles.main — 1 change detected
2026-07-02 02:46:47,565 | INFO     | IP: - | User: - | watchfiles.main — 1 change detected
2026-07-02 02:46:47,971 | INFO     | IP: - | User: - | watchfiles.main — 1 change detected
2026-07-02 02:46:48,377 | INFO     | IP: - | User: - | watchfiles.main — 1 change detected
2026-07-02 02:46:48,781 | INFO     | IP: - | User: - | watchfiles.main — 1 change detected
2026-07-02 02:46:49,186 | INFO     | IP: - | User: - | watchfiles.main — 1 change detected
2026-07-02 02:46:49,589 | INFO     | IP: - | User: - | watchfiles.main — 1 change detected
2026-07-02 02:46:49,995 | INFO     | IP: - | User: - | watchfiles.main — 1 change detected
2026-07-02 02:46:50,399 | INFO     | IP: - | User: - | watchfiles.main — 1 change detected
2026-07-02 02:46:50,804 | INFO     | IP: - | User: - | watchfiles.main — 1 change detected
2026-07-02 02:46:51,223 | INFO     | IP: - | User: - | watchfiles.main — 1 change detected
2026-07-02 02:46:51,631 | INFO     | IP: - | User: - | watchfiles.main — 1 change detected
2026-07-02 02:46:52,038 | INFO     | IP: - | User: - | watchfiles.main — 1 change detected
2026-07-02 02:46:52,444 | INFO     | IP: - | User: - | watchfiles.main — 1 change detected
2026-07-02 02:46:52,852 | INFO     | IP: - | User: - | watchfiles.main — 1 change detected
2026-07-02 02:46:53,258 | INFO     | IP: - | User: - | watchfiles.main — 1 change detected
2026-07-02 02:46:53,666 | INFO     | IP: - | User: - | watchfiles.main — 1 change detected
2026-07-02 02:46:54,085 | INFO     | IP: - | User: - | watchfiles.main — 1 change detected
2026-07-02 02:46:54,491 | INFO     | IP: - | User: - | watchfiles.main — 1 change detected
2026-07-02 02:46:54,896 | INFO     | IP: - | User: - | watchfiles.main — 1 change detected
2026-07-02 02:46:55,302 | INFO     | IP: - | User: - | watchfiles.main — 1 change detected
2026-07-02 02:46:55,661 | INFO     | IP: - | User: - | watchfiles.main — 1 change detected
2026-07-02 02:46:56,073 | INFO     | IP: - | User: - | watchfiles.main — 1 change detected
2026-07-02 02:46:56,478 | INFO     | IP: - | User: - | watchfiles.main — 1 change detected
2026-07-02 02:46:56,882 | INFO     | IP: - | User: - | watchfiles.main — 1 change detected
2026-07-02 02:46:57,301 | INFO     | IP: - | User: - | watchfiles.main — 1 change detected
2026-07-02 02:46:57,705 | INFO     | IP: - | User: - | watchfiles.main — 1 change detected
2026-07-02 02:46:58,140 | INFO     | IP: - | User: - | watchfiles.main — 1 change detected
2026-07-02 02:46:58,503 | INFO     | IP: - | User: - | watchfiles.main — 1 change detected
2026-07-02 02:46:58,864 | INFO     | IP: - | User: - | watchfiles.main — 1 change detected
2026-07-02 02:46:59,227 | INFO     | IP: - | User: - | watchfiles.main — 1 change detected
2026-07-02 02:46:59,585 | INFO     | IP: - | User: - | watchfiles.main — 1 change detected
2026-07-02 02:46:59,943 | INFO     | IP: - | User: - | watchfiles.main — 1 change detected
2026-07-02 02:47:00,304 | INFO     | IP: - | User: - | watchfiles.main — 1 change detected
2026-07-02 02:47:00,713 | INFO     | IP: - | User: - | watchfiles.main — 1 change detected
2026-07-02 02:47:01,118 | INFO     | IP: - | User: - | watchfiles.main — 1 change detected
2026-07-02 02:47:01,524 | INFO     | IP: - | User: - | watchfiles.main — 1 change detected
2026-07-02 02:47:01,929 | INFO     | IP: - | User: - | watchfiles.main — 1 change detected
2026-07-02 02:47:02,332 | INFO     | IP: - | User: - | watchfiles.main — 1 change detected
2026-07-02 02:47:02,739 | INFO     | IP: - | User: - | watchfiles.main — 1 change detected
2026-07-02 02:47:03,144 | INFO     | IP: - | User: - | watchfiles.main — 1 change detected
2026-07-02 02:47:03,550 | INFO     | IP: - | User: - | watchfiles.main — 1 change detected
2026-07-02 02:47:03,954 | INFO     | IP: - | User: - | watchfiles.main — 1 change detected
2026-07-02 02:47:04,358 | INFO     | IP: - | User: - | watchfiles.main — 1 change detected
2026-07-02 02:47:04,762 | INFO     | IP: - | User: - | watchfiles.main — 1 change detected
2026-07-02 02:47:05,167 | INFO     | IP: - | User: - | watchfiles.main — 1 change detected
2026-07-02 02:47:05,573 | INFO     | IP: - | User: - | watchfiles.main — 1 change detected
2026-07-02 02:47:05,979 | INFO     | IP: - | User: - | watchfiles.main — 1 change detected
2026-07-02 02:47:06,383 | INFO     | IP: - | User: - | watchfiles.main — 1 change detected
2026-07-02 02:47:06,788 | INFO     | IP: - | User: - | watchfiles.main — 1 change detected
2026-07-02 02:47:07,193 | INFO     | IP: - | User: - | watchfiles.main — 1 change detected
2026-07-02 02:47:07,609 | INFO     | IP: - | User: - | watchfiles.main — 1 change detected
2026-07-02 02:47:07,977 | INFO     | IP: - | User: - | watchfiles.main — 1 change detected
2026-07-02 02:47:08,437 | INFO     | IP: - | User: - | watchfiles.main — 1 change detected
2026-07-02 02:47:08,801 | INFO     | IP: - | User: - | watchfiles.main — 1 change detected
2026-07-02 02:47:09,210 | INFO     | IP: - | User: - | watchfiles.main — 1 change detected
2026-07-02 02:47:09,615 | INFO     | IP: - | User: - | watchfiles.main — 1 change detected
2026-07-02 02:47:10,022 | INFO     | IP: - | User: - | watchfiles.main — 1 change detected
2026-07-02 02:47:10,428 | INFO     | IP: - | User: - | watchfiles.main — 1 change detected
2026-07-02 02:47:10,834 | INFO     | IP: - | User: - | watchfiles.main — 1 change detected
2026-07-02 02:47:11,241 | INFO     | IP: - | User: - | watchfiles.main — 1 change detected
2026-07-02 02:47:11,649 | INFO     | IP: - | User: - | watchfiles.main — 1 change detected
2026-07-02 02:47:12,061 | INFO     | IP: - | User: - | watchfiles.main — 1 change detected
2026-07-02 02:47:12,468 | INFO     | IP: - | User: - | watchfiles.main — 1 change detected
2026-07-02 02:47:12,880 | INFO     | IP: - | User: - | watchfiles.main — 1 change detected
2026-07-02 02:47:13,287 | INFO     | IP: - | User: - | watchfiles.main — 1 change detected
2026-07-02 02:47:13,696 | INFO     | IP: - | User: - | watchfiles.main — 1 change detected
2026-07-02 02:47:14,105 | INFO     | IP: - | User: - | watchfiles.main — 1 change detected
2026-07-02 02:47:14,510 | INFO     | IP: - | User: - | watchfiles.main — 1 change detected
2026-07-02 02:47:14,915 | INFO     | IP: - | User: - | watchfiles.main — 1 change detected
2026-07-02 02:47:15,320 | INFO     | IP: - | User: - | watchfiles.main — 1 change detected
2026-07-02 02:47:15,727 | INFO     | IP: - | User: - | watchfiles.main — 1 change detected
2026-07-02 02:47:16,131 | INFO     | IP: - | User: - | watchfiles.main — 1 change detected
2026-07-02 02:47:16,537 | INFO     | IP: - | User: - | watchfiles.main — 1 change detected
2026-07-02 02:47:16,943 | INFO     | IP: - | User: - | watchfiles.main — 1 change detected
2026-07-02 02:47:17,350 | INFO     | IP: - | User: - | watchfiles.main — 1 change detected
2026-07-02 02:47:17,718 | INFO     | IP: - | User: - | watchfiles.main — 1 change detected
2026-07-02 02:47:18,126 | INFO     | IP: - | User: - | watchfiles.main — 1 change detected
2026-07-02 02:47:18,531 | INFO     | IP: - | User: - | watchfiles.main — 1 change detected
2026-07-02 02:47:18,936 | INFO     | IP: - | User: - | watchfiles.main — 1 change detected
2026-07-02 02:47:19,342 | INFO     | IP: - | User: - | watchfiles.main — 1 change detected
2026-07-02 02:47:19,760 | INFO     | IP: - | User: - | watchfiles.main — 1 change detected
2026-07-02 02:47:20,128 | INFO     | IP: - | User: - | watchfiles.main — 1 change detected
2026-07-02 02:47:20,536 | INFO     | IP: - | User: - | watchfiles.main — 1 change detected
2026-07-02 02:47:20,941 | INFO     | IP: - | User: - | watchfiles.main — 1 change detected
2026-07-02 02:47:21,346 | INFO     | IP: - | User: - | watchfiles.main — 1 change detected
2026-07-02 02:47:21,750 | INFO     | IP: - | User: - | watchfiles.main — 1 change detected
2026-07-02 02:47:22,155 | INFO     | IP: - | User: - | watchfiles.main — 1 change detected
2026-07-02 02:47:22,558 | INFO     | IP: - | User: - | watchfiles.main — 1 change detected
2026-07-02 02:47:22,967 | INFO     | IP: - | User: - | watchfiles.main — 1 change detected
2026-07-02 02:47:23,372 | INFO     | IP: - | User: - | watchfiles.main — 1 change detected
2026-07-02 02:47:23,780 | INFO     | IP: - | User: - | watchfiles.main — 1 change detected
2026-07-02 02:47:24,186 | INFO     | IP: - | User: - | watchfiles.main — 1 change detected
2026-07-02 02:47:24,612 | INFO     | IP: - | User: - | watchfiles.main — 1 change detected
2026-07-02 02:47:25,046 | INFO     | IP: - | User: - | watchfiles.main — 1 change detected
2026-07-02 02:47:25,415 | INFO     | IP: - | User: - | watchfiles.main — 1 change detected
2026-07-02 02:47:25,832 | INFO     | IP: - | User: - | watchfiles.main — 1 change detected
2026-07-02 02:47:26,287 | INFO     | IP: - | User: - | watchfiles.main — 1 change detected
2026-07-02 02:47:26,651 | INFO     | IP: - | User: - | watchfiles.main — 1 change detected
2026-07-02 02:47:27,112 | INFO     | IP: - | User: - | watchfiles.main — 1 change detected
2026-07-02 02:47:27,530 | INFO     | IP: - | User: - | watchfiles.main — 1 change detected
2026-07-02 02:47:27,939 | INFO     | IP: - | User: - | watchfiles.main — 1 change detected
2026-07-02 02:47:28,359 | INFO     | IP: - | User: - | watchfiles.main — 1 change detected
2026-07-02 02:47:28,783 | INFO     | IP: - | User: - | watchfiles.main — 1 change detected
2026-07-02 02:47:29,209 | INFO     | IP: - | User: - | watchfiles.main — 1 change detected
2026-07-02 02:47:29,624 | INFO     | IP: - | User: - | watchfiles.main — 1 change detected
2026-07-02 02:47:30,083 | INFO     | IP: - | User: - | watchfiles.main — 1 change detected
2026-07-02 02:47:30,449 | INFO     | IP: - | User: - | watchfiles.main — 1 change detected
2026-07-02 02:47:30,861 | INFO     | IP: - | User: - | watchfiles.main — 1 change detected
2026-07-02 02:47:31,279 | INFO     | IP: - | User: - | watchfiles.main — 1 change detected
2026-07-02 02:47:31,684 | INFO     | IP: - | User: - | watchfiles.main — 1 change detected
2026-07-02 02:47:32,092 | INFO     | IP: - | User: - | watchfiles.main — 1 change detected
2026-07-02 02:47:32,497 | INFO     | IP: - | User: - | watchfiles.main — 1 change detected
2026-07-02 02:47:32,901 | INFO     | IP: - | User: - | watchfiles.main — 1 change detected
2026-07-02 02:47:33,311 | INFO     | IP: - | User: - | watchfiles.main — 1 change detected
2026-07-02 02:47:33,716 | INFO     | IP: - | User: - | watchfiles.main — 1 change detected
2026-07-02 02:47:34,122 | INFO     | IP: - | User: - | watchfiles.main — 1 change detected
2026-07-02 02:47:34,528 | INFO     | IP: - | User: - | watchfiles.main — 1 change detected
2026-07-02 02:47:34,935 | INFO     | IP: - | User: - | watchfiles.main — 1 change detected
2026-07-02 02:47:35,340 | INFO     | IP: - | User: - | watchfiles.main — 1 change detected
2026-07-02 02:47:35,748 | INFO     | IP: - | User: - | watchfiles.main — 1 change detected
2026-07-02 02:47:36,115 | INFO     | IP: - | User: - | watchfiles.main — 1 change detected
2026-07-02 02:47:36,526 | INFO     | IP: - | User: - | watchfiles.main — 1 change detected
2026-07-02 02:47:36,931 | INFO     | IP: - | User: - | watchfiles.main — 1 change detected
2026-07-02 02:47:37,350 | INFO     | IP: - | User: - | watchfiles.main — 1 change detected
2026-07-02 02:47:37,757 | INFO     | IP: - | User: - | watchfiles.main — 1 change detected
2026-07-02 02:47:38,164 | INFO     | IP: - | User: - | watchfiles.main — 1 change detected
2026-07-02 02:47:38,582 | INFO     | IP: - | User: - | watchfiles.main — 1 change detected
2026-07-02 02:47:38,950 | INFO     | IP: - | User: - | watchfiles.main — 1 change detected
2026-07-02 02:47:39,359 | INFO     | IP: - | User: - | watchfiles.main — 1 change detected
2026-07-02 02:47:39,767 | INFO     | IP: - | User: - | watchfiles.main — 1 change detected
2026-07-02 02:47:40,171 | INFO     | IP: - | User: - | watchfiles.main — 1 change detected
2026-07-02 02:47:40,575 | INFO     | IP: - | User: - | watchfiles.main — 1 change detected
2026-07-02 02:47:40,983 | INFO     | IP: - | User: - | watchfiles.main — 1 change detected
2026-07-02 02:47:41,388 | INFO     | IP: - | User: - | watchfiles.main — 1 change detected
2026-07-02 02:47:41,796 | INFO     | IP: - | User: - | watchfiles.main — 1 change detected
2026-07-02 02:47:42,203 | INFO     | IP: - | User: - | watchfiles.main — 1 change detected
2026-07-02 02:47:42,609 | INFO     | IP: - | User: - | watchfiles.main — 1 change detected
2026-07-02 02:47:43,013 | INFO     | IP: - | User: - | watchfiles.main — 1 change detected
2026-07-02 02:47:43,417 | INFO     | IP: - | User: - | watchfiles.main — 1 change detected
2026-07-02 02:47:43,821 | INFO     | IP: - | User: - | watchfiles.main — 1 change detected
2026-07-02 02:47:44,228 | INFO     | IP: - | User: - | watchfiles.main — 1 change detected
2026-07-02 02:47:44,635 | INFO     | IP: - | User: - | watchfiles.main — 1 change detected
2026-07-02 02:47:45,053 | INFO     | IP: - | User: - | watchfiles.main — 1 change detected
2026-07-02 02:47:45,458 | INFO     | IP: - | User: - | watchfiles.main — 1 change detected
2026-07-02 02:47:45,865 | INFO     | IP: - | User: - | watchfiles.main — 1 change detected
2026-07-02 02:47:46,271 | INFO     | IP: - | User: - | watchfiles.main — 1 change detected
2026-07-02 02:47:46,688 | INFO     | IP: - | User: - | watchfiles.main — 1 change detected
2026-07-02 02:47:47,092 | INFO     | IP: - | User: - | watchfiles.main — 1 change detected
2026-07-02 02:47:47,501 | INFO     | IP: - | User: - | watchfiles.main — 1 change detected
2026-07-02 02:47:47,906 | INFO     | IP: - | User: - | watchfiles.main — 1 change detected
2026-07-02 02:47:48,313 | INFO     | IP: - | User: - | watchfiles.main — 1 change detected
2026-07-02 02:47:48,681 | INFO     | IP: - | User: - | watchfiles.main — 1 change detected
2026-07-02 02:47:49,088 | INFO     | IP: - | User: - | watchfiles.main — 1 change detected
2026-07-02 02:47:49,494 | INFO     | IP: - | User: - | watchfiles.main — 1 change detected
2026-07-02 02:47:49,899 | INFO     | IP: - | User: - | watchfiles.main — 1 change detected
2026-07-02 02:47:50,304 | INFO     | IP: - | User: - | watchfiles.main — 1 change detected
2026-07-02 02:47:50,711 | INFO     | IP: - | User: - | watchfiles.main — 1 change detected
2026-07-02 02:47:51,116 | INFO     | IP: - | User: - | watchfiles.main — 1 change detected
2026-07-02 02:47:51,523 | INFO     | IP: - | User: - | watchfiles.main — 1 change detected
2026-07-02 02:47:51,928 | INFO     | IP: - | User: - | watchfiles.main — 1 change detected
2026-07-02 02:47:52,332 | INFO     | IP: - | User: - | watchfiles.main — 1 change detected
2026-07-02 02:47:52,735 | INFO     | IP: - | User: - | watchfiles.main — 1 change detected
2026-07-02 02:47:53,140 | INFO     | IP: - | User: - | watchfiles.main — 1 change detected
2026-07-02 02:47:53,547 | INFO     | IP: - | User: - | watchfiles.main — 1 change detected
2026-07-02 02:47:53,951 | INFO     | IP: - | User: - | watchfiles.main — 1 change detected
2026-07-02 02:47:54,368 | INFO     | IP: - | User: - | watchfiles.main — 1 change detected
2026-07-02 02:47:54,773 | INFO     | IP: - | User: - | watchfiles.main — 1 change detected
2026-07-02 02:47:55,180 | INFO     | IP: - | User: - | watchfiles.main — 1 change detected
2026-07-02 02:47:55,585 | INFO     | IP: - | User: - | watchfiles.main — 1 change detected
2026-07-02 02:47:55,989 | INFO     | IP: - | User: - | watchfiles.main — 1 change detected
2026-07-02 02:47:56,394 | INFO     | IP: - | User: - | watchfiles.main — 1 change detected
2026-07-02 02:47:56,800 | INFO     | IP: - | User: - | watchfiles.main — 1 change detected
2026-07-02 02:47:57,218 | INFO     | IP: - | User: - | watchfiles.main — 1 change detected
2026-07-02 02:47:57,622 | INFO     | IP: - | User: - | watchfiles.main — 1 change detected
2026-07-02 02:47:58,028 | INFO     | IP: - | User: - | watchfiles.main — 1 change detected
2026-07-02 02:47:58,396 | INFO     | IP: - | User: - | watchfiles.main — 1 change detected
2026-07-02 02:47:58,804 | INFO     | IP: - | User: - | watchfiles.main — 1 change detected
2026-07-02 02:47:59,209 | INFO     | IP: - | User: - | watchfiles.main — 1 change detected
2026-07-02 02:47:59,616 | INFO     | IP: - | User: - | watchfiles.main — 1 change detected
2026-07-02 02:48:00,022 | INFO     | IP: - | User: - | watchfiles.main — 1 change detected
2026-07-02 02:48:00,430 | INFO     | IP: - | User: - | watchfiles.main — 1 change detected
2026-07-02 02:48:00,835 | INFO     | IP: - | User: - | watchfiles.main — 1 change detected
2026-07-02 02:48:01,240 | INFO     | IP: - | User: - | watchfiles.main — 1 change detected
2026-07-02 02:48:01,645 | INFO     | IP: - | User: - | watchfiles.main — 1 change detected
2026-07-02 02:48:02,103 | INFO     | IP: - | User: - | watchfiles.main — 1 change detected
2026-07-02 02:48:02,468 | INFO     | IP: - | User: - | watchfiles.main — 1 change detected
2026-07-02 02:48:02,874 | INFO     | IP: - | User: - | watchfiles.main — 1 change detected
2026-07-02 02:48:03,279 | INFO     | IP: - | User: - | watchfiles.main — 1 change detected
2026-07-02 02:48:03,683 | INFO     | IP: - | User: - | watchfiles.main — 1 change detected
2026-07-02 02:48:04,100 | INFO     | IP: - | User: - | watchfiles.main — 1 change detected
2026-07-02 02:48:04,505 | INFO     | IP: - | User: - | watchfiles.main — 1 change detected
2026-07-02 02:48:04,923 | INFO     | IP: - | User: - | watchfiles.main — 1 change detected
2026-07-02 02:48:05,332 | INFO     | IP: - | User: - | watchfiles.main — 1 change detected
2026-07-02 02:48:05,736 | INFO     | IP: - | User: - | watchfiles.main — 1 change detected
2026-07-02 02:48:06,141 | INFO     | IP: - | User: - | watchfiles.main — 1 change detected
2026-07-02 02:48:06,547 | INFO     | IP: - | User: - | watchfiles.main — 1 change detected
2026-07-02 02:48:06,952 | INFO     | IP: - | User: - | watchfiles.main — 1 change detected
2026-07-02 02:48:07,357 | INFO     | IP: - | User: - | watchfiles.main — 1 change detected
2026-07-02 02:48:07,764 | INFO     | IP: - | User: - | watchfiles.main — 1 change detected
2026-07-02 02:48:08,170 | INFO     | IP: - | User: - | watchfiles.main — 1 change detected
2026-07-02 02:48:08,575 | INFO     | IP: - | User: - | watchfiles.main — 1 change detected
2026-07-02 02:48:08,979 | INFO     | IP: - | User: - | watchfiles.main — 1 change detected
2026-07-02 02:48:09,386 | INFO     | IP: - | User: - | watchfiles.main — 1 change detected
2026-07-02 02:48:09,791 | INFO     | IP: - | User: - | watchfiles.main — 1 change detected
2026-07-02 02:48:10,198 | INFO     | IP: - | User: - | watchfiles.main — 1 change detected
2026-07-02 02:48:10,604 | INFO     | IP: - | User: - | watchfiles.main — 1 change detected
2026-07-02 02:48:11,009 | INFO     | IP: - | User: - | watchfiles.main — 1 change detected
2026-07-02 02:48:11,413 | INFO     | IP: - | User: - | watchfiles.main — 1 change detected
2026-07-02 02:48:11,821 | INFO     | IP: - | User: - | watchfiles.main — 1 change detected
2026-07-02 02:48:12,226 | INFO     | IP: - | User: - | watchfiles.main — 1 change detected
2026-07-02 02:48:12,593 | INFO     | IP: - | User: - | watchfiles.main — 1 change detected
2026-07-02 02:48:13,002 | INFO     | IP: - | User: - | watchfiles.main — 1 change detected
2026-07-02 02:48:13,409 | INFO     | IP: - | User: - | watchfiles.main — 1 change detected
2026-07-02 02:48:13,813 | INFO     | IP: - | User: - | watchfiles.main — 1 change detected
2026-07-02 02:48:14,218 | INFO     | IP: - | User: - | watchfiles.main — 1 change detected
2026-07-02 02:48:14,625 | INFO     | IP: - | User: - | watchfiles.main — 1 change detected
2026-07-02 02:48:15,044 | INFO     | IP: - | User: - | watchfiles.main — 1 change detected
2026-07-02 02:48:15,451 | INFO     | IP: - | User: - | watchfiles.main — 1 change detected
2026-07-02 02:48:15,857 | INFO     | IP: - | User: - | watchfiles.main — 1 change detected
2026-07-02 02:48:16,266 | INFO     | IP: - | User: - | watchfiles.main — 1 change detected
2026-07-02 02:48:16,672 | INFO     | IP: - | User: - | watchfiles.main — 1 change detected
2026-07-02 02:48:17,081 | INFO     | IP: - | User: - | watchfiles.main — 1 change detected
2026-07-02 02:48:17,487 | INFO     | IP: - | User: - | watchfiles.main — 1 change detected
2026-07-02 02:48:17,895 | INFO     | IP: - | User: - | watchfiles.main — 1 change detected
2026-07-02 02:48:18,300 | INFO     | IP: - | User: - | watchfiles.main — 1 change detected
2026-07-02 02:48:18,711 | INFO     | IP: - | User: - | watchfiles.main — 1 change detected
2026-07-02 02:48:19,117 | INFO     | IP: - | User: - | watchfiles.main — 1 change detected
2026-07-02 02:48:19,523 | INFO     | IP: - | User: - | watchfiles.main — 1 change detected
2026-07-02 02:48:19,929 | INFO     | IP: - | User: - | watchfiles.main — 1 change detected
2026-07-02 02:48:20,335 | INFO     | IP: - | User: - | watchfiles.main — 1 change detected
2026-07-02 02:48:20,739 | INFO     | IP: - | User: - | watchfiles.main — 1 change detected
2026-07-02 02:48:21,144 | INFO     | IP: - | User: - | watchfiles.main — 1 change detected
2026-07-02 02:48:21,551 | INFO     | IP: - | User: - | watchfiles.main — 1 change detected
2026-07-02 02:48:21,955 | INFO     | IP: - | User: - | watchfiles.main — 1 change detected
2026-07-02 02:48:22,358 | INFO     | IP: - | User: - | watchfiles.main — 1 change detected
2026-07-02 02:48:22,764 | INFO     | IP: - | User: - | watchfiles.main — 1 change detected
2026-07-02 02:48:23,172 | INFO     | IP: - | User: - | watchfiles.main — 1 change detected
2026-07-02 02:48:23,579 | INFO     | IP: - | User: - | watchfiles.main — 1 change detected
2026-07-02 02:48:23,986 | INFO     | IP: - | User: - | watchfiles.main — 1 change detected
2026-07-02 02:48:24,391 | INFO     | IP: - | User: - | watchfiles.main — 1 change detected
2026-07-02 02:48:24,797 | INFO     | IP: - | User: - | watchfiles.main — 1 change detected
2026-07-02 02:48:25,203 | INFO     | IP: - | User: - | watchfiles.main — 1 change detected
2026-07-02 02:48:25,611 | INFO     | IP: - | User: - | watchfiles.main — 1 change detected
2026-07-02 02:48:25,978 | INFO     | IP: - | User: - | watchfiles.main — 1 change detected
2026-07-02 02:48:26,384 | INFO     | IP: - | User: - | watchfiles.main — 1 change detected
2026-07-02 02:48:26,791 | INFO     | IP: - | User: - | watchfiles.main — 1 change detected
2026-07-02 02:48:27,194 | INFO     | IP: - | User: - | watchfiles.main — 1 change detected
2026-07-02 02:48:27,600 | INFO     | IP: - | User: - | watchfiles.main — 1 change detected
2026-07-02 02:48:28,005 | INFO     | IP: - | User: - | watchfiles.main — 1 change detected
2026-07-02 02:48:28,412 | INFO     | IP: - | User: - | watchfiles.main — 1 change detected
2026-07-02 02:48:28,816 | INFO     | IP: - | User: - | watchfiles.main — 1 change detected
2026-07-02 02:48:29,235 | INFO     | IP: - | User: - | watchfiles.main — 1 change detected
2026-07-02 02:48:29,653 | INFO     | IP: - | User: - | watchfiles.main — 1 change detected
2026-07-02 02:48:30,022 | INFO     | IP: - | User: - | watchfiles.main — 1 change detected
2026-07-02 02:48:30,430 | INFO     | IP: - | User: - | watchfiles.main — 1 change detected
2026-07-02 02:48:30,843 | INFO     | IP: - | User: - | watchfiles.main — 1 change detected
2026-07-02 02:48:31,248 | INFO     | IP: - | User: - | watchfiles.main — 1 change detected
2026-07-02 02:48:31,656 | INFO     | IP: - | User: - | watchfiles.main — 1 change detected
2026-07-02 02:48:32,052 | INFO     | IP: - | User: - | watchfiles.main — 1 change detected
2026-07-02 02:48:32,466 | INFO     | IP: - | User: - | watchfiles.main — 1 change detected
2026-07-02 02:48:32,873 | INFO     | IP: - | User: - | watchfiles.main — 1 change detected
2026-07-02 02:48:33,294 | INFO     | IP: - | User: - | watchfiles.main — 1 change detected
2026-07-02 02:48:33,714 | INFO     | IP: - | User: - | watchfiles.main — 1 change detected
2026-07-02 02:48:34,191 | INFO     | IP: - | User: - | watchfiles.main — 1 change detected
2026-07-02 02:48:34,571 | INFO     | IP: - | User: - | watchfiles.main — 1 change detected
2026-07-02 02:48:35,044 | INFO     | IP: - | User: - | watchfiles.main — 1 change detected
2026-07-02 02:48:35,410 | INFO     | IP: - | User: - | watchfiles.main — 1 change detected
2026-07-02 02:48:35,845 | INFO     | IP: - | User: - | watchfiles.main — 1 change detected
2026-07-02 02:48:36,259 | INFO     | IP: - | User: - | watchfiles.main — 1 change detected
2026-07-02 02:48:36,672 | INFO     | IP: - | User: - | watchfiles.main — 1 change detected
2026-07-02 02:48:37,083 | INFO     | IP: - | User: - | watchfiles.main — 1 change detected
2026-07-02 02:48:37,497 | INFO     | IP: - | User: - | watchfiles.main — 1 change detected
2026-07-02 02:48:37,859 | INFO     | IP: - | User: - | watchfiles.main — 1 change detected
2026-07-02 02:48:38,268 | INFO     | IP: - | User: - | watchfiles.main — 1 change detected
2026-07-02 02:48:38,675 | INFO     | IP: - | User: - | watchfiles.main — 1 change detected
2026-07-02 02:48:39,080 | INFO     | IP: - | User: - | watchfiles.main — 1 change detected
2026-07-02 02:48:39,486 | INFO     | IP: - | User: - | watchfiles.main — 1 change detected
2026-07-02 02:48:39,889 | INFO     | IP: - | User: - | watchfiles.main — 1 change detected
2026-07-02 02:48:40,297 | INFO     | IP: - | User: - | watchfiles.main — 1 change detected
2026-07-02 02:48:40,705 | INFO     | IP: - | User: - | watchfiles.main — 1 change detected
2026-07-02 02:48:41,109 | INFO     | IP: - | User: - | watchfiles.main — 1 change detected
2026-07-02 02:48:41,517 | INFO     | IP: - | User: - | watchfiles.main — 1 change detected
2026-07-02 02:48:41,922 | INFO     | IP: - | User: - | watchfiles.main — 1 change detected
2026-07-02 02:48:42,330 | INFO     | IP: - | User: - | watchfiles.main — 1 change detected
2026-07-02 02:48:42,734 | INFO     | IP: - | User: - | watchfiles.main — 1 change detected
2026-07-02 02:48:43,138 | INFO     | IP: - | User: - | watchfiles.main — 1 change detected
2026-07-02 02:48:43,544 | INFO     | IP: - | User: - | watchfiles.main — 1 change detected
2026-07-02 02:48:43,951 | INFO     | IP: - | User: - | watchfiles.main — 1 change detected
2026-07-02 02:48:44,354 | INFO     | IP: - | User: - | watchfiles.main — 1 change detected
2026-07-02 02:48:44,762 | INFO     | IP: - | User: - | watchfiles.main — 1 change detected
2026-07-02 02:48:45,167 | INFO     | IP: - | User: - | watchfiles.main — 1 change detected
2026-07-02 02:48:45,585 | INFO     | IP: - | User: - | watchfiles.main — 1 change detected
2026-07-02 02:48:45,991 | INFO     | IP: - | User: - | watchfiles.main — 1 change detected
2026-07-02 02:48:46,399 | INFO     | IP: - | User: - | watchfiles.main — 1 change detected
2026-07-02 02:48:46,803 | INFO     | IP: - | User: - | watchfiles.main — 1 change detected
2026-07-02 02:48:47,207 | INFO     | IP: - | User: - | watchfiles.main — 1 change detected
2026-07-02 02:48:47,614 | INFO     | IP: - | User: - | watchfiles.main — 1 change detected
2026-07-02 02:48:48,020 | INFO     | IP: - | User: - | watchfiles.main — 1 change detected
2026-07-02 02:48:48,424 | INFO     | IP: - | User: - | watchfiles.main — 1 change detected
2026-07-02 02:48:48,831 | INFO     | IP: - | User: - | watchfiles.main — 1 change detected
2026-07-02 02:48:49,236 | INFO     | IP: - | User: - | watchfiles.main — 1 change detected
2026-07-02 02:48:49,641 | INFO     | IP: - | User: - | watchfiles.main — 1 change detected
2026-07-02 02:48:50,060 | INFO     | IP: - | User: - | watchfiles.main — 1 change detected
2026-07-02 02:48:50,424 | INFO     | IP: - | User: - | watchfiles.main — 1 change detected
2026-07-02 02:48:50,832 | INFO     | IP: - | User: - | watchfiles.main — 1 change detected
2026-07-02 02:48:51,238 | INFO     | IP: - | User: - | watchfiles.main — 1 change detected
2026-07-02 02:48:51,657 | INFO     | IP: - | User: - | watchfiles.main — 1 change detected
2026-07-02 02:48:52,064 | INFO     | IP: - | User: - | watchfiles.main — 1 change detected
2026-07-02 02:48:52,471 | INFO     | IP: - | User: - | watchfiles.main — 1 change detected
2026-07-02 02:48:52,889 | INFO     | IP: - | User: - | watchfiles.main — 1 change detected
2026-07-02 02:48:53,255 | INFO     | IP: - | User: - | watchfiles.main — 1 change detected
2026-07-02 02:48:53,665 | INFO     | IP: - | User: - | watchfiles.main — 1 change detected
2026-07-02 02:48:54,083 | INFO     | IP: - | User: - | watchfiles.main — 1 change detected
2026-07-02 02:48:54,488 | INFO     | IP: - | User: - | watchfiles.main — 1 change detected
2026-07-02 02:48:54,894 | INFO     | IP: - | User: - | watchfiles.main — 1 change detected
2026-07-02 02:48:55,299 | INFO     | IP: - | User: - | watchfiles.main — 1 change detected
2026-07-02 02:48:55,707 | INFO     | IP: - | User: - | watchfiles.main — 1 change detected
2026-07-02 02:48:56,112 | INFO     | IP: - | User: - | watchfiles.main — 1 change detected
2026-07-02 02:48:56,530 | INFO     | IP: - | User: - | watchfiles.main — 1 change detected
2026-07-02 02:48:56,935 | INFO     | IP: - | User: - | watchfiles.main — 1 change detected
2026-07-02 02:48:57,341 | INFO     | IP: - | User: - | watchfiles.main — 1 change detected
2026-07-02 02:48:57,745 | INFO     | IP: - | User: - | watchfiles.main — 1 change detected
2026-07-02 02:48:58,113 | INFO     | IP: - | User: - | watchfiles.main — 1 change detected
2026-07-02 02:48:58,522 | INFO     | IP: - | User: - | watchfiles.main — 1 change detected
2026-07-02 02:48:58,938 | INFO     | IP: - | User: - | watchfiles.main — 1 change detected
2026-07-02 02:48:59,343 | INFO     | IP: - | User: - | watchfiles.main — 1 change detected
2026-07-02 02:48:59,750 | INFO     | IP: - | User: - | watchfiles.main — 1 change detected
2026-07-02 02:49:00,156 | INFO     | IP: - | User: - | watchfiles.main — 1 change detected
2026-07-02 02:49:00,563 | INFO     | IP: - | User: - | watchfiles.main — 1 change detected
2026-07-02 02:49:00,971 | INFO     | IP: - | User: - | watchfiles.main — 1 change detected
2026-07-02 02:49:01,376 | INFO     | IP: - | User: - | watchfiles.main — 1 change detected
2026-07-02 02:49:01,794 | INFO     | IP: - | User: - | watchfiles.main — 1 change detected
2026-07-02 02:49:02,149 | INFO     | IP: - | User: - | watchfiles.main — 1 change detected
2026-07-02 02:49:02,557 | INFO     | IP: - | User: - | watchfiles.main — 1 change detected
2026-07-02 02:49:02,963 | INFO     | IP: - | User: - | watchfiles.main — 1 change detected
2026-07-02 02:49:03,368 | INFO     | IP: - | User: - | watchfiles.main — 1 change detected
2026-07-02 02:49:03,787 | INFO     | IP: - | User: - | watchfiles.main — 1 change detected
2026-07-02 02:49:04,193 | INFO     | IP: - | User: - | watchfiles.main — 1 change detected
2026-07-02 02:49:04,598 | INFO     | IP: - | User: - | watchfiles.main — 1 change detected
2026-07-02 02:49:05,006 | INFO     | IP: - | User: - | watchfiles.main — 1 change detected
2026-07-02 02:49:05,413 | INFO     | IP: - | User: - | watchfiles.main — 1 change detected
2026-07-02 02:49:05,821 | INFO     | IP: - | User: - | watchfiles.main — 1 change detected
2026-07-02 02:49:06,227 | INFO     | IP: - | User: - | watchfiles.main — 1 change detected
2026-07-02 02:49:06,639 | INFO     | IP: - | User: - | watchfiles.main — 1 change detected
2026-07-02 02:49:07,043 | INFO     | IP: - | User: - | watchfiles.main — 1 change detected
2026-07-02 02:49:07,462 | INFO     | IP: - | User: - | watchfiles.main — 1 change detected
2026-07-02 02:49:07,868 | INFO     | IP: - | User: - | watchfiles.main — 1 change detected
2026-07-02 02:49:08,272 | INFO     | IP: - | User: - | watchfiles.main — 1 change detected
2026-07-02 02:49:08,675 | INFO     | IP: - | User: - | watchfiles.main — 1 change detected
2026-07-02 02:49:09,080 | INFO     | IP: - | User: - | watchfiles.main — 1 change detected
2026-07-02 02:49:09,486 | INFO     | IP: - | User: - | watchfiles.main — 1 change detected
2026-07-02 02:49:09,904 | INFO     | IP: - | User: - | watchfiles.main — 1 change detected
2026-07-02 02:49:10,308 | INFO     | IP: - | User: - | watchfiles.main — 1 change detected
2026-07-02 02:49:10,714 | INFO     | IP: - | User: - | watchfiles.main — 1 change detected
2026-07-02 02:49:11,081 | INFO     | IP: - | User: - | watchfiles.main — 1 change detected
2026-07-02 02:49:11,491 | INFO     | IP: - | User: - | watchfiles.main — 1 change detected
2026-07-02 02:49:11,897 | INFO     | IP: - | User: - | watchfiles.main — 1 change detected
2026-07-02 02:49:12,317 | INFO     | IP: - | User: - | watchfiles.main — 1 change detected
2026-07-02 02:49:12,724 | INFO     | IP: - | User: - | watchfiles.main — 1 change detected
2026-07-02 02:49:13,129 | INFO     | IP: - | User: - | watchfiles.main — 1 change detected
2026-07-02 02:49:13,533 | INFO     | IP: - | User: - | watchfiles.main — 1 change detected
2026-07-02 02:49:13,939 | INFO     | IP: - | User: - | watchfiles.main — 1 change detected
2026-07-02 02:49:14,344 | INFO     | IP: - | User: - | watchfiles.main — 1 change detected
2026-07-02 02:49:14,748 | INFO     | IP: - | User: - | watchfiles.main — 1 change detected
2026-07-02 02:49:15,154 | INFO     | IP: - | User: - | watchfiles.main — 1 change detected
2026-07-02 02:49:15,560 | INFO     | IP: - | User: - | watchfiles.main — 1 change detected
2026-07-02 02:49:15,978 | INFO     | IP: - | User: - | watchfiles.main — 1 change detected
2026-07-02 02:49:16,383 | INFO     | IP: - | User: - | watchfiles.main — 1 change detected
2026-07-02 02:49:16,789 | INFO     | IP: - | User: - | watchfiles.main — 1 change detected
2026-07-02 02:49:17,193 | INFO     | IP: - | User: - | watchfiles.main — 1 change detected
2026-07-02 02:49:17,561 | INFO     | IP: - | User: - | watchfiles.main — 1 change detected
2026-07-02 02:49:17,972 | INFO     | IP: - | User: - | watchfiles.main — 1 change detected
2026-07-02 02:49:18,376 | INFO     | IP: - | User: - | watchfiles.main — 1 change detected
2026-07-02 02:49:18,779 | INFO     | IP: - | User: - | watchfiles.main — 1 change detected
2026-07-02 02:49:19,185 | INFO     | IP: - | User: - | watchfiles.main — 1 change detected
2026-07-02 02:49:19,592 | INFO     | IP: - | User: - | watchfiles.main — 1 change detected
2026-07-02 02:49:19,998 | INFO     | IP: - | User: - | watchfiles.main — 1 change detected
2026-07-02 02:49:20,401 | INFO     | IP: - | User: - | watchfiles.main — 1 change detected
2026-07-02 02:49:20,805 | INFO     | IP: - | User: - | watchfiles.main — 1 change detected
2026-07-02 02:49:21,209 | INFO     | IP: - | User: - | watchfiles.main — 1 change detected
2026-07-02 02:49:21,615 | INFO     | IP: - | User: - | watchfiles.main — 1 change detected
2026-07-02 02:49:22,020 | INFO     | IP: - | User: - | watchfiles.main — 1 change detected
2026-07-02 02:49:22,428 | INFO     | IP: - | User: - | watchfiles.main — 1 change detected
2026-07-02 02:49:22,837 | INFO     | IP: - | User: - | watchfiles.main — 1 change detected
2026-07-02 02:49:23,247 | INFO     | IP: - | User: - | watchfiles.main — 1 change detected
2026-07-02 02:49:23,656 | INFO     | IP: - | User: - | watchfiles.main — 1 change detected
2026-07-02 02:49:24,062 | INFO     | IP: - | User: - | watchfiles.main — 1 change detected
2026-07-02 02:49:24,469 | INFO     | IP: - | User: - | watchfiles.main — 1 change detected
2026-07-02 02:49:24,876 | INFO     | IP: - | User: - | watchfiles.main — 1 change detected
2026-07-02 02:49:25,283 | INFO     | IP: - | User: - | watchfiles.main — 1 change detected
2026-07-02 02:49:25,688 | INFO     | IP: - | User: - | watchfiles.main — 1 change detected
2026-07-02 02:49:26,093 | INFO     | IP: - | User: - | watchfiles.main — 1 change detected
2026-07-02 02:49:26,509 | INFO     | IP: - | User: - | watchfiles.main — 1 change detected
2026-07-02 02:49:26,918 | INFO     | IP: - | User: - | watchfiles.main — 1 change detected
2026-07-02 02:49:27,285 | INFO     | IP: - | User: - | watchfiles.main — 1 change detected
2026-07-02 02:49:27,694 | INFO     | IP: - | User: - | watchfiles.main — 1 change detected
2026-07-02 02:49:28,113 | INFO     | IP: - | User: - | watchfiles.main — 1 change detected
2026-07-02 02:49:28,531 | INFO     | IP: - | User: - | watchfiles.main — 1 change detected
2026-07-02 02:49:28,937 | INFO     | IP: - | User: - | watchfiles.main — 1 change detected
2026-07-02 02:49:29,341 | INFO     | IP: - | User: - | watchfiles.main — 1 change detected
2026-07-02 02:49:29,747 | INFO     | IP: - | User: - | watchfiles.main — 1 change detected
2026-07-02 02:49:30,152 | INFO     | IP: - | User: - | watchfiles.main — 1 change detected
2026-07-02 02:49:30,557 | INFO     | IP: - | User: - | watchfiles.main — 1 change detected
2026-07-02 02:49:30,964 | INFO     | IP: - | User: - | watchfiles.main — 1 change detected
2026-07-02 02:49:31,370 | INFO     | IP: - | User: - | watchfiles.main — 1 change detected
2026-07-02 02:49:31,774 | INFO     | IP: - | User: - | watchfiles.main — 1 change detected
2026-07-02 02:49:32,181 | INFO     | IP: - | User: - | watchfiles.main — 1 change detected
2026-07-02 02:49:32,585 | INFO     | IP: - | User: - | watchfiles.main — 1 change detected
2026-07-02 02:49:32,940 | INFO     | IP: - | User: - | watchfiles.main — 1 change detected
2026-07-02 02:49:33,298 | INFO     | IP: - | User: - | watchfiles.main — 1 change detected
2026-07-02 02:49:33,675 | INFO     | IP: - | User: - | watchfiles.main — 1 change detected
2026-07-02 02:49:34,035 | INFO     | IP: - | User: - | watchfiles.main — 1 change detected
2026-07-02 02:49:34,393 | INFO     | IP: - | User: - | watchfiles.main — 1 change detected
2026-07-02 02:49:34,749 | INFO     | IP: - | User: - | watchfiles.main — 1 change detected
2026-07-02 02:49:35,107 | INFO     | IP: - | User: - | watchfiles.main — 1 change detected
2026-07-02 02:49:35,515 | INFO     | IP: - | User: - | watchfiles.main — 1 change detected
2026-07-02 02:49:35,921 | INFO     | IP: - | User: - | watchfiles.main — 1 change detected
2026-07-02 02:49:36,326 | INFO     | IP: - | User: - | watchfiles.main — 1 change detected
2026-07-02 02:49:36,733 | INFO     | IP: - | User: - | watchfiles.main — 1 change detected
2026-07-02 02:49:37,137 | INFO     | IP: - | User: - | watchfiles.main — 1 change detected
2026-07-02 02:49:37,542 | INFO     | IP: - | User: - | watchfiles.main — 1 change detected
2026-07-02 02:49:37,947 | INFO     | IP: - | User: - | watchfiles.main — 1 change detected
2026-07-02 02:49:38,389 | INFO     | IP: - | User: - | watchfiles.main — 1 change detected
2026-07-02 02:49:38,805 | INFO     | IP: - | User: - | watchfiles.main — 1 change detected
2026-07-02 02:49:39,214 | INFO     | IP: - | User: - | watchfiles.main — 1 change detected
2026-07-02 02:49:39,629 | INFO     | IP: - | User: - | watchfiles.main — 1 change detected
2026-07-02 02:49:40,036 | INFO     | IP: - | User: - | watchfiles.main — 1 change detected
2026-07-02 02:49:40,443 | INFO     | IP: - | User: - | watchfiles.main — 1 change detected
2026-07-02 02:49:40,875 | INFO     | IP: - | User: - | watchfiles.main — 1 change detected
2026-07-02 02:49:41,278 | INFO     | IP: - | User: - | watchfiles.main — 1 change detected
2026-07-02 02:49:41,686 | INFO     | IP: - | User: - | watchfiles.main — 1 change detected
2026-07-02 02:49:42,092 | INFO     | IP: - | User: - | watchfiles.main — 1 change detected
2026-07-02 02:49:42,497 | INFO     | IP: - | User: - | watchfiles.main — 1 change detected
2026-07-02 02:49:42,867 | INFO     | IP: - | User: - | watchfiles.main — 1 change detected
2026-07-02 02:49:43,327 | INFO     | IP: - | User: - | watchfiles.main — 1 change detected
2026-07-02 02:49:43,692 | INFO     | IP: - | User: - | watchfiles.main — 1 change detected
2026-07-02 02:49:44,102 | INFO     | IP: - | User: - | watchfiles.main — 1 change detected
2026-07-02 02:49:44,532 | INFO     | IP: - | User: - | watchfiles.main — 1 change detected
2026-07-02 02:49:44,948 | INFO     | IP: - | User: - | watchfiles.main — 1 change detected
2026-07-02 02:49:45,358 | INFO     | IP: - | User: - | watchfiles.main — 1 change detected
2026-07-02 02:49:45,775 | INFO     | IP: - | User: - | watchfiles.main — 1 change detected
2026-07-02 02:49:46,248 | INFO     | IP: - | User: - | watchfiles.main — 1 change detected
2026-07-02 02:49:46,615 | INFO     | IP: - | User: - | watchfiles.main — 1 change detected
2026-07-02 02:49:47,024 | INFO     | IP: - | User: - | watchfiles.main — 1 change detected
2026-07-02 02:49:47,442 | INFO     | IP: - | User: - | watchfiles.main — 1 change detected
2026-07-02 02:49:47,737 | WARNING  | IP: 127.0.0.1 | User: - | slowapi — ratelimit 5 per 15 minute (127.0.0.1) exceeded at endpoint: /auth/login
2026-07-02 02:49:47,740 | ERROR    | IP: 127.0.0.1 | User: - | app — Action: Transaction base de données | Résultat: Échec (Erreur DB : 429: 5 per 15 minute)
Traceback (most recent call last):
  File "C:\VMs\vbox-zorin-automation\app\database.py", line 22, in get_db
    yield db
  File "C:\Users\sadik\anaconda3\Lib\site-packages\fastapi\concurrency.py", line 29, in contextmanager_in_threadpool
    yield await run_in_threadpool(cm.__enter__)
  File "C:\Users\sadik\anaconda3\Lib\site-packages\fastapi\routing.py", line 136, in app
    response = await f(request)
               ^^^^^^^^^^^^^^^^
  File "C:\Users\sadik\anaconda3\Lib\site-packages\fastapi\routing.py", line 690, in app
    raw_response = await run_endpoint_function(
                   ^^^^^^^^^^^^^^^^^^^^^^^^^^^^
    ...<3 lines>...
    )
    ^
  File "C:\Users\sadik\anaconda3\Lib\site-packages\fastapi\routing.py", line 346, in run_endpoint_function
    return await run_in_threadpool(dependant.call, **values)
           ^^^^^^^^^^^^^^^^^^^^^^^^^^^^^^^^^^^^^^^^^^^^^^^^^
  File "C:\Users\sadik\anaconda3\Lib\site-packages\starlette\concurrency.py", line 34, in run_in_threadpool
    return await anyio.to_thread.run_sync(func)
           ^^^^^^^^^^^^^^^^^^^^^^^^^^^^^^^^^^^^
  File "C:\Users\sadik\anaconda3\Lib\site-packages\anyio\to_thread.py", line 56, in run_sync
    return await get_async_backend().run_sync_in_worker_thread(
           ^^^^^^^^^^^^^^^^^^^^^^^^^^^^^^^^^^^^^^^^^^^^^^^^^^^^
        func, args, abandon_on_cancel=abandon_on_cancel, limiter=limiter
        ^^^^^^^^^^^^^^^^^^^^^^^^^^^^^^^^^^^^^^^^^^^^^^^^^^^^^^^^^^^^^^^^
    )
    ^
  File "C:\Users\sadik\anaconda3\Lib\site-packages\anyio\_backends\_asyncio.py", line 2476, in run_sync_in_worker_thread
    return await future
           ^^^^^^^^^^^^
  File "C:\Users\sadik\anaconda3\Lib\site-packages\anyio\_backends\_asyncio.py", line 967, in run
    result = context.run(func, *args)
  File "C:\Users\sadik\anaconda3\Lib\site-packages\slowapi\extension.py", line 768, in sync_wrapper
    self._check_request_limit(request, func, False)
    ~~~~~~~~~~~~~~~~~~~~~~~~~^^^^^^^^^^^^^^^^^^^^^^
  File "C:\Users\sadik\anaconda3\Lib\site-packages\slowapi\extension.py", line 635, in _check_request_limit
    self.__evaluate_limits(request, _endpoint_key, all_limits)
    ~~~~~~~~~~~~~~~~~~~~~~^^^^^^^^^^^^^^^^^^^^^^^^^^^^^^^^^^^^
  File "C:\Users\sadik\anaconda3\Lib\site-packages\slowapi\extension.py", line 533, in __evaluate_limits
    raise RateLimitExceeded(failed_limit)
slowapi.errors.RateLimitExceeded: 429: 5 per 15 minute
2026-07-02 02:49:47,775 | WARNING  | IP: 127.0.0.1 | User: - | app.security — Action: Tentative de connexion bloquée par le Rate Limiter | Résultat: HTTP 429
2026-07-02 02:49:47,863 | INFO     | IP: - | User: - | watchfiles.main — 4 changes detected
2026-07-02 02:49:48,282 | INFO     | IP: - | User: - | watchfiles.main — 1 change detected
2026-07-02 02:49:48,701 | INFO     | IP: - | User: - | watchfiles.main — 1 change detected
2026-07-02 02:49:49,069 | INFO     | IP: - | User: - | watchfiles.main — 1 change detected
2026-07-02 02:49:49,481 | INFO     | IP: - | User: - | watchfiles.main — 1 change detected
2026-07-02 02:49:49,889 | INFO     | IP: - | User: - | watchfiles.main — 1 change detected
2026-07-02 02:49:50,307 | INFO     | IP: - | User: - | watchfiles.main — 1 change detected
2026-07-02 02:49:50,728 | INFO     | IP: - | User: - | watchfiles.main — 1 change detected
2026-07-02 02:49:51,135 | INFO     | IP: - | User: - | watchfiles.main — 1 change detected
2026-07-02 02:49:51,553 | INFO     | IP: - | User: - | watchfiles.main — 1 change detected
2026-07-02 02:49:51,958 | INFO     | IP: - | User: - | watchfiles.main — 1 change detected
2026-07-02 02:49:52,324 | INFO     | IP: - | User: - | watchfiles.main — 1 change detected
2026-07-02 02:49:52,737 | INFO     | IP: - | User: - | watchfiles.main — 1 change detected
2026-07-02 02:49:53,144 | INFO     | IP: - | User: - | watchfiles.main — 1 change detected
2026-07-02 02:49:53,554 | INFO     | IP: - | User: - | watchfiles.main — 1 change detected
2026-07-02 02:49:53,967 | INFO     | IP: - | User: - | watchfiles.main — 1 change detected
2026-07-02 02:49:54,375 | INFO     | IP: - | User: - | watchfiles.main — 1 change detected
2026-07-02 02:49:54,802 | INFO     | IP: - | User: - | watchfiles.main — 1 change detected
2026-07-02 02:49:55,216 | INFO     | IP: - | User: - | watchfiles.main — 1 change detected
2026-07-02 02:49:55,626 | INFO     | IP: - | User: - | watchfiles.main — 1 change detected
2026-07-02 02:49:55,997 | INFO     | IP: - | User: - | watchfiles.main — 1 change detected
2026-07-02 02:49:56,457 | INFO     | IP: - | User: - | watchfiles.main — 1 change detected
2026-07-02 02:49:56,873 | INFO     | IP: - | User: - | watchfiles.main — 1 change detected
2026-07-02 02:49:57,283 | INFO     | IP: - | User: - | watchfiles.main — 1 change detected
2026-07-02 02:49:57,701 | INFO     | IP: - | User: - | watchfiles.main — 1 change detected
2026-07-02 02:49:58,107 | INFO     | IP: - | User: - | watchfiles.main — 1 change detected
2026-07-02 02:49:58,512 | INFO     | IP: - | User: - | watchfiles.main — 1 change detected
2026-07-02 02:49:58,918 | INFO     | IP: - | User: - | watchfiles.main — 1 change detected
2026-07-02 02:49:59,324 | INFO     | IP: - | User: - | watchfiles.main — 1 change detected
2026-07-02 02:49:59,698 | INFO     | IP: - | User: - | watchfiles.main — 1 change detected
2026-07-02 02:50:00,106 | INFO     | IP: - | User: - | watchfiles.main — 1 change detected
2026-07-02 02:50:00,522 | INFO     | IP: - | User: - | watchfiles.main — 1 change detected
2026-07-02 02:50:00,933 | INFO     | IP: - | User: - | watchfiles.main — 1 change detected
2026-07-02 02:50:01,348 | INFO     | IP: - | User: - | watchfiles.main — 1 change detected
2026-07-02 02:50:01,755 | INFO     | IP: - | User: - | watchfiles.main — 1 change detected
2026-07-02 02:50:02,180 | INFO     | IP: - | User: - | watchfiles.main — 1 change detected
2026-07-02 02:50:02,603 | INFO     | IP: - | User: - | watchfiles.main — 1 change detected
2026-07-02 02:50:03,070 | INFO     | IP: - | User: - | watchfiles.main — 1 change detected
2026-07-02 02:50:03,476 | INFO     | IP: - | User: - | watchfiles.main — 1 change detected
2026-07-02 02:50:03,899 | INFO     | IP: - | User: - | watchfiles.main — 1 change detected
2026-07-02 02:50:04,267 | INFO     | IP: - | User: - | watchfiles.main — 1 change detected
2026-07-02 02:50:04,672 | INFO     | IP: - | User: - | watchfiles.main — 1 change detected
2026-07-02 02:50:05,081 | INFO     | IP: - | User: - | watchfiles.main — 1 change detected
2026-07-02 02:50:05,485 | INFO     | IP: - | User: - | watchfiles.main — 1 change detected
2026-07-02 02:50:05,890 | INFO     | IP: - | User: - | watchfiles.main — 1 change detected
2026-07-02 02:50:06,297 | INFO     | IP: - | User: - | watchfiles.main — 1 change detected
2026-07-02 02:50:06,706 | INFO     | IP: - | User: - | watchfiles.main — 1 change detected
2026-07-02 02:50:07,113 | INFO     | IP: - | User: - | watchfiles.main — 1 change detected
2026-07-02 02:50:07,520 | INFO     | IP: - | User: - | watchfiles.main — 1 change detected
2026-07-02 02:50:07,927 | INFO     | IP: - | User: - | watchfiles.main — 1 change detected
2026-07-02 02:50:08,345 | INFO     | IP: - | User: - | watchfiles.main — 1 change detected
2026-07-02 02:50:08,750 | INFO     | IP: - | User: - | watchfiles.main — 1 change detected
2026-07-02 02:50:09,119 | INFO     | IP: - | User: - | watchfiles.main — 1 change detected
2026-07-02 02:50:09,474 | INFO     | IP: - | User: - | watchfiles.main — 1 change detected
2026-07-02 02:50:09,858 | INFO     | IP: - | User: - | watchfiles.main — 1 change detected
2026-07-02 02:50:10,221 | INFO     | IP: - | User: - | watchfiles.main — 1 change detected
2026-07-02 02:50:10,581 | INFO     | IP: - | User: - | watchfiles.main — 1 change detected
2026-07-02 02:50:10,943 | INFO     | IP: - | User: - | watchfiles.main — 1 change detected
2026-07-02 02:50:11,403 | INFO     | IP: - | User: - | watchfiles.main — 1 change detected
2026-07-02 02:50:11,807 | INFO     | IP: - | User: - | watchfiles.main — 1 change detected
2026-07-02 02:50:12,160 | INFO     | IP: - | User: - | watchfiles.main — 1 change detected
2026-07-02 02:50:12,520 | INFO     | IP: - | User: - | watchfiles.main — 1 change detected
2026-07-02 02:50:12,878 | INFO     | IP: - | User: - | watchfiles.main — 1 change detected
2026-07-02 02:50:13,247 | INFO     | IP: - | User: - | watchfiles.main — 1 change detected
2026-07-02 02:50:13,604 | INFO     | IP: - | User: - | watchfiles.main — 1 change detected
2026-07-02 02:50:13,962 | INFO     | IP: - | User: - | watchfiles.main — 1 change detected
2026-07-02 02:50:14,322 | INFO     | IP: - | User: - | watchfiles.main — 1 change detected
2026-07-02 02:50:14,683 | INFO     | IP: - | User: - | watchfiles.main — 1 change detected
2026-07-02 02:50:15,042 | INFO     | IP: - | User: - | watchfiles.main — 1 change detected
2026-07-02 02:50:15,396 | INFO     | IP: - | User: - | watchfiles.main — 1 change detected
2026-07-02 02:50:15,754 | INFO     | IP: - | User: - | watchfiles.main — 1 change detected
2026-07-02 02:50:16,109 | INFO     | IP: - | User: - | watchfiles.main — 1 change detected
2026-07-02 02:50:16,517 | INFO     | IP: - | User: - | watchfiles.main — 1 change detected
2026-07-02 02:50:16,931 | INFO     | IP: - | User: - | watchfiles.main — 1 change detected
2026-07-02 02:50:17,335 | INFO     | IP: - | User: - | watchfiles.main — 1 change detected
2026-07-02 02:50:17,703 | INFO     | IP: - | User: - | watchfiles.main — 1 change detected
2026-07-02 02:50:18,113 | INFO     | IP: - | User: - | watchfiles.main — 1 change detected
2026-07-02 02:50:18,518 | INFO     | IP: - | User: - | watchfiles.main — 1 change detected
2026-07-02 02:50:18,921 | INFO     | IP: - | User: - | watchfiles.main — 1 change detected
2026-07-02 02:50:19,329 | INFO     | IP: - | User: - | watchfiles.main — 1 change detected
2026-07-02 02:50:19,734 | INFO     | IP: - | User: - | watchfiles.main — 1 change detected
2026-07-02 02:50:20,138 | INFO     | IP: - | User: - | watchfiles.main — 1 change detected
2026-07-02 02:50:20,543 | INFO     | IP: - | User: - | watchfiles.main — 1 change detected
2026-07-02 02:50:20,950 | INFO     | IP: - | User: - | watchfiles.main — 1 change detected
2026-07-02 02:50:21,321 | INFO     | IP: - | User: - | watchfiles.main — 1 change detected
2026-07-02 02:50:48,264 | INFO     | IP: - | User: - | watchfiles.main — 3 changes detected
2026-07-02 02:51:01,876 | INFO     | IP: - | User: - | watchfiles.main — 1 change detected
2026-07-02 02:51:02,018 | INFO     | IP: - | User: - | app.main — Shutting down.
2026-07-02 02:51:02,804 | INFO     | IP: - | User: - | watchfiles.main — 4 changes detected
2026-07-02 02:51:03,463 | INFO     | IP: - | User: - | watchfiles.main — 5 changes detected
2026-07-02 02:51:06,697 | INFO     | IP: - | User: - | app.main — Initialising database …
2026-07-02 02:51:06,704 | INFO     | IP: - | User: - | app.main — Database ready.
2026-07-02 02:51:33,223 | WARNING  | IP: 127.0.0.1 | User: admin | app.security — Action: Connexion de l'utilisateur 'admin' | Résultat: Échec (Identifiants incorrects)
2026-07-02 02:51:33,304 | ERROR    | IP: 127.0.0.1 | User: - | app — Action: Transaction base de données | Résultat: Échec (Erreur DB : 401: Incorrect username or password)
Traceback (most recent call last):
  File "C:\VMs\vbox-zorin-automation\app\database.py", line 22, in get_db
    yield db
  File "C:\Users\sadik\anaconda3\Lib\site-packages\fastapi\concurrency.py", line 29, in contextmanager_in_threadpool
    yield await run_in_threadpool(cm.__enter__)
  File "C:\Users\sadik\anaconda3\Lib\site-packages\fastapi\routing.py", line 136, in app
    response = await f(request)
               ^^^^^^^^^^^^^^^^
  File "C:\Users\sadik\anaconda3\Lib\site-packages\fastapi\routing.py", line 690, in app
    raw_response = await run_endpoint_function(
                   ^^^^^^^^^^^^^^^^^^^^^^^^^^^^
    ...<3 lines>...
    )
    ^
  File "C:\Users\sadik\anaconda3\Lib\site-packages\fastapi\routing.py", line 346, in run_endpoint_function
    return await run_in_threadpool(dependant.call, **values)
           ^^^^^^^^^^^^^^^^^^^^^^^^^^^^^^^^^^^^^^^^^^^^^^^^^
  File "C:\Users\sadik\anaconda3\Lib\site-packages\starlette\concurrency.py", line 34, in run_in_threadpool
    return await anyio.to_thread.run_sync(func)
           ^^^^^^^^^^^^^^^^^^^^^^^^^^^^^^^^^^^^
  File "C:\Users\sadik\anaconda3\Lib\site-packages\anyio\to_thread.py", line 56, in run_sync
    return await get_async_backend().run_sync_in_worker_thread(
           ^^^^^^^^^^^^^^^^^^^^^^^^^^^^^^^^^^^^^^^^^^^^^^^^^^^^
        func, args, abandon_on_cancel=abandon_on_cancel, limiter=limiter
        ^^^^^^^^^^^^^^^^^^^^^^^^^^^^^^^^^^^^^^^^^^^^^^^^^^^^^^^^^^^^^^^^
    )
    ^
  File "C:\Users\sadik\anaconda3\Lib\site-packages\anyio\_backends\_asyncio.py", line 2476, in run_sync_in_worker_thread
    return await future
           ^^^^^^^^^^^^
  File "C:\Users\sadik\anaconda3\Lib\site-packages\anyio\_backends\_asyncio.py", line 967, in run
    result = context.run(func, *args)
  File "C:\Users\sadik\anaconda3\Lib\site-packages\slowapi\extension.py", line 770, in sync_wrapper
    response = func(*args, **kwargs)
  File "C:\VMs\vbox-zorin-automation\app\routers\auth.py", line 139, in login
    raise HTTPException(
    ...<3 lines>...
    )
fastapi.exceptions.HTTPException: 401: Incorrect username or password
2026-07-02 02:51:33,390 | INFO     | IP: - | User: - | watchfiles.main — 3 changes detected
2026-07-02 02:51:49,277 | INFO     | IP: 127.0.0.1 | User: admin | app.security — Action: Connexion de l'utilisateur 'admin' | Résultat: Réussite
2026-07-02 02:51:49,353 | ERROR    | IP: 127.0.0.1 | User: - | app — Action: Transaction base de données | Résultat: Échec (Erreur DB : parameter `response` must be an instance of starlette.responses.Response)
Traceback (most recent call last):
  File "C:\VMs\vbox-zorin-automation\app\database.py", line 22, in get_db
    yield db
  File "C:\Users\sadik\anaconda3\Lib\site-packages\fastapi\concurrency.py", line 29, in contextmanager_in_threadpool
    yield await run_in_threadpool(cm.__enter__)
  File "C:\Users\sadik\anaconda3\Lib\site-packages\fastapi\routing.py", line 136, in app
    response = await f(request)
               ^^^^^^^^^^^^^^^^
  File "C:\Users\sadik\anaconda3\Lib\site-packages\fastapi\routing.py", line 690, in app
    raw_response = await run_endpoint_function(
                   ^^^^^^^^^^^^^^^^^^^^^^^^^^^^
    ...<3 lines>...
    )
    ^
  File "C:\Users\sadik\anaconda3\Lib\site-packages\fastapi\routing.py", line 346, in run_endpoint_function
    return await run_in_threadpool(dependant.call, **values)
           ^^^^^^^^^^^^^^^^^^^^^^^^^^^^^^^^^^^^^^^^^^^^^^^^^
  File "C:\Users\sadik\anaconda3\Lib\site-packages\starlette\concurrency.py", line 34, in run_in_threadpool
    return await anyio.to_thread.run_sync(func)
           ^^^^^^^^^^^^^^^^^^^^^^^^^^^^^^^^^^^^
  File "C:\Users\sadik\anaconda3\Lib\site-packages\anyio\to_thread.py", line 56, in run_sync
    return await get_async_backend().run_sync_in_worker_thread(
           ^^^^^^^^^^^^^^^^^^^^^^^^^^^^^^^^^^^^^^^^^^^^^^^^^^^^
        func, args, abandon_on_cancel=abandon_on_cancel, limiter=limiter
        ^^^^^^^^^^^^^^^^^^^^^^^^^^^^^^^^^^^^^^^^^^^^^^^^^^^^^^^^^^^^^^^^
    )
    ^
  File "C:\Users\sadik\anaconda3\Lib\site-packages\anyio\_backends\_asyncio.py", line 2476, in run_sync_in_worker_thread
    return await future
           ^^^^^^^^^^^^
  File "C:\Users\sadik\anaconda3\Lib\site-packages\anyio\_backends\_asyncio.py", line 967, in run
    result = context.run(func, *args)
  File "C:\Users\sadik\anaconda3\Lib\site-packages\slowapi\extension.py", line 774, in sync_wrapper
    self._inject_headers(
    ~~~~~~~~~~~~~~~~~~~~^
        kwargs.get("response"),
        ^^^^^^^^^^^^^^^^^^^^^^^
        request.state.view_rate_limit,  # type: ignore
        ^^^^^^^^^^^^^^^^^^^^^^^^^^^^^^^^^^^^^^^^^^^^^^
    )
    ^
  File "C:\Users\sadik\anaconda3\Lib\site-packages\slowapi\extension.py", line 383, in _inject_headers
    raise Exception(
        "parameter `response` must be an instance of starlette.responses.Response"
    )
Exception: parameter `response` must be an instance of starlette.responses.Response
2026-07-02 02:51:49,398 | ERROR    | IP: 127.0.0.1 | User: - | app — Action: Traitement de la requête a échoué (Exception non gérée) | Résultat: parameter `response` must be an instance of starlette.responses.Response
  + Exception Group Traceback (most recent call last):
  |   File "C:\Users\sadik\anaconda3\Lib\site-packages\starlette\_utils.py", line 85, in create_collapsing_task_group
  |     async with anyio.create_task_group() as tg:
  |                ~~~~~~~~~~~~~~~~~~~~~~~^^
  |   File "C:\Users\sadik\anaconda3\Lib\site-packages\anyio\_backends\_asyncio.py", line 772, in __aexit__
  |     raise BaseExceptionGroup(
  |         "unhandled errors in a TaskGroup", self._exceptions
  |     ) from None
  | ExceptionGroup: unhandled errors in a TaskGroup (1 sub-exception)
  +-+---------------- 1 ----------------
    | Traceback (most recent call last):
    |   File "C:\Users\sadik\anaconda3\Lib\site-packages\starlette\middleware\errors.py", line 164, in __call__
    |     await self.app(scope, receive, _send)
    |   File "C:\Users\sadik\anaconda3\Lib\site-packages\starlette\middleware\cors.py", line 96, in __call__
    |     await self.simple_response(scope, receive, send, request_headers=headers)
    |   File "C:\Users\sadik\anaconda3\Lib\site-packages\starlette\middleware\cors.py", line 154, in simple_response
    |     await self.app(scope, receive, send)
    |   File "C:\Users\sadik\anaconda3\Lib\site-packages\starlette\middleware\base.py", line 193, in __call__
    |     response = await self.dispatch_func(request, call_next)
    |                ^^^^^^^^^^^^^^^^^^^^^^^^^^^^^^^^^^^^^^^^^^^^
    |   File "C:\VMs\vbox-zorin-automation\app\main.py", line 102, in log_ip_middleware
    |     response = await call_next(request)
    |                ^^^^^^^^^^^^^^^^^^^^^^^^
    |   File "C:\Users\sadik\anaconda3\Lib\site-packages\starlette\middleware\base.py", line 168, in call_next
    |     raise app_exc from app_exc.__cause__ or app_exc.__context__
    |   File "C:\Users\sadik\anaconda3\Lib\site-packages\starlette\middleware\base.py", line 144, in coro
    |     await self.app(scope, receive_or_disconnect, send_no_error)
    |   File "C:\Users\sadik\anaconda3\Lib\site-packages\starlette\middleware\base.py", line 193, in __call__
    |     response = await self.dispatch_func(request, call_next)
    |                ^^^^^^^^^^^^^^^^^^^^^^^^^^^^^^^^^^^^^^^^^^^^
    |   File "C:\Users\sadik\anaconda3\Lib\site-packages\slowapi\middleware.py", line 128, in dispatch
    |     return await call_next(request)
    |            ^^^^^^^^^^^^^^^^^^^^^^^^
    |   File "C:\Users\sadik\anaconda3\Lib\site-packages\starlette\middleware\base.py", line 168, in call_next
    |     raise app_exc from app_exc.__cause__ or app_exc.__context__
    |   File "C:\Users\sadik\anaconda3\Lib\site-packages\starlette\middleware\base.py", line 144, in coro
    |     await self.app(scope, receive_or_disconnect, send_no_error)
    |   File "C:\Users\sadik\anaconda3\Lib\site-packages\starlette\middleware\exceptions.py", line 63, in __call__
    |     await wrap_app_handling_exceptions(self.app, conn)(scope, receive, send)
    |   File "C:\Users\sadik\anaconda3\Lib\site-packages\starlette\_exception_handler.py", line 53, in wrapped_app
    |     raise exc
    |   File "C:\Users\sadik\anaconda3\Lib\site-packages\starlette\_exception_handler.py", line 42, in wrapped_app
    |     await app(scope, receive, sender)
    |   File "C:\Users\sadik\anaconda3\Lib\site-packages\fastapi\middleware\asyncexitstack.py", line 18, in __call__
    |     await self.app(scope, receive, send)
    |   File "C:\Users\sadik\anaconda3\Lib\site-packages\starlette\routing.py", line 660, in __call__
    |     await self.middleware_stack(scope, receive, send)
    |   File "C:\Users\sadik\anaconda3\Lib\site-packages\fastapi\routing.py", line 2531, in app
    |     await route.handle(scope, receive, send)
    |   File "C:\Users\sadik\anaconda3\Lib\site-packages\fastapi\routing.py", line 1700, in handle
    |     await self.original_router.handle(scope, receive, send)
    |   File "C:\Users\sadik\anaconda3\Lib\site-packages\fastapi\routing.py", line 2586, in handle
    |     await included_router._handle_selected(scope, receive, send)
    |   File "C:\Users\sadik\anaconda3\Lib\site-packages\fastapi\routing.py", line 1720, in _handle_selected
    |     await original_route.handle(scope, receive, send)
    |   File "C:\Users\sadik\anaconda3\Lib\site-packages\fastapi\routing.py", line 1239, in handle
    |     await app(scope, receive, send)
    |   File "C:\Users\sadik\anaconda3\Lib\site-packages\fastapi\routing.py", line 150, in app
    |     await wrap_app_handling_exceptions(app, request)(scope, receive, send)
    |   File "C:\Users\sadik\anaconda3\Lib\site-packages\starlette\_exception_handler.py", line 53, in wrapped_app
    |     raise exc
    |   File "C:\Users\sadik\anaconda3\Lib\site-packages\starlette\_exception_handler.py", line 42, in wrapped_app
    |     await app(scope, receive, sender)
    |   File "C:\Users\sadik\anaconda3\Lib\site-packages\fastapi\routing.py", line 136, in app
    |     response = await f(request)
    |                ^^^^^^^^^^^^^^^^
    |   File "C:\Users\sadik\anaconda3\Lib\site-packages\fastapi\routing.py", line 690, in app
    |     raw_response = await run_endpoint_function(
    |                    ^^^^^^^^^^^^^^^^^^^^^^^^^^^^
    |     ...<3 lines>...
    |     )
    |     ^
    |   File "C:\Users\sadik\anaconda3\Lib\site-packages\fastapi\routing.py", line 346, in run_endpoint_function
    |     return await run_in_threadpool(dependant.call, **values)
    |            ^^^^^^^^^^^^^^^^^^^^^^^^^^^^^^^^^^^^^^^^^^^^^^^^^
    |   File "C:\Users\sadik\anaconda3\Lib\site-packages\starlette\concurrency.py", line 34, in run_in_threadpool
    |     return await anyio.to_thread.run_sync(func)
    |            ^^^^^^^^^^^^^^^^^^^^^^^^^^^^^^^^^^^^
    |   File "C:\Users\sadik\anaconda3\Lib\site-packages\anyio\to_thread.py", line 56, in run_sync
    |     return await get_async_backend().run_sync_in_worker_thread(
    |            ^^^^^^^^^^^^^^^^^^^^^^^^^^^^^^^^^^^^^^^^^^^^^^^^^^^^
    |         func, args, abandon_on_cancel=abandon_on_cancel, limiter=limiter
    |         ^^^^^^^^^^^^^^^^^^^^^^^^^^^^^^^^^^^^^^^^^^^^^^^^^^^^^^^^^^^^^^^^
    |     )
    |     ^
    |   File "C:\Users\sadik\anaconda3\Lib\site-packages\anyio\_backends\_asyncio.py", line 2476, in run_sync_in_worker_thread
    |     return await future
    |            ^^^^^^^^^^^^
    |   File "C:\Users\sadik\anaconda3\Lib\site-packages\anyio\_backends\_asyncio.py", line 967, in run
    |     result = context.run(func, *args)
    |   File "C:\Users\sadik\anaconda3\Lib\site-packages\slowapi\extension.py", line 774, in sync_wrapper
    |     self._inject_headers(
    |     ~~~~~~~~~~~~~~~~~~~~^
    |         kwargs.get("response"),
    |         ^^^^^^^^^^^^^^^^^^^^^^^
    |         request.state.view_rate_limit,  # type: ignore
    |         ^^^^^^^^^^^^^^^^^^^^^^^^^^^^^^^^^^^^^^^^^^^^^^
    |     )
    |     ^
    |   File "C:\Users\sadik\anaconda3\Lib\site-packages\slowapi\extension.py", line 383, in _inject_headers
    |     raise Exception(
    |         "parameter `response` must be an instance of starlette.responses.Response"
    |     )
    | Exception: parameter `response` must be an instance of starlette.responses.Response
    +------------------------------------

The above exception was the direct cause of the following exception:

Traceback (most recent call last):
  File "C:\Users\sadik\anaconda3\Lib\site-packages\starlette\middleware\errors.py", line 164, in __call__
    await self.app(scope, receive, _send)
  File "C:\Users\sadik\anaconda3\Lib\site-packages\starlette\middleware\cors.py", line 96, in __call__
    await self.simple_response(scope, receive, send, request_headers=headers)
  File "C:\Users\sadik\anaconda3\Lib\site-packages\starlette\middleware\cors.py", line 154, in simple_response
    await self.app(scope, receive, send)
  File "C:\Users\sadik\anaconda3\Lib\site-packages\starlette\middleware\base.py", line 193, in __call__
    response = await self.dispatch_func(request, call_next)
               ^^^^^^^^^^^^^^^^^^^^^^^^^^^^^^^^^^^^^^^^^^^^
  File "C:\VMs\vbox-zorin-automation\app\main.py", line 102, in log_ip_middleware
    response = await call_next(request)
               ^^^^^^^^^^^^^^^^^^^^^^^^
  File "C:\Users\sadik\anaconda3\Lib\site-packages\starlette\middleware\base.py", line 168, in call_next
    raise app_exc from app_exc.__cause__ or app_exc.__context__
  File "C:\Users\sadik\anaconda3\Lib\site-packages\starlette\middleware\base.py", line 144, in coro
    await self.app(scope, receive_or_disconnect, send_no_error)
  File "C:\Users\sadik\anaconda3\Lib\site-packages\starlette\middleware\base.py", line 193, in __call__
    response = await self.dispatch_func(request, call_next)
               ^^^^^^^^^^^^^^^^^^^^^^^^^^^^^^^^^^^^^^^^^^^^
  File "C:\Users\sadik\anaconda3\Lib\site-packages\slowapi\middleware.py", line 128, in dispatch
    return await call_next(request)
           ^^^^^^^^^^^^^^^^^^^^^^^^
  File "C:\Users\sadik\anaconda3\Lib\site-packages\starlette\middleware\base.py", line 168, in call_next
    raise app_exc from app_exc.__cause__ or app_exc.__context__
  File "C:\Users\sadik\anaconda3\Lib\site-packages\starlette\middleware\base.py", line 144, in coro
    await self.app(scope, receive_or_disconnect, send_no_error)
  File "C:\Users\sadik\anaconda3\Lib\site-packages\starlette\middleware\exceptions.py", line 63, in __call__
    await wrap_app_handling_exceptions(self.app, conn)(scope, receive, send)
  File "C:\Users\sadik\anaconda3\Lib\site-packages\starlette\_exception_handler.py", line 53, in wrapped_app
    raise exc
  File "C:\Users\sadik\anaconda3\Lib\site-packages\starlette\_exception_handler.py", line 42, in wrapped_app
    await app(scope, receive, sender)
  File "C:\Users\sadik\anaconda3\Lib\site-packages\fastapi\middleware\asyncexitstack.py", line 18, in __call__
    await self.app(scope, receive, send)
  File "C:\Users\sadik\anaconda3\Lib\site-packages\starlette\routing.py", line 660, in __call__
    await self.middleware_stack(scope, receive, send)
  File "C:\Users\sadik\anaconda3\Lib\site-packages\fastapi\routing.py", line 2531, in app
    await route.handle(scope, receive, send)
  File "C:\Users\sadik\anaconda3\Lib\site-packages\fastapi\routing.py", line 1700, in handle
    await self.original_router.handle(scope, receive, send)
  File "C:\Users\sadik\anaconda3\Lib\site-packages\fastapi\routing.py", line 2586, in handle
    await included_router._handle_selected(scope, receive, send)
  File "C:\Users\sadik\anaconda3\Lib\site-packages\fastapi\routing.py", line 1720, in _handle_selected
    await original_route.handle(scope, receive, send)
  File "C:\Users\sadik\anaconda3\Lib\site-packages\fastapi\routing.py", line 1239, in handle
    await app(scope, receive, send)
  File "C:\Users\sadik\anaconda3\Lib\site-packages\fastapi\routing.py", line 150, in app
    await wrap_app_handling_exceptions(app, request)(scope, receive, send)
  File "C:\Users\sadik\anaconda3\Lib\site-packages\starlette\_exception_handler.py", line 53, in wrapped_app
    raise exc
  File "C:\Users\sadik\anaconda3\Lib\site-packages\starlette\_exception_handler.py", line 42, in wrapped_app
    await app(scope, receive, sender)
  File "C:\Users\sadik\anaconda3\Lib\site-packages\fastapi\routing.py", line 136, in app
    response = await f(request)
               ^^^^^^^^^^^^^^^^
  File "C:\Users\sadik\anaconda3\Lib\site-packages\fastapi\routing.py", line 690, in app
    raw_response = await run_endpoint_function(
                   ^^^^^^^^^^^^^^^^^^^^^^^^^^^^
    ...<3 lines>...
    )
    ^
  File "C:\Users\sadik\anaconda3\Lib\site-packages\fastapi\routing.py", line 346, in run_endpoint_function
    return await run_in_threadpool(dependant.call, **values)
           ^^^^^^^^^^^^^^^^^^^^^^^^^^^^^^^^^^^^^^^^^^^^^^^^^
  File "C:\Users\sadik\anaconda3\Lib\site-packages\starlette\concurrency.py", line 34, in run_in_threadpool
    return await anyio.to_thread.run_sync(func)
           ^^^^^^^^^^^^^^^^^^^^^^^^^^^^^^^^^^^^
  File "C:\Users\sadik\anaconda3\Lib\site-packages\anyio\to_thread.py", line 56, in run_sync
    return await get_async_backend().run_sync_in_worker_thread(
           ^^^^^^^^^^^^^^^^^^^^^^^^^^^^^^^^^^^^^^^^^^^^^^^^^^^^
        func, args, abandon_on_cancel=abandon_on_cancel, limiter=limiter
        ^^^^^^^^^^^^^^^^^^^^^^^^^^^^^^^^^^^^^^^^^^^^^^^^^^^^^^^^^^^^^^^^
    )
    ^
  File "C:\Users\sadik\anaconda3\Lib\site-packages\anyio\_backends\_asyncio.py", line 2476, in run_sync_in_worker_thread
    return await future
           ^^^^^^^^^^^^
  File "C:\Users\sadik\anaconda3\Lib\site-packages\anyio\_backends\_asyncio.py", line 967, in run
    result = context.run(func, *args)
  File "C:\Users\sadik\anaconda3\Lib\site-packages\slowapi\extension.py", line 774, in sync_wrapper
    self._inject_headers(
    ~~~~~~~~~~~~~~~~~~~~^
        kwargs.get("response"),
        ^^^^^^^^^^^^^^^^^^^^^^^
        request.state.view_rate_limit,  # type: ignore
        ^^^^^^^^^^^^^^^^^^^^^^^^^^^^^^^^^^^^^^^^^^^^^^
    )
    ^
  File "C:\Users\sadik\anaconda3\Lib\site-packages\slowapi\extension.py", line 383, in _inject_headers
    raise Exception(
        "parameter `response` must be an instance of starlette.responses.Response"
    )
Exception: parameter `response` must be an instance of starlette.responses.Response
2026-07-02 02:51:49,613 | INFO     | IP: - | User: - | watchfiles.main — 3 changes detected
2026-07-02 02:52:17,307 | INFO     | IP: 127.0.0.1 | User: admin | app.security — Action: Connexion de l'utilisateur 'admin' | Résultat: Réussite
2026-07-02 02:52:17,369 | ERROR    | IP: 127.0.0.1 | User: - | app — Action: Transaction base de données | Résultat: Échec (Erreur DB : parameter `response` must be an instance of starlette.responses.Response)
Traceback (most recent call last):
  File "C:\VMs\vbox-zorin-automation\app\database.py", line 22, in get_db
    yield db
  File "C:\Users\sadik\anaconda3\Lib\site-packages\fastapi\concurrency.py", line 29, in contextmanager_in_threadpool
    yield await run_in_threadpool(cm.__enter__)
  File "C:\Users\sadik\anaconda3\Lib\site-packages\fastapi\routing.py", line 136, in app
    response = await f(request)
               ^^^^^^^^^^^^^^^^
  File "C:\Users\sadik\anaconda3\Lib\site-packages\fastapi\routing.py", line 690, in app
    raw_response = await run_endpoint_function(
                   ^^^^^^^^^^^^^^^^^^^^^^^^^^^^
    ...<3 lines>...
    )
    ^
  File "C:\Users\sadik\anaconda3\Lib\site-packages\fastapi\routing.py", line 346, in run_endpoint_function
    return await run_in_threadpool(dependant.call, **values)
           ^^^^^^^^^^^^^^^^^^^^^^^^^^^^^^^^^^^^^^^^^^^^^^^^^
  File "C:\Users\sadik\anaconda3\Lib\site-packages\starlette\concurrency.py", line 34, in run_in_threadpool
    return await anyio.to_thread.run_sync(func)
           ^^^^^^^^^^^^^^^^^^^^^^^^^^^^^^^^^^^^
  File "C:\Users\sadik\anaconda3\Lib\site-packages\anyio\to_thread.py", line 56, in run_sync
    return await get_async_backend().run_sync_in_worker_thread(
           ^^^^^^^^^^^^^^^^^^^^^^^^^^^^^^^^^^^^^^^^^^^^^^^^^^^^
        func, args, abandon_on_cancel=abandon_on_cancel, limiter=limiter
        ^^^^^^^^^^^^^^^^^^^^^^^^^^^^^^^^^^^^^^^^^^^^^^^^^^^^^^^^^^^^^^^^
    )
    ^
  File "C:\Users\sadik\anaconda3\Lib\site-packages\anyio\_backends\_asyncio.py", line 2476, in run_sync_in_worker_thread
    return await future
           ^^^^^^^^^^^^
  File "C:\Users\sadik\anaconda3\Lib\site-packages\anyio\_backends\_asyncio.py", line 967, in run
    result = context.run(func, *args)
  File "C:\Users\sadik\anaconda3\Lib\site-packages\slowapi\extension.py", line 774, in sync_wrapper
    self._inject_headers(
    ~~~~~~~~~~~~~~~~~~~~^
        kwargs.get("response"),
        ^^^^^^^^^^^^^^^^^^^^^^^
        request.state.view_rate_limit,  # type: ignore
        ^^^^^^^^^^^^^^^^^^^^^^^^^^^^^^^^^^^^^^^^^^^^^^
    )
    ^
  File "C:\Users\sadik\anaconda3\Lib\site-packages\slowapi\extension.py", line 383, in _inject_headers
    raise Exception(
        "parameter `response` must be an instance of starlette.responses.Response"
    )
Exception: parameter `response` must be an instance of starlette.responses.Response
2026-07-02 02:52:17,414 | INFO     | IP: - | User: - | watchfiles.main — 3 changes detected
2026-07-02 02:52:17,384 | ERROR    | IP: 127.0.0.1 | User: - | app — Action: Traitement de la requête a échoué (Exception non gérée) | Résultat: parameter `response` must be an instance of starlette.responses.Response
  + Exception Group Traceback (most recent call last):
  |   File "C:\Users\sadik\anaconda3\Lib\site-packages\starlette\_utils.py", line 85, in create_collapsing_task_group
  |     async with anyio.create_task_group() as tg:
  |                ~~~~~~~~~~~~~~~~~~~~~~~^^
  |   File "C:\Users\sadik\anaconda3\Lib\site-packages\anyio\_backends\_asyncio.py", line 772, in __aexit__
  |     raise BaseExceptionGroup(
  |         "unhandled errors in a TaskGroup", self._exceptions
  |     ) from None
  | ExceptionGroup: unhandled errors in a TaskGroup (1 sub-exception)
  +-+---------------- 1 ----------------
    | Traceback (most recent call last):
    |   File "C:\Users\sadik\anaconda3\Lib\site-packages\starlette\middleware\errors.py", line 164, in __call__
    |     await self.app(scope, receive, _send)
    |   File "C:\Users\sadik\anaconda3\Lib\site-packages\starlette\middleware\cors.py", line 96, in __call__
    |     await self.simple_response(scope, receive, send, request_headers=headers)
    |   File "C:\Users\sadik\anaconda3\Lib\site-packages\starlette\middleware\cors.py", line 154, in simple_response
    |     await self.app(scope, receive, send)
    |   File "C:\Users\sadik\anaconda3\Lib\site-packages\starlette\middleware\base.py", line 193, in __call__
    |     response = await self.dispatch_func(request, call_next)
    |                ^^^^^^^^^^^^^^^^^^^^^^^^^^^^^^^^^^^^^^^^^^^^
    |   File "C:\VMs\vbox-zorin-automation\app\main.py", line 102, in log_ip_middleware
    |     response = await call_next(request)
    |                ^^^^^^^^^^^^^^^^^^^^^^^^
    |   File "C:\Users\sadik\anaconda3\Lib\site-packages\starlette\middleware\base.py", line 168, in call_next
    |     raise app_exc from app_exc.__cause__ or app_exc.__context__
    |   File "C:\Users\sadik\anaconda3\Lib\site-packages\starlette\middleware\base.py", line 144, in coro
    |     await self.app(scope, receive_or_disconnect, send_no_error)
    |   File "C:\Users\sadik\anaconda3\Lib\site-packages\starlette\middleware\base.py", line 193, in __call__
    |     response = await self.dispatch_func(request, call_next)
    |                ^^^^^^^^^^^^^^^^^^^^^^^^^^^^^^^^^^^^^^^^^^^^
    |   File "C:\Users\sadik\anaconda3\Lib\site-packages\slowapi\middleware.py", line 128, in dispatch
    |     return await call_next(request)
    |            ^^^^^^^^^^^^^^^^^^^^^^^^
    |   File "C:\Users\sadik\anaconda3\Lib\site-packages\starlette\middleware\base.py", line 168, in call_next
    |     raise app_exc from app_exc.__cause__ or app_exc.__context__
    |   File "C:\Users\sadik\anaconda3\Lib\site-packages\starlette\middleware\base.py", line 144, in coro
    |     await self.app(scope, receive_or_disconnect, send_no_error)
    |   File "C:\Users\sadik\anaconda3\Lib\site-packages\starlette\middleware\exceptions.py", line 63, in __call__
    |     await wrap_app_handling_exceptions(self.app, conn)(scope, receive, send)
    |   File "C:\Users\sadik\anaconda3\Lib\site-packages\starlette\_exception_handler.py", line 53, in wrapped_app
    |     raise exc
    |   File "C:\Users\sadik\anaconda3\Lib\site-packages\starlette\_exception_handler.py", line 42, in wrapped_app
    |     await app(scope, receive, sender)
    |   File "C:\Users\sadik\anaconda3\Lib\site-packages\fastapi\middleware\asyncexitstack.py", line 18, in __call__
    |     await self.app(scope, receive, send)
    |   File "C:\Users\sadik\anaconda3\Lib\site-packages\starlette\routing.py", line 660, in __call__
    |     await self.middleware_stack(scope, receive, send)
    |   File "C:\Users\sadik\anaconda3\Lib\site-packages\fastapi\routing.py", line 2531, in app
    |     await route.handle(scope, receive, send)
    |   File "C:\Users\sadik\anaconda3\Lib\site-packages\fastapi\routing.py", line 1700, in handle
    |     await self.original_router.handle(scope, receive, send)
    |   File "C:\Users\sadik\anaconda3\Lib\site-packages\fastapi\routing.py", line 2586, in handle
    |     await included_router._handle_selected(scope, receive, send)
    |   File "C:\Users\sadik\anaconda3\Lib\site-packages\fastapi\routing.py", line 1720, in _handle_selected
    |     await original_route.handle(scope, receive, send)
    |   File "C:\Users\sadik\anaconda3\Lib\site-packages\fastapi\routing.py", line 1239, in handle
    |     await app(scope, receive, send)
    |   File "C:\Users\sadik\anaconda3\Lib\site-packages\fastapi\routing.py", line 150, in app
    |     await wrap_app_handling_exceptions(app, request)(scope, receive, send)
    |   File "C:\Users\sadik\anaconda3\Lib\site-packages\starlette\_exception_handler.py", line 53, in wrapped_app
    |     raise exc
    |   File "C:\Users\sadik\anaconda3\Lib\site-packages\starlette\_exception_handler.py", line 42, in wrapped_app
    |     await app(scope, receive, sender)
    |   File "C:\Users\sadik\anaconda3\Lib\site-packages\fastapi\routing.py", line 136, in app
    |     response = await f(request)
    |                ^^^^^^^^^^^^^^^^
    |   File "C:\Users\sadik\anaconda3\Lib\site-packages\fastapi\routing.py", line 690, in app
    |     raw_response = await run_endpoint_function(
    |                    ^^^^^^^^^^^^^^^^^^^^^^^^^^^^
    |     ...<3 lines>...
    |     )
    |     ^
    |   File "C:\Users\sadik\anaconda3\Lib\site-packages\fastapi\routing.py", line 346, in run_endpoint_function
    |     return await run_in_threadpool(dependant.call, **values)
    |            ^^^^^^^^^^^^^^^^^^^^^^^^^^^^^^^^^^^^^^^^^^^^^^^^^
    |   File "C:\Users\sadik\anaconda3\Lib\site-packages\starlette\concurrency.py", line 34, in run_in_threadpool
    |     return await anyio.to_thread.run_sync(func)
    |            ^^^^^^^^^^^^^^^^^^^^^^^^^^^^^^^^^^^^
    |   File "C:\Users\sadik\anaconda3\Lib\site-packages\anyio\to_thread.py", line 56, in run_sync
    |     return await get_async_backend().run_sync_in_worker_thread(
    |            ^^^^^^^^^^^^^^^^^^^^^^^^^^^^^^^^^^^^^^^^^^^^^^^^^^^^
    |         func, args, abandon_on_cancel=abandon_on_cancel, limiter=limiter
    |         ^^^^^^^^^^^^^^^^^^^^^^^^^^^^^^^^^^^^^^^^^^^^^^^^^^^^^^^^^^^^^^^^
    |     )
    |     ^
    |   File "C:\Users\sadik\anaconda3\Lib\site-packages\anyio\_backends\_asyncio.py", line 2476, in run_sync_in_worker_thread
    |     return await future
    |            ^^^^^^^^^^^^
    |   File "C:\Users\sadik\anaconda3\Lib\site-packages\anyio\_backends\_asyncio.py", line 967, in run
    |     result = context.run(func, *args)
    |   File "C:\Users\sadik\anaconda3\Lib\site-packages\slowapi\extension.py", line 774, in sync_wrapper
    |     self._inject_headers(
    |     ~~~~~~~~~~~~~~~~~~~~^
    |         kwargs.get("response"),
    |         ^^^^^^^^^^^^^^^^^^^^^^^
    |         request.state.view_rate_limit,  # type: ignore
    |         ^^^^^^^^^^^^^^^^^^^^^^^^^^^^^^^^^^^^^^^^^^^^^^
    |     )
    |     ^
    |   File "C:\Users\sadik\anaconda3\Lib\site-packages\slowapi\extension.py", line 383, in _inject_headers
    |     raise Exception(
    |         "parameter `response` must be an instance of starlette.responses.Response"
    |     )
    | Exception: parameter `response` must be an instance of starlette.responses.Response
    +------------------------------------

The above exception was the direct cause of the following exception:

Traceback (most recent call last):
  File "C:\Users\sadik\anaconda3\Lib\site-packages\starlette\middleware\errors.py", line 164, in __call__
    await self.app(scope, receive, _send)
  File "C:\Users\sadik\anaconda3\Lib\site-packages\starlette\middleware\cors.py", line 96, in __call__
    await self.simple_response(scope, receive, send, request_headers=headers)
  File "C:\Users\sadik\anaconda3\Lib\site-packages\starlette\middleware\cors.py", line 154, in simple_response
    await self.app(scope, receive, send)
  File "C:\Users\sadik\anaconda3\Lib\site-packages\starlette\middleware\base.py", line 193, in __call__
    response = await self.dispatch_func(request, call_next)
               ^^^^^^^^^^^^^^^^^^^^^^^^^^^^^^^^^^^^^^^^^^^^
  File "C:\VMs\vbox-zorin-automation\app\main.py", line 102, in log_ip_middleware
    response = await call_next(request)
               ^^^^^^^^^^^^^^^^^^^^^^^^
  File "C:\Users\sadik\anaconda3\Lib\site-packages\starlette\middleware\base.py", line 168, in call_next
    raise app_exc from app_exc.__cause__ or app_exc.__context__
  File "C:\Users\sadik\anaconda3\Lib\site-packages\starlette\middleware\base.py", line 144, in coro
    await self.app(scope, receive_or_disconnect, send_no_error)
  File "C:\Users\sadik\anaconda3\Lib\site-packages\starlette\middleware\base.py", line 193, in __call__
    response = await self.dispatch_func(request, call_next)
               ^^^^^^^^^^^^^^^^^^^^^^^^^^^^^^^^^^^^^^^^^^^^
  File "C:\Users\sadik\anaconda3\Lib\site-packages\slowapi\middleware.py", line 128, in dispatch
    return await call_next(request)
           ^^^^^^^^^^^^^^^^^^^^^^^^
  File "C:\Users\sadik\anaconda3\Lib\site-packages\starlette\middleware\base.py", line 168, in call_next
    raise app_exc from app_exc.__cause__ or app_exc.__context__
  File "C:\Users\sadik\anaconda3\Lib\site-packages\starlette\middleware\base.py", line 144, in coro
    await self.app(scope, receive_or_disconnect, send_no_error)
  File "C:\Users\sadik\anaconda3\Lib\site-packages\starlette\middleware\exceptions.py", line 63, in __call__
    await wrap_app_handling_exceptions(self.app, conn)(scope, receive, send)
  File "C:\Users\sadik\anaconda3\Lib\site-packages\starlette\_exception_handler.py", line 53, in wrapped_app
    raise exc
  File "C:\Users\sadik\anaconda3\Lib\site-packages\starlette\_exception_handler.py", line 42, in wrapped_app
    await app(scope, receive, sender)
  File "C:\Users\sadik\anaconda3\Lib\site-packages\fastapi\middleware\asyncexitstack.py", line 18, in __call__
    await self.app(scope, receive, send)
  File "C:\Users\sadik\anaconda3\Lib\site-packages\starlette\routing.py", line 660, in __call__
    await self.middleware_stack(scope, receive, send)
  File "C:\Users\sadik\anaconda3\Lib\site-packages\fastapi\routing.py", line 2531, in app
    await route.handle(scope, receive, send)
  File "C:\Users\sadik\anaconda3\Lib\site-packages\fastapi\routing.py", line 1700, in handle
    await self.original_router.handle(scope, receive, send)
  File "C:\Users\sadik\anaconda3\Lib\site-packages\fastapi\routing.py", line 2586, in handle
    await included_router._handle_selected(scope, receive, send)
  File "C:\Users\sadik\anaconda3\Lib\site-packages\fastapi\routing.py", line 1720, in _handle_selected
    await original_route.handle(scope, receive, send)
  File "C:\Users\sadik\anaconda3\Lib\site-packages\fastapi\routing.py", line 1239, in handle
    await app(scope, receive, send)
  File "C:\Users\sadik\anaconda3\Lib\site-packages\fastapi\routing.py", line 150, in app
    await wrap_app_handling_exceptions(app, request)(scope, receive, send)
  File "C:\Users\sadik\anaconda3\Lib\site-packages\starlette\_exception_handler.py", line 53, in wrapped_app
    raise exc
  File "C:\Users\sadik\anaconda3\Lib\site-packages\starlette\_exception_handler.py", line 42, in wrapped_app
    await app(scope, receive, sender)
  File "C:\Users\sadik\anaconda3\Lib\site-packages\fastapi\routing.py", line 136, in app
    response = await f(request)
               ^^^^^^^^^^^^^^^^
  File "C:\Users\sadik\anaconda3\Lib\site-packages\fastapi\routing.py", line 690, in app
    raw_response = await run_endpoint_function(
                   ^^^^^^^^^^^^^^^^^^^^^^^^^^^^
    ...<3 lines>...
    )
    ^
  File "C:\Users\sadik\anaconda3\Lib\site-packages\fastapi\routing.py", line 346, in run_endpoint_function
    return await run_in_threadpool(dependant.call, **values)
           ^^^^^^^^^^^^^^^^^^^^^^^^^^^^^^^^^^^^^^^^^^^^^^^^^
  File "C:\Users\sadik\anaconda3\Lib\site-packages\starlette\concurrency.py", line 34, in run_in_threadpool
    return await anyio.to_thread.run_sync(func)
           ^^^^^^^^^^^^^^^^^^^^^^^^^^^^^^^^^^^^
  File "C:\Users\sadik\anaconda3\Lib\site-packages\anyio\to_thread.py", line 56, in run_sync
    return await get_async_backend().run_sync_in_worker_thread(
           ^^^^^^^^^^^^^^^^^^^^^^^^^^^^^^^^^^^^^^^^^^^^^^^^^^^^
        func, args, abandon_on_cancel=abandon_on_cancel, limiter=limiter
        ^^^^^^^^^^^^^^^^^^^^^^^^^^^^^^^^^^^^^^^^^^^^^^^^^^^^^^^^^^^^^^^^
    )
    ^
  File "C:\Users\sadik\anaconda3\Lib\site-packages\anyio\_backends\_asyncio.py", line 2476, in run_sync_in_worker_thread
    return await future
           ^^^^^^^^^^^^
  File "C:\Users\sadik\anaconda3\Lib\site-packages\anyio\_backends\_asyncio.py", line 967, in run
    result = context.run(func, *args)
  File "C:\Users\sadik\anaconda3\Lib\site-packages\slowapi\extension.py", line 774, in sync_wrapper
    self._inject_headers(
    ~~~~~~~~~~~~~~~~~~~~^
        kwargs.get("response"),
        ^^^^^^^^^^^^^^^^^^^^^^^
        request.state.view_rate_limit,  # type: ignore
        ^^^^^^^^^^^^^^^^^^^^^^^^^^^^^^^^^^^^^^^^^^^^^^
    )
    ^
  File "C:\Users\sadik\anaconda3\Lib\site-packages\slowapi\extension.py", line 383, in _inject_headers
    raise Exception(
        "parameter `response` must be an instance of starlette.responses.Response"
    )
Exception: parameter `response` must be an instance of starlette.responses.Response
2026-07-02 02:52:46,814 | INFO     | IP: - | User: - | watchfiles.main — 1 change detected
2026-07-02 02:53:02,689 | INFO     | IP: - | User: - | watchfiles.main — 1 change detected
2026-07-02 02:53:02,849 | INFO     | IP: - | User: - | app.main — Shutting down.
2026-07-02 02:53:03,767 | INFO     | IP: - | User: - | watchfiles.main — 2 changes detected
2026-07-02 02:53:07,165 | INFO     | IP: - | User: - | watchfiles.main — 5 changes detected
2026-07-02 02:53:07,857 | INFO     | IP: - | User: - | app.main — Initialising database …
2026-07-02 02:53:07,864 | INFO     | IP: - | User: - | app.main — Database ready.
2026-07-02 02:53:24,906 | WARNING  | IP: 127.0.0.1 | User: admin | app.security — Action: Connexion de l'utilisateur 'admin' | Résultat: Échec (Identifiants incorrects)
2026-07-02 02:53:25,021 | INFO     | IP: - | User: - | watchfiles.main — 3 changes detected
2026-07-02 02:53:24,985 | ERROR    | IP: 127.0.0.1 | User: - | app — Action: Transaction base de données | Résultat: Échec (Erreur DB : 401: Incorrect username or password)
Traceback (most recent call last):
  File "C:\VMs\vbox-zorin-automation\app\database.py", line 22, in get_db
    yield db
  File "C:\Users\sadik\anaconda3\Lib\site-packages\fastapi\concurrency.py", line 29, in contextmanager_in_threadpool
    yield await run_in_threadpool(cm.__enter__)
  File "C:\Users\sadik\anaconda3\Lib\site-packages\fastapi\routing.py", line 136, in app
    response = await f(request)
               ^^^^^^^^^^^^^^^^
  File "C:\Users\sadik\anaconda3\Lib\site-packages\fastapi\routing.py", line 690, in app
    raw_response = await run_endpoint_function(
                   ^^^^^^^^^^^^^^^^^^^^^^^^^^^^
    ...<3 lines>...
    )
    ^
  File "C:\Users\sadik\anaconda3\Lib\site-packages\fastapi\routing.py", line 346, in run_endpoint_function
    return await run_in_threadpool(dependant.call, **values)
           ^^^^^^^^^^^^^^^^^^^^^^^^^^^^^^^^^^^^^^^^^^^^^^^^^
  File "C:\Users\sadik\anaconda3\Lib\site-packages\starlette\concurrency.py", line 34, in run_in_threadpool
    return await anyio.to_thread.run_sync(func)
           ^^^^^^^^^^^^^^^^^^^^^^^^^^^^^^^^^^^^
  File "C:\Users\sadik\anaconda3\Lib\site-packages\anyio\to_thread.py", line 56, in run_sync
    return await get_async_backend().run_sync_in_worker_thread(
           ^^^^^^^^^^^^^^^^^^^^^^^^^^^^^^^^^^^^^^^^^^^^^^^^^^^^
        func, args, abandon_on_cancel=abandon_on_cancel, limiter=limiter
        ^^^^^^^^^^^^^^^^^^^^^^^^^^^^^^^^^^^^^^^^^^^^^^^^^^^^^^^^^^^^^^^^
    )
    ^
  File "C:\Users\sadik\anaconda3\Lib\site-packages\anyio\_backends\_asyncio.py", line 2476, in run_sync_in_worker_thread
    return await future
           ^^^^^^^^^^^^
  File "C:\Users\sadik\anaconda3\Lib\site-packages\anyio\_backends\_asyncio.py", line 967, in run
    result = context.run(func, *args)
  File "C:\Users\sadik\anaconda3\Lib\site-packages\slowapi\extension.py", line 770, in sync_wrapper
    response = func(*args, **kwargs)
  File "C:\VMs\vbox-zorin-automation\app\routers\auth.py", line 139, in login
    raise HTTPException(
    ...<3 lines>...
    )
fastapi.exceptions.HTTPException: 401: Incorrect username or password
2026-07-02 02:53:35,513 | INFO     | IP: 127.0.0.1 | User: admin | app.security — Action: Connexion de l'utilisateur 'admin' | Résultat: Réussite
2026-07-02 02:53:35,603 | INFO     | IP: - | User: - | watchfiles.main — 3 changes detected
2026-07-02 02:56:55,991 | WARNING  | IP: 127.0.0.1 | User: sadikisadiki | app.security — Action: Connexion de l'utilisateur 'sadikisadiki' | Résultat: Échec (Identifiants incorrects)
2026-07-02 02:56:56,025 | ERROR    | IP: 127.0.0.1 | User: - | app — Action: Transaction base de données | Résultat: Échec (Erreur DB : 401: Incorrect username or password)
Traceback (most recent call last):
  File "C:\VMs\vbox-zorin-automation\app\database.py", line 22, in get_db
    yield db
  File "C:\Users\sadik\anaconda3\Lib\site-packages\fastapi\concurrency.py", line 29, in contextmanager_in_threadpool
    yield await run_in_threadpool(cm.__enter__)
  File "C:\Users\sadik\anaconda3\Lib\site-packages\fastapi\routing.py", line 136, in app
    response = await f(request)
               ^^^^^^^^^^^^^^^^
  File "C:\Users\sadik\anaconda3\Lib\site-packages\fastapi\routing.py", line 690, in app
    raw_response = await run_endpoint_function(
                   ^^^^^^^^^^^^^^^^^^^^^^^^^^^^
    ...<3 lines>...
    )
    ^
  File "C:\Users\sadik\anaconda3\Lib\site-packages\fastapi\routing.py", line 346, in run_endpoint_function
    return await run_in_threadpool(dependant.call, **values)
           ^^^^^^^^^^^^^^^^^^^^^^^^^^^^^^^^^^^^^^^^^^^^^^^^^
  File "C:\Users\sadik\anaconda3\Lib\site-packages\starlette\concurrency.py", line 34, in run_in_threadpool
    return await anyio.to_thread.run_sync(func)
           ^^^^^^^^^^^^^^^^^^^^^^^^^^^^^^^^^^^^
  File "C:\Users\sadik\anaconda3\Lib\site-packages\anyio\to_thread.py", line 56, in run_sync
    return await get_async_backend().run_sync_in_worker_thread(
           ^^^^^^^^^^^^^^^^^^^^^^^^^^^^^^^^^^^^^^^^^^^^^^^^^^^^
        func, args, abandon_on_cancel=abandon_on_cancel, limiter=limiter
        ^^^^^^^^^^^^^^^^^^^^^^^^^^^^^^^^^^^^^^^^^^^^^^^^^^^^^^^^^^^^^^^^
    )
    ^
  File "C:\Users\sadik\anaconda3\Lib\site-packages\anyio\_backends\_asyncio.py", line 2476, in run_sync_in_worker_thread
    return await future
           ^^^^^^^^^^^^
  File "C:\Users\sadik\anaconda3\Lib\site-packages\anyio\_backends\_asyncio.py", line 967, in run
    result = context.run(func, *args)
  File "C:\Users\sadik\anaconda3\Lib\site-packages\slowapi\extension.py", line 770, in sync_wrapper
    response = func(*args, **kwargs)
  File "C:\VMs\vbox-zorin-automation\app\routers\auth.py", line 139, in login
    raise HTTPException(
    ...<3 lines>...
    )
fastapi.exceptions.HTTPException: 401: Incorrect username or password
2026-07-02 02:56:56,101 | INFO     | IP: - | User: - | watchfiles.main — 3 changes detected
2026-07-02 02:57:12,932 | INFO     | IP: 127.0.0.1 | User: sadikisadiki | app.security — Action: Connexion de l'utilisateur 'sadikisadiki' | Résultat: Réussite
2026-07-02 02:57:13,034 | INFO     | IP: - | User: - | watchfiles.main — 3 changes detected
2026-07-02 02:57:23,927 | INFO     | IP: 127.0.0.1 | User: sadikisadiki | app.vm — Action: Arrêt de la VM 'sadikisadiki-331ef001' | Résultat: Déjà arrêtée
2026-07-02 02:57:24,006 | INFO     | IP: - | User: - | watchfiles.main — 3 changes detected
2026-07-02 02:57:54,074 | INFO     | IP: 127.0.0.1 | User: sadikisadiki | app.vm — Action: Suppression de la VM 'sadikisadiki-331ef001' | Résultat: Réussite
2026-07-02 02:57:54,161 | INFO     | IP: - | User: - | watchfiles.main — 3 changes detected
2026-07-02 03:05:11,883 | INFO     | IP: - | User: - | watchfiles.main — 129 changes detected
2026-07-02 03:05:12,250 | INFO     | IP: - | User: - | watchfiles.main — 70 changes detected
2026-07-02 03:05:12,616 | INFO     | IP: - | User: - | watchfiles.main — 2 changes detected
2026-07-02 03:05:13,004 | INFO     | IP: - | User: - | watchfiles.main — 1 change detected
2026-07-02 03:05:13,511 | INFO     | IP: - | User: - | watchfiles.main — 1 change detected
2026-07-02 03:05:13,877 | INFO     | IP: - | User: - | watchfiles.main — 1 change detected
2026-07-02 03:05:14,241 | INFO     | IP: - | User: - | watchfiles.main — 1 change detected
2026-07-02 03:05:14,596 | INFO     | IP: - | User: - | watchfiles.main — 1 change detected
2026-07-02 03:05:14,954 | INFO     | IP: - | User: - | watchfiles.main — 1 change detected
2026-07-02 03:05:15,310 | INFO     | IP: - | User: - | watchfiles.main — 1 change detected
2026-07-02 03:05:15,671 | INFO     | IP: - | User: - | watchfiles.main — 1 change detected
2026-07-02 03:05:16,080 | INFO     | IP: - | User: - | watchfiles.main — 1 change detected
2026-07-02 03:05:16,484 | INFO     | IP: - | User: - | watchfiles.main — 1 change detected
2026-07-02 03:05:16,891 | INFO     | IP: - | User: - | watchfiles.main — 1 change detected
2026-07-02 03:05:17,309 | INFO     | IP: - | User: - | watchfiles.main — 1 change detected
2026-07-02 03:05:17,716 | INFO     | IP: - | User: - | watchfiles.main — 1 change detected
2026-07-02 03:05:18,122 | INFO     | IP: - | User: - | watchfiles.main — 1 change detected
2026-07-02 03:05:18,528 | INFO     | IP: - | User: - | watchfiles.main — 1 change detected
2026-07-02 03:05:18,933 | INFO     | IP: - | User: - | watchfiles.main — 1 change detected
2026-07-02 03:05:19,338 | INFO     | IP: - | User: - | watchfiles.main — 1 change detected
2026-07-02 03:05:19,743 | INFO     | IP: - | User: - | watchfiles.main — 1 change detected
2026-07-02 03:05:20,111 | INFO     | IP: - | User: - | watchfiles.main — 1 change detected
2026-07-02 03:05:20,523 | INFO     | IP: - | User: - | watchfiles.main — 1 change detected
2026-07-02 03:05:20,928 | INFO     | IP: - | User: - | watchfiles.main — 1 change detected
2026-07-02 03:05:21,337 | INFO     | IP: - | User: - | watchfiles.main — 1 change detected
2026-07-02 03:05:21,739 | INFO     | IP: - | User: - | watchfiles.main — 1 change detected
2026-07-02 03:05:22,145 | INFO     | IP: - | User: - | watchfiles.main — 1 change detected
2026-07-02 03:05:22,553 | INFO     | IP: - | User: - | watchfiles.main — 1 change detected
2026-07-02 03:05:22,910 | INFO     | IP: - | User: - | watchfiles.main — 1 change detected
2026-07-02 03:05:23,266 | INFO     | IP: - | User: - | watchfiles.main — 1 change detected
2026-07-02 03:05:23,628 | INFO     | IP: - | User: - | watchfiles.main — 1 change detected
2026-07-02 03:05:23,983 | INFO     | IP: - | User: - | watchfiles.main — 1 change detected
2026-07-02 03:05:24,369 | INFO     | IP: - | User: - | watchfiles.main — 1 change detected
2026-07-02 03:05:24,800 | INFO     | IP: - | User: - | watchfiles.main — 1 change detected
2026-07-02 03:05:25,153 | INFO     | IP: - | User: - | watchfiles.main — 1 change detected
2026-07-02 03:05:25,564 | INFO     | IP: - | User: - | watchfiles.main — 1 change detected
2026-07-02 03:05:25,969 | INFO     | IP: - | User: - | watchfiles.main — 1 change detected
2026-07-02 03:05:26,424 | INFO     | IP: - | User: - | watchfiles.main — 4 changes detected
2026-07-02 03:05:26,842 | INFO     | IP: - | User: - | watchfiles.main — 2 changes detected
2026-07-02 03:05:27,211 | INFO     | IP: - | User: - | watchfiles.main — 1 change detected
2026-07-02 03:05:27,569 | INFO     | IP: - | User: - | watchfiles.main — 1 change detected
2026-07-02 03:05:27,927 | INFO     | IP: - | User: - | watchfiles.main — 1 change detected
2026-07-02 03:05:28,284 | INFO     | IP: - | User: - | watchfiles.main — 1 change detected
2026-07-02 03:05:28,642 | INFO     | IP: - | User: - | watchfiles.main — 1 change detected
2026-07-02 03:05:28,999 | INFO     | IP: - | User: - | watchfiles.main — 1 change detected
2026-07-02 03:05:29,359 | INFO     | IP: - | User: - | watchfiles.main — 1 change detected
2026-07-02 03:05:29,717 | INFO     | IP: - | User: - | watchfiles.main — 23 changes detected
2026-07-02 03:05:30,076 | INFO     | IP: - | User: - | watchfiles.main — 34 changes detected
2026-07-02 03:05:30,442 | INFO     | IP: - | User: - | watchfiles.main — 1 change detected
2026-07-02 03:05:30,807 | INFO     | IP: - | User: - | watchfiles.main — 1 change detected
2026-07-02 03:05:31,190 | INFO     | IP: - | User: - | watchfiles.main — 1 change detected
2026-07-02 03:05:31,542 | INFO     | IP: - | User: - | watchfiles.main — 1 change detected
2026-07-02 03:05:31,900 | INFO     | IP: - | User: - | watchfiles.main — 1 change detected
2026-07-02 03:05:32,261 | INFO     | IP: - | User: - | watchfiles.main — 1 change detected
2026-07-02 03:05:32,618 | INFO     | IP: - | User: - | watchfiles.main — 1 change detected
2026-07-02 03:05:32,977 | INFO     | IP: - | User: - | watchfiles.main — 1 change detected
2026-07-02 03:05:33,334 | INFO     | IP: - | User: - | watchfiles.main — 1 change detected
2026-07-02 03:05:33,692 | INFO     | IP: - | User: - | watchfiles.main — 1 change detected
2026-07-02 03:05:34,051 | INFO     | IP: - | User: - | watchfiles.main — 1 change detected
2026-07-02 03:05:34,457 | INFO     | IP: - | User: - | watchfiles.main — 1 change detected
2026-07-02 03:05:34,876 | INFO     | IP: - | User: - | watchfiles.main — 1 change detected
2026-07-02 03:05:35,231 | INFO     | IP: - | User: - | watchfiles.main — 4 changes detected
2026-07-02 03:05:35,588 | INFO     | IP: - | User: - | watchfiles.main — 1 change detected
2026-07-02 03:05:35,944 | INFO     | IP: - | User: - | watchfiles.main — 1 change detected
2026-07-02 03:05:36,304 | INFO     | IP: - | User: - | watchfiles.main — 1 change detected
2026-07-02 03:05:36,662 | INFO     | IP: - | User: - | watchfiles.main — 1 change detected
2026-07-02 03:05:37,021 | INFO     | IP: - | User: - | watchfiles.main — 10 changes detected
2026-07-02 03:05:37,378 | INFO     | IP: - | User: - | watchfiles.main — 35 changes detected
2026-07-02 03:05:37,735 | INFO     | IP: - | User: - | watchfiles.main — 1 change detected
2026-07-02 03:05:38,112 | INFO     | IP: - | User: - | watchfiles.main — 1 change detected
2026-07-02 03:05:38,467 | INFO     | IP: - | User: - | watchfiles.main — 1 change detected
2026-07-02 03:05:38,878 | INFO     | IP: - | User: - | watchfiles.main — 1 change detected
2026-07-02 03:05:39,235 | INFO     | IP: - | User: - | watchfiles.main — 1 change detected
2026-07-02 03:11:27,975 | INFO     | IP: - | User: - | watchfiles.main — 2 changes detected
2026-07-02 03:11:28,233 | INFO     | IP: - | User: - | app.main — Shutting down.
2026-07-02 03:11:30,514 | INFO     | IP: - | User: - | watchfiles.main — 2 changes detected
2026-07-02 03:11:36,549 | INFO     | IP: - | User: - | watchfiles.main — 2 changes detected
2026-07-02 03:11:37,631 | INFO     | IP: - | User: - | app.main — Initialising database …
2026-07-02 03:11:37,642 | INFO     | IP: - | User: - | app.main — Database ready.
2026-07-02 03:11:37,749 | INFO     | IP: - | User: - | app.main — Shutting down.
2026-07-02 03:11:38,641 | INFO     | IP: - | User: - | watchfiles.main — 1 change detected
2026-07-02 03:11:43,448 | INFO     | IP: - | User: - | app.main — Initialising database …
2026-07-02 03:11:43,453 | INFO     | IP: - | User: - | app.main — Database ready.
2026-07-02 03:11:53,438 | INFO     | IP: - | User: - | watchfiles.main — 1 change detected
2026-07-02 03:11:53,642 | INFO     | IP: - | User: - | app.main — Shutting down.
2026-07-02 03:11:54,458 | INFO     | IP: - | User: - | watchfiles.main — 1 change detected
2026-07-02 03:11:55,385 | INFO     | IP: - | User: - | watchfiles.main — 5 changes detected
2026-07-02 03:11:58,954 | INFO     | IP: - | User: - | app.main — Initialising database …
2026-07-02 03:11:58,959 | INFO     | IP: - | User: - | app.main — Database ready.
2026-07-02 03:11:59,026 | INFO     | IP: - | User: - | watchfiles.main — 8 changes detected
2026-07-02 03:12:05,710 | INFO     | IP: - | User: - | watchfiles.main — 1 change detected
2026-07-02 03:12:05,836 | INFO     | IP: - | User: - | app.main — Shutting down.
2026-07-02 03:12:06,654 | INFO     | IP: - | User: - | watchfiles.main — 1 change detected
2026-07-02 03:12:08,019 | INFO     | IP: - | User: - | watchfiles.main — 5 changes detected
2026-07-02 03:12:12,027 | INFO     | IP: - | User: - | app.main — Initialising database …
2026-07-02 03:12:12,035 | INFO     | IP: - | User: - | app.main — Database ready.
2026-07-02 03:13:21,185 | INFO     | IP: - | User: - | watchfiles.main — 1 change detected
2026-07-02 03:13:21,344 | INFO     | IP: - | User: - | app.main — Shutting down.
2026-07-02 03:13:22,176 | INFO     | IP: - | User: - | watchfiles.main — 1 change detected
2026-07-02 03:13:25,491 | INFO     | IP: - | User: - | watchfiles.main — 5 changes detected
2026-07-02 03:13:26,241 | INFO     | IP: - | User: - | app.main — Initialising database …
2026-07-02 03:13:26,248 | INFO     | IP: - | User: - | app.main — Database ready.
2026-07-02 03:13:50,323 | INFO     | IP: - | User: - | watchfiles.main — 1 change detected
2026-07-02 03:13:50,444 | INFO     | IP: - | User: - | app.main — Shutting down.
2026-07-02 03:13:51,157 | INFO     | IP: - | User: - | watchfiles.main — 1 change detected
2026-07-02 03:13:55,085 | INFO     | IP: - | User: - | app.main — Initialising database …
2026-07-02 03:13:55,091 | INFO     | IP: - | User: - | app.main — Database ready.
2026-07-02 03:13:55,092 | INFO     | IP: - | User: - | watchfiles.main — 5 changes detected
2026-07-02 03:14:42,050 | INFO     | IP: - | User: - | watchfiles.main — 1 change detected
2026-07-02 03:14:42,249 | INFO     | IP: - | User: - | app.main — Shutting down.
2026-07-02 03:14:43,416 | INFO     | IP: - | User: - | watchfiles.main — 1 change detected
2026-07-02 03:14:49,238 | INFO     | IP: - | User: - | app.main — Initialising database …
2026-07-02 03:14:49,252 | INFO     | IP: - | User: - | app.main — Database ready.
2026-07-02 03:14:49,267 | INFO     | IP: - | User: - | watchfiles.main — 5 changes detected
2026-07-02 03:15:07,102 | INFO     | IP: - | User: - | watchfiles.main — 1 change detected
2026-07-02 03:15:07,256 | INFO     | IP: - | User: - | app.main — Shutting down.
2026-07-02 03:15:08,283 | INFO     | IP: - | User: - | watchfiles.main — 1 change detected
2026-07-02 03:15:13,631 | INFO     | IP: - | User: - | watchfiles.main — 5 changes detected
2026-07-02 03:15:13,923 | INFO     | IP: - | User: - | app.main — Initialising database …
2026-07-02 03:15:13,931 | INFO     | IP: - | User: - | app.main — Database ready.
2026-07-02 03:16:34,302 | INFO     | IP: - | User: - | watchfiles.main — 1 change detected
2026-07-02 03:17:14,842 | INFO     | IP: - | User: - | watchfiles.main — 1 change detected
2026-07-02 03:20:26,928 | INFO     | IP: - | User: - | watchfiles.main — 1 change detected
2026-07-02 03:20:27,284 | INFO     | IP: - | User: - | watchfiles.main — 1 change detected
2026-07-02 03:20:27,638 | INFO     | IP: - | User: - | watchfiles.main — 1 change detected
2026-07-02 03:20:28,041 | INFO     | IP: - | User: - | watchfiles.main — 1 change detected
2026-07-02 03:20:28,396 | INFO     | IP: - | User: - | watchfiles.main — 1 change detected
2026-07-02 03:20:28,805 | INFO     | IP: - | User: - | watchfiles.main — 1 change detected
2026-07-02 03:20:29,166 | INFO     | IP: - | User: - | watchfiles.main — 1 change detected
2026-07-02 03:20:29,574 | INFO     | IP: - | User: - | watchfiles.main — 1 change detected
2026-07-02 03:20:29,979 | INFO     | IP: - | User: - | watchfiles.main — 1 change detected
2026-07-02 03:20:30,385 | INFO     | IP: - | User: - | watchfiles.main — 1 change detected
2026-07-02 03:20:30,739 | INFO     | IP: - | User: - | watchfiles.main — 1 change detected
2026-07-02 03:20:31,142 | INFO     | IP: - | User: - | watchfiles.main — 1 change detected
2026-07-02 03:20:31,545 | INFO     | IP: - | User: - | watchfiles.main — 1 change detected
2026-07-02 03:20:31,898 | INFO     | IP: - | User: - | watchfiles.main — 1 change detected
2026-07-02 03:20:32,302 | INFO     | IP: - | User: - | watchfiles.main — 1 change detected
2026-07-02 03:20:32,658 | INFO     | IP: - | User: - | watchfiles.main — 1 change detected
2026-07-02 03:20:33,065 | INFO     | IP: - | User: - | watchfiles.main — 1 change detected
2026-07-02 03:20:33,467 | INFO     | IP: - | User: - | watchfiles.main — 1 change detected
2026-07-02 03:20:33,827 | INFO     | IP: - | User: - | watchfiles.main — 1 change detected
2026-07-02 03:20:34,229 | INFO     | IP: - | User: - | watchfiles.main — 1 change detected
2026-07-02 03:20:34,632 | INFO     | IP: - | User: - | watchfiles.main — 1 change detected
2026-07-02 03:20:35,036 | INFO     | IP: - | User: - | watchfiles.main — 1 change detected
2026-07-02 03:20:35,388 | INFO     | IP: - | User: - | watchfiles.main — 1 change detected
2026-07-02 03:20:35,805 | INFO     | IP: - | User: - | watchfiles.main — 1 change detected
2026-07-02 03:20:36,181 | INFO     | IP: - | User: - | watchfiles.main — 1 change detected
2026-07-02 03:20:36,705 | INFO     | IP: - | User: - | watchfiles.main — 1 change detected
2026-07-02 03:20:37,058 | INFO     | IP: - | User: - | watchfiles.main — 1 change detected
2026-07-02 03:20:37,461 | INFO     | IP: - | User: - | watchfiles.main — 1 change detected
2026-07-02 03:20:37,865 | INFO     | IP: - | User: - | watchfiles.main — 1 change detected
2026-07-02 03:20:38,234 | INFO     | IP: - | User: - | watchfiles.main — 1 change detected
2026-07-02 03:20:38,638 | INFO     | IP: - | User: - | watchfiles.main — 1 change detected
2026-07-02 03:20:39,051 | INFO     | IP: - | User: - | watchfiles.main — 1 change detected
2026-07-02 03:20:39,406 | INFO     | IP: - | User: - | watchfiles.main — 1 change detected
2026-07-02 03:20:39,817 | INFO     | IP: - | User: - | watchfiles.main — 1 change detected
2026-07-02 03:20:40,237 | INFO     | IP: - | User: - | watchfiles.main — 1 change detected
2026-07-02 03:20:40,668 | INFO     | IP: - | User: - | watchfiles.main — 1 change detected
2026-07-02 03:20:41,087 | INFO     | IP: - | User: - | watchfiles.main — 1 change detected
2026-07-02 03:20:41,523 | INFO     | IP: - | User: - | watchfiles.main — 1 change detected
2026-07-02 03:20:42,149 | INFO     | IP: - | User: - | watchfiles.main — 1 change detected
2026-07-02 03:20:42,584 | INFO     | IP: - | User: - | watchfiles.main — 1 change detected
2026-07-02 03:20:43,058 | INFO     | IP: - | User: - | watchfiles.main — 1 change detected
2026-07-02 03:20:43,583 | INFO     | IP: - | User: - | watchfiles.main — 1 change detected
2026-07-02 03:20:44,020 | INFO     | IP: - | User: - | watchfiles.main — 1 change detected
2026-07-02 03:20:49,668 | INFO     | IP: - | User: - | watchfiles.main — 1 change detected
2026-07-02 03:20:50,045 | INFO     | IP: - | User: - | watchfiles.main — 1 change detected
2026-07-02 03:20:50,523 | INFO     | IP: - | User: - | watchfiles.main — 1 change detected
2026-07-02 03:20:51,000 | INFO     | IP: - | User: - | watchfiles.main — 1 change detected
2026-07-02 03:20:51,467 | INFO     | IP: - | User: - | watchfiles.main — 1 change detected
2026-07-02 03:20:51,885 | INFO     | IP: - | User: - | watchfiles.main — 1 change detected
2026-07-02 03:20:52,404 | INFO     | IP: - | User: - | watchfiles.main — 1 change detected
2026-07-02 03:20:52,766 | INFO     | IP: - | User: - | watchfiles.main — 1 change detected
2026-07-02 03:20:53,342 | INFO     | IP: - | User: - | watchfiles.main — 1 change detected
2026-07-02 03:20:53,799 | INFO     | IP: - | User: - | watchfiles.main — 1 change detected
2026-07-02 03:20:54,234 | INFO     | IP: - | User: - | watchfiles.main — 1 change detected
2026-07-02 03:20:54,714 | INFO     | IP: - | User: - | watchfiles.main — 1 change detected
2026-07-02 03:20:55,356 | INFO     | IP: - | User: - | watchfiles.main — 1 change detected
2026-07-02 03:20:56,421 | INFO     | IP: - | User: - | watchfiles.main — 1 change detected
2026-07-02 03:20:56,786 | INFO     | IP: - | User: - | watchfiles.main — 1 change detected
2026-07-02 03:20:57,167 | INFO     | IP: - | User: - | watchfiles.main — 1 change detected
2026-07-02 03:20:57,559 | INFO     | IP: - | User: - | watchfiles.main — 1 change detected
2026-07-02 03:20:57,939 | INFO     | IP: - | User: - | watchfiles.main — 1 change detected
2026-07-02 03:20:58,323 | INFO     | IP: - | User: - | watchfiles.main — 1 change detected
2026-07-02 03:20:58,687 | INFO     | IP: - | User: - | watchfiles.main — 1 change detected
2026-07-02 03:20:59,047 | INFO     | IP: - | User: - | watchfiles.main — 1 change detected
2026-07-02 03:20:59,404 | INFO     | IP: - | User: - | watchfiles.main — 1 change detected
2026-07-02 03:20:59,758 | INFO     | IP: - | User: - | watchfiles.main — 1 change detected
2026-07-02 03:21:00,115 | INFO     | IP: - | User: - | watchfiles.main — 1 change detected
2026-07-02 03:21:00,473 | INFO     | IP: - | User: - | watchfiles.main — 1 change detected
2026-07-02 03:21:00,880 | INFO     | IP: - | User: - | watchfiles.main — 1 change detected
2026-07-02 03:21:01,244 | INFO     | IP: - | User: - | watchfiles.main — 1 change detected
2026-07-02 03:21:01,618 | INFO     | IP: - | User: - | watchfiles.main — 1 change detected
2026-07-02 03:21:01,984 | INFO     | IP: - | User: - | watchfiles.main — 1 change detected
2026-07-02 03:21:02,436 | INFO     | IP: - | User: - | watchfiles.main — 1 change detected
2026-07-02 03:21:02,801 | INFO     | IP: - | User: - | watchfiles.main — 1 change detected
2026-07-02 03:21:03,209 | INFO     | IP: - | User: - | watchfiles.main — 1 change detected
2026-07-02 03:21:03,682 | INFO     | IP: - | User: - | watchfiles.main — 1 change detected
2026-07-02 03:21:04,092 | INFO     | IP: - | User: - | watchfiles.main — 1 change detected
2026-07-02 03:21:04,459 | INFO     | IP: - | User: - | watchfiles.main — 1 change detected
2026-07-02 03:21:04,829 | INFO     | IP: - | User: - | watchfiles.main — 1 change detected
2026-07-02 03:21:05,196 | INFO     | IP: - | User: - | watchfiles.main — 1 change detected
2026-07-02 03:21:05,603 | INFO     | IP: - | User: - | watchfiles.main — 1 change detected
2026-07-02 03:21:06,007 | INFO     | IP: - | User: - | watchfiles.main — 1 change detected
2026-07-02 03:21:06,411 | INFO     | IP: - | User: - | watchfiles.main — 1 change detected
2026-07-02 03:21:06,813 | INFO     | IP: - | User: - | watchfiles.main — 1 change detected
2026-07-02 03:21:07,221 | INFO     | IP: - | User: - | watchfiles.main — 1 change detected
2026-07-02 03:21:07,671 | INFO     | IP: - | User: - | watchfiles.main — 1 change detected
2026-07-02 03:21:08,033 | INFO     | IP: - | User: - | watchfiles.main — 1 change detected
2026-07-02 03:21:08,442 | INFO     | IP: - | User: - | watchfiles.main — 1 change detected
2026-07-02 03:21:08,849 | INFO     | IP: - | User: - | watchfiles.main — 1 change detected
2026-07-02 03:21:09,254 | INFO     | IP: - | User: - | watchfiles.main — 1 change detected
2026-07-02 03:21:09,662 | INFO     | IP: - | User: - | watchfiles.main — 1 change detected
2026-07-02 03:21:10,067 | INFO     | IP: - | User: - | watchfiles.main — 1 change detected
2026-07-02 03:21:10,474 | INFO     | IP: - | User: - | watchfiles.main — 1 change detected
2026-07-02 03:21:10,882 | INFO     | IP: - | User: - | watchfiles.main — 1 change detected
2026-07-02 03:21:11,296 | INFO     | IP: - | User: - | watchfiles.main — 1 change detected
2026-07-02 03:21:11,705 | INFO     | IP: - | User: - | watchfiles.main — 1 change detected
2026-07-02 03:21:12,109 | INFO     | IP: - | User: - | watchfiles.main — 1 change detected
2026-07-02 03:21:12,513 | INFO     | IP: - | User: - | watchfiles.main — 1 change detected
2026-07-02 03:21:12,917 | INFO     | IP: - | User: - | watchfiles.main — 1 change detected
2026-07-02 03:21:13,323 | INFO     | IP: - | User: - | watchfiles.main — 1 change detected
2026-07-02 03:21:13,729 | INFO     | IP: - | User: - | watchfiles.main — 1 change detected
2026-07-02 03:21:14,136 | INFO     | IP: - | User: - | watchfiles.main — 1 change detected
2026-07-02 03:21:14,541 | INFO     | IP: - | User: - | watchfiles.main — 1 change detected
2026-07-02 03:21:14,895 | INFO     | IP: - | User: - | watchfiles.main — 1 change detected
2026-07-02 03:21:15,256 | INFO     | IP: - | User: - | watchfiles.main — 1 change detected
2026-07-02 03:21:15,615 | INFO     | IP: - | User: - | watchfiles.main — 1 change detected
2026-07-02 03:21:15,976 | INFO     | IP: - | User: - | watchfiles.main — 1 change detected
2026-07-02 03:21:16,336 | INFO     | IP: - | User: - | watchfiles.main — 1 change detected
2026-07-02 03:21:16,776 | INFO     | IP: - | User: - | watchfiles.main — 1 change detected
2026-07-02 03:21:17,237 | INFO     | IP: - | User: - | watchfiles.main — 1 change detected
2026-07-02 03:21:17,597 | INFO     | IP: - | User: - | watchfiles.main — 1 change detected
2026-07-02 03:21:17,958 | INFO     | IP: - | User: - | watchfiles.main — 1 change detected
2026-07-02 03:21:18,320 | INFO     | IP: - | User: - | watchfiles.main — 1 change detected
2026-07-02 03:21:18,679 | INFO     | IP: - | User: - | watchfiles.main — 1 change detected
2026-07-02 03:21:19,038 | INFO     | IP: - | User: - | watchfiles.main — 1 change detected
2026-07-02 03:21:19,398 | INFO     | IP: - | User: - | watchfiles.main — 1 change detected
2026-07-02 03:21:19,807 | INFO     | IP: - | User: - | watchfiles.main — 1 change detected
2026-07-02 03:21:20,212 | INFO     | IP: - | User: - | watchfiles.main — 1 change detected
2026-07-02 03:21:20,619 | INFO     | IP: - | User: - | watchfiles.main — 1 change detected
2026-07-02 03:21:21,025 | INFO     | IP: - | User: - | watchfiles.main — 1 change detected
2026-07-02 03:21:21,432 | INFO     | IP: - | User: - | watchfiles.main — 1 change detected
2026-07-02 03:21:21,841 | INFO     | IP: - | User: - | watchfiles.main — 1 change detected
2026-07-02 03:21:22,249 | INFO     | IP: - | User: - | watchfiles.main — 1 change detected
2026-07-02 03:21:22,653 | INFO     | IP: - | User: - | watchfiles.main — 1 change detected
2026-07-02 03:21:23,057 | INFO     | IP: - | User: - | watchfiles.main — 1 change detected
2026-07-02 03:21:23,464 | INFO     | IP: - | User: - | watchfiles.main — 1 change detected
2026-07-02 03:21:23,869 | INFO     | IP: - | User: - | watchfiles.main — 1 change detected
2026-07-02 03:21:24,276 | INFO     | IP: - | User: - | watchfiles.main — 1 change detected
2026-07-02 03:21:24,645 | INFO     | IP: - | User: - | watchfiles.main — 1 change detected
2026-07-02 03:21:25,055 | INFO     | IP: - | User: - | watchfiles.main — 1 change detected
2026-07-02 03:21:25,463 | INFO     | IP: - | User: - | watchfiles.main — 1 change detected
2026-07-02 03:21:25,868 | INFO     | IP: - | User: - | watchfiles.main — 1 change detected
2026-07-02 03:21:26,274 | INFO     | IP: - | User: - | watchfiles.main — 1 change detected
2026-07-02 03:21:26,682 | INFO     | IP: - | User: - | watchfiles.main — 1 change detected
2026-07-02 03:21:27,090 | INFO     | IP: - | User: - | watchfiles.main — 1 change detected
2026-07-02 03:21:27,497 | INFO     | IP: - | User: - | watchfiles.main — 1 change detected
2026-07-02 03:21:27,901 | INFO     | IP: - | User: - | watchfiles.main — 1 change detected
2026-07-02 03:21:28,256 | INFO     | IP: - | User: - | watchfiles.main — 1 change detected
2026-07-02 03:21:28,615 | INFO     | IP: - | User: - | watchfiles.main — 1 change detected
2026-07-02 03:21:28,972 | INFO     | IP: - | User: - | watchfiles.main — 1 change detected
2026-07-02 03:21:29,380 | INFO     | IP: - | User: - | watchfiles.main — 1 change detected
2026-07-02 03:21:29,830 | INFO     | IP: - | User: - | watchfiles.main — 1 change detected
2026-07-02 03:21:30,183 | INFO     | IP: - | User: - | watchfiles.main — 1 change detected
2026-07-02 03:21:30,587 | INFO     | IP: - | User: - | watchfiles.main — 1 change detected
2026-07-02 03:21:30,939 | INFO     | IP: - | User: - | watchfiles.main — 1 change detected
2026-07-02 03:21:31,343 | INFO     | IP: - | User: - | watchfiles.main — 1 change detected
2026-07-02 03:21:31,747 | INFO     | IP: - | User: - | watchfiles.main — 1 change detected
2026-07-02 03:21:32,103 | INFO     | IP: - | User: - | watchfiles.main — 1 change detected
2026-07-02 03:21:32,509 | INFO     | IP: - | User: - | watchfiles.main — 1 change detected
2026-07-02 03:21:32,912 | INFO     | IP: - | User: - | watchfiles.main — 1 change detected
2026-07-02 03:21:33,266 | INFO     | IP: - | User: - | watchfiles.main — 1 change detected
2026-07-02 03:21:33,670 | INFO     | IP: - | User: - | watchfiles.main — 1 change detected
2026-07-02 03:21:34,023 | INFO     | IP: - | User: - | watchfiles.main — 1 change detected
2026-07-02 03:21:34,427 | INFO     | IP: - | User: - | watchfiles.main — 1 change detected
2026-07-02 03:21:34,830 | INFO     | IP: - | User: - | watchfiles.main — 1 change detected
2026-07-02 03:21:35,182 | INFO     | IP: - | User: - | watchfiles.main — 1 change detected
2026-07-02 03:21:35,593 | INFO     | IP: - | User: - | watchfiles.main — 1 change detected
2026-07-02 03:21:35,944 | INFO     | IP: - | User: - | watchfiles.main — 1 change detected
2026-07-02 03:21:36,357 | INFO     | IP: - | User: - | watchfiles.main — 1 change detected
2026-07-02 03:21:36,712 | INFO     | IP: - | User: - | watchfiles.main — 1 change detected
2026-07-02 03:21:37,067 | INFO     | IP: - | User: - | watchfiles.main — 1 change detected
2026-07-02 03:21:37,445 | INFO     | IP: - | User: - | watchfiles.main — 1 change detected
2026-07-02 03:21:37,798 | INFO     | IP: - | User: - | watchfiles.main — 1 change detected
2026-07-02 03:21:38,152 | INFO     | IP: - | User: - | watchfiles.main — 1 change detected
2026-07-02 03:21:38,561 | INFO     | IP: - | User: - | watchfiles.main — 1 change detected
2026-07-02 03:21:38,958 | INFO     | IP: - | User: - | watchfiles.main — 1 change detected
2026-07-02 03:21:39,310 | INFO     | IP: - | User: - | watchfiles.main — 1 change detected
2026-07-02 03:21:39,662 | INFO     | IP: - | User: - | watchfiles.main — 1 change detected
2026-07-02 03:21:40,026 | INFO     | IP: - | User: - | watchfiles.main — 1 change detected
2026-07-02 03:21:40,383 | INFO     | IP: - | User: - | watchfiles.main — 1 change detected
2026-07-02 03:21:40,736 | INFO     | IP: - | User: - | watchfiles.main — 1 change detected
2026-07-02 03:21:41,113 | INFO     | IP: - | User: - | watchfiles.main — 1 change detected
2026-07-02 03:21:41,517 | INFO     | IP: - | User: - | watchfiles.main — 1 change detected
2026-07-02 03:21:41,921 | INFO     | IP: - | User: - | watchfiles.main — 1 change detected
2026-07-02 03:21:42,276 | INFO     | IP: - | User: - | watchfiles.main — 1 change detected
2026-07-02 03:21:42,682 | INFO     | IP: - | User: - | watchfiles.main — 1 change detected
2026-07-02 03:21:43,099 | INFO     | IP: - | User: - | watchfiles.main — 1 change detected
2026-07-02 03:21:43,505 | INFO     | IP: - | User: - | watchfiles.main — 1 change detected
2026-07-02 03:21:43,859 | INFO     | IP: - | User: - | watchfiles.main — 1 change detected
2026-07-02 03:21:44,275 | INFO     | IP: - | User: - | watchfiles.main — 1 change detected
2026-07-02 03:21:44,627 | INFO     | IP: - | User: - | watchfiles.main — 1 change detected
2026-07-02 03:21:45,032 | INFO     | IP: - | User: - | watchfiles.main — 1 change detected
2026-07-02 03:21:45,440 | INFO     | IP: - | User: - | watchfiles.main — 1 change detected
2026-07-02 03:21:45,793 | INFO     | IP: - | User: - | watchfiles.main — 1 change detected
2026-07-02 03:21:46,197 | INFO     | IP: - | User: - | watchfiles.main — 1 change detected
2026-07-02 03:21:46,600 | INFO     | IP: - | User: - | watchfiles.main — 1 change detected
2026-07-02 03:21:46,955 | INFO     | IP: - | User: - | watchfiles.main — 1 change detected
2026-07-02 03:21:47,360 | INFO     | IP: - | User: - | watchfiles.main — 1 change detected
2026-07-02 03:21:47,765 | INFO     | IP: - | User: - | watchfiles.main — 1 change detected
2026-07-02 03:21:48,120 | INFO     | IP: - | User: - | watchfiles.main — 1 change detected
2026-07-02 03:21:48,525 | INFO     | IP: - | User: - | watchfiles.main — 1 change detected
2026-07-02 03:21:48,882 | INFO     | IP: - | User: - | watchfiles.main — 1 change detected
2026-07-02 03:21:49,288 | INFO     | IP: - | User: - | watchfiles.main — 1 change detected
2026-07-02 03:21:49,643 | INFO     | IP: - | User: - | watchfiles.main — 1 change detected
2026-07-02 03:21:50,049 | INFO     | IP: - | User: - | watchfiles.main — 1 change detected
2026-07-02 03:21:50,402 | INFO     | IP: - | User: - | watchfiles.main — 1 change detected
2026-07-02 03:21:50,809 | INFO     | IP: - | User: - | watchfiles.main — 1 change detected
2026-07-02 03:21:51,163 | INFO     | IP: - | User: - | watchfiles.main — 1 change detected
2026-07-02 03:21:51,567 | INFO     | IP: - | User: - | watchfiles.main — 1 change detected
2026-07-02 03:21:51,969 | INFO     | IP: - | User: - | watchfiles.main — 1 change detected
2026-07-02 03:21:52,324 | INFO     | IP: - | User: - | watchfiles.main — 1 change detected
2026-07-02 03:21:52,727 | INFO     | IP: - | User: - | watchfiles.main — 1 change detected
2026-07-02 03:21:53,134 | INFO     | IP: - | User: - | watchfiles.main — 1 change detected
2026-07-02 03:21:53,559 | INFO     | IP: - | User: - | watchfiles.main — 1 change detected
2026-07-02 03:21:53,913 | INFO     | IP: - | User: - | watchfiles.main — 1 change detected
2026-07-02 03:21:54,320 | INFO     | IP: - | User: - | watchfiles.main — 1 change detected
2026-07-02 03:21:54,723 | INFO     | IP: - | User: - | watchfiles.main — 1 change detected
2026-07-02 03:21:55,078 | INFO     | IP: - | User: - | watchfiles.main — 1 change detected
2026-07-02 03:21:55,483 | INFO     | IP: - | User: - | watchfiles.main — 1 change detected
2026-07-02 03:21:55,887 | INFO     | IP: - | User: - | watchfiles.main — 1 change detected
2026-07-02 03:21:56,240 | INFO     | IP: - | User: - | watchfiles.main — 1 change detected
2026-07-02 03:21:56,643 | INFO     | IP: - | User: - | watchfiles.main — 1 change detected
2026-07-02 03:21:57,047 | INFO     | IP: - | User: - | watchfiles.main — 1 change detected
2026-07-02 03:21:57,402 | INFO     | IP: - | User: - | watchfiles.main — 1 change detected
2026-07-02 03:21:57,806 | INFO     | IP: - | User: - | watchfiles.main — 1 change detected
2026-07-02 03:21:58,210 | INFO     | IP: - | User: - | watchfiles.main — 1 change detected
2026-07-02 03:21:58,563 | INFO     | IP: - | User: - | watchfiles.main — 1 change detected
2026-07-02 03:21:58,966 | INFO     | IP: - | User: - | watchfiles.main — 1 change detected
2026-07-02 03:21:59,320 | INFO     | IP: - | User: - | watchfiles.main — 1 change detected
2026-07-02 03:21:59,723 | INFO     | IP: - | User: - | watchfiles.main — 1 change detected
2026-07-02 03:22:00,128 | INFO     | IP: - | User: - | watchfiles.main — 1 change detected
2026-07-02 03:22:00,484 | INFO     | IP: - | User: - | watchfiles.main — 1 change detected
2026-07-02 03:22:00,889 | INFO     | IP: - | User: - | watchfiles.main — 1 change detected
2026-07-02 03:22:01,299 | INFO     | IP: - | User: - | watchfiles.main — 1 change detected
2026-07-02 03:22:01,653 | INFO     | IP: - | User: - | watchfiles.main — 1 change detected
2026-07-02 03:22:02,059 | INFO     | IP: - | User: - | watchfiles.main — 1 change detected
2026-07-02 03:22:02,464 | INFO     | IP: - | User: - | watchfiles.main — 1 change detected
2026-07-02 03:22:02,817 | INFO     | IP: - | User: - | watchfiles.main — 1 change detected
2026-07-02 03:22:03,222 | INFO     | IP: - | User: - | watchfiles.main — 1 change detected
2026-07-02 03:22:03,576 | INFO     | IP: - | User: - | watchfiles.main — 1 change detected
2026-07-02 03:22:03,980 | INFO     | IP: - | User: - | watchfiles.main — 1 change detected
2026-07-02 03:22:04,385 | INFO     | IP: - | User: - | watchfiles.main — 1 change detected
2026-07-02 03:22:04,739 | INFO     | IP: - | User: - | watchfiles.main — 1 change detected
2026-07-02 03:22:05,143 | INFO     | IP: - | User: - | watchfiles.main — 1 change detected
2026-07-02 03:22:05,548 | INFO     | IP: - | User: - | watchfiles.main — 1 change detected
2026-07-02 03:22:05,962 | INFO     | IP: - | User: - | watchfiles.main — 1 change detected
2026-07-02 03:22:06,330 | INFO     | IP: - | User: - | watchfiles.main — 1 change detected
2026-07-02 03:22:06,737 | INFO     | IP: - | User: - | watchfiles.main — 1 change detected
2026-07-02 03:22:07,141 | INFO     | IP: - | User: - | watchfiles.main — 1 change detected
2026-07-02 03:22:07,549 | INFO     | IP: - | User: - | watchfiles.main — 1 change detected
2026-07-02 03:22:07,954 | INFO     | IP: - | User: - | watchfiles.main — 1 change detected
2026-07-02 03:22:08,361 | INFO     | IP: - | User: - | watchfiles.main — 1 change detected
2026-07-02 03:22:08,767 | INFO     | IP: - | User: - | watchfiles.main — 1 change detected
2026-07-02 03:22:09,171 | INFO     | IP: - | User: - | watchfiles.main — 1 change detected
2026-07-02 03:22:09,575 | INFO     | IP: - | User: - | watchfiles.main — 1 change detected
2026-07-02 03:22:09,980 | INFO     | IP: - | User: - | watchfiles.main — 1 change detected
2026-07-02 03:22:10,387 | INFO     | IP: - | User: - | watchfiles.main — 1 change detected
2026-07-02 03:22:10,793 | INFO     | IP: - | User: - | watchfiles.main — 1 change detected
2026-07-02 03:22:11,214 | INFO     | IP: - | User: - | watchfiles.main — 1 change detected
2026-07-02 03:22:11,581 | INFO     | IP: - | User: - | watchfiles.main — 1 change detected
2026-07-02 03:22:11,986 | INFO     | IP: - | User: - | watchfiles.main — 1 change detected
2026-07-02 03:22:12,388 | INFO     | IP: - | User: - | watchfiles.main — 1 change detected
2026-07-02 03:22:12,792 | INFO     | IP: - | User: - | watchfiles.main — 1 change detected
2026-07-02 03:22:13,143 | INFO     | IP: - | User: - | watchfiles.main — 1 change detected
2026-07-02 03:22:13,545 | INFO     | IP: - | User: - | watchfiles.main — 1 change detected
2026-07-02 03:22:13,950 | INFO     | IP: - | User: - | watchfiles.main — 1 change detected
2026-07-02 03:22:14,305 | INFO     | IP: - | User: - | watchfiles.main — 1 change detected
2026-07-02 03:22:14,712 | INFO     | IP: - | User: - | watchfiles.main — 1 change detected
2026-07-02 03:22:15,117 | INFO     | IP: - | User: - | watchfiles.main — 1 change detected
2026-07-02 03:22:15,472 | INFO     | IP: - | User: - | watchfiles.main — 1 change detected
2026-07-02 03:22:15,877 | INFO     | IP: - | User: - | watchfiles.main — 1 change detected
2026-07-02 03:22:16,230 | INFO     | IP: - | User: - | watchfiles.main — 1 change detected
2026-07-02 03:22:16,635 | INFO     | IP: - | User: - | watchfiles.main — 1 change detected
2026-07-02 03:22:17,039 | INFO     | IP: - | User: - | watchfiles.main — 1 change detected
2026-07-02 03:22:17,393 | INFO     | IP: - | User: - | watchfiles.main — 1 change detected
2026-07-02 03:22:17,797 | INFO     | IP: - | User: - | watchfiles.main — 1 change detected
2026-07-02 03:22:18,218 | INFO     | IP: - | User: - | watchfiles.main — 1 change detected
2026-07-02 03:22:18,673 | INFO     | IP: - | User: - | watchfiles.main — 1 change detected
2026-07-02 03:22:19,077 | INFO     | IP: - | User: - | watchfiles.main — 1 change detected
2026-07-02 03:22:19,481 | INFO     | IP: - | User: - | watchfiles.main — 1 change detected
2026-07-02 03:22:19,836 | INFO     | IP: - | User: - | watchfiles.main — 1 change detected
2026-07-02 03:22:20,241 | INFO     | IP: - | User: - | watchfiles.main — 1 change detected
2026-07-02 03:22:20,644 | INFO     | IP: - | User: - | watchfiles.main — 1 change detected
2026-07-02 03:22:21,048 | INFO     | IP: - | User: - | watchfiles.main — 1 change detected
2026-07-02 03:22:21,400 | INFO     | IP: - | User: - | watchfiles.main — 1 change detected
2026-07-02 03:22:21,806 | INFO     | IP: - | User: - | watchfiles.main — 1 change detected
2026-07-02 03:22:22,210 | INFO     | IP: - | User: - | watchfiles.main — 1 change detected
2026-07-02 03:22:22,564 | INFO     | IP: - | User: - | watchfiles.main — 1 change detected
2026-07-02 03:22:22,968 | INFO     | IP: - | User: - | watchfiles.main — 1 change detected
2026-07-02 03:22:23,373 | INFO     | IP: - | User: - | watchfiles.main — 1 change detected
2026-07-02 03:22:23,727 | INFO     | IP: - | User: - | watchfiles.main — 1 change detected
2026-07-02 03:22:24,132 | INFO     | IP: - | User: - | watchfiles.main — 1 change detected
2026-07-02 03:22:24,537 | INFO     | IP: - | User: - | watchfiles.main — 1 change detected
2026-07-02 03:22:24,892 | INFO     | IP: - | User: - | watchfiles.main — 1 change detected
2026-07-02 03:22:25,296 | INFO     | IP: - | User: - | watchfiles.main — 1 change detected
2026-07-02 03:22:25,652 | INFO     | IP: - | User: - | watchfiles.main — 1 change detected
2026-07-02 03:22:26,056 | INFO     | IP: - | User: - | watchfiles.main — 1 change detected
2026-07-02 03:22:26,462 | INFO     | IP: - | User: - | watchfiles.main — 1 change detected
2026-07-02 03:22:27,004 | INFO     | IP: - | User: - | watchfiles.main — 1 change detected
2026-07-02 03:22:27,472 | INFO     | IP: - | User: - | watchfiles.main — 1 change detected
2026-07-02 03:22:27,827 | INFO     | IP: - | User: - | watchfiles.main — 1 change detected
2026-07-02 03:22:28,182 | INFO     | IP: - | User: - | watchfiles.main — 1 change detected
2026-07-02 03:22:28,537 | INFO     | IP: - | User: - | watchfiles.main — 1 change detected
2026-07-02 03:22:28,890 | INFO     | IP: - | User: - | watchfiles.main — 1 change detected
2026-07-02 03:22:29,244 | INFO     | IP: - | User: - | watchfiles.main — 1 change detected
2026-07-02 03:22:29,598 | INFO     | IP: - | User: - | watchfiles.main — 1 change detected
2026-07-02 03:22:29,951 | INFO     | IP: - | User: - | watchfiles.main — 1 change detected
2026-07-02 03:22:30,305 | INFO     | IP: - | User: - | watchfiles.main — 1 change detected
2026-07-02 03:22:30,668 | INFO     | IP: - | User: - | watchfiles.main — 1 change detected
2026-07-02 03:22:31,081 | INFO     | IP: - | User: - | watchfiles.main — 1 change detected
2026-07-02 03:22:31,486 | INFO     | IP: - | User: - | watchfiles.main — 1 change detected
2026-07-02 03:22:31,854 | INFO     | IP: - | User: - | watchfiles.main — 1 change detected
2026-07-02 03:22:32,271 | INFO     | IP: - | User: - | watchfiles.main — 1 change detected
2026-07-02 03:22:32,786 | INFO     | IP: - | User: - | watchfiles.main — 1 change detected
2026-07-02 03:22:33,201 | INFO     | IP: - | User: - | watchfiles.main — 1 change detected
2026-07-02 03:22:33,607 | INFO     | IP: - | User: - | watchfiles.main — 1 change detected
2026-07-02 03:22:34,011 | INFO     | IP: - | User: - | watchfiles.main — 1 change detected
2026-07-02 03:22:34,417 | INFO     | IP: - | User: - | watchfiles.main — 1 change detected
2026-07-02 03:22:34,823 | INFO     | IP: - | User: - | watchfiles.main — 1 change detected
2026-07-02 03:22:35,241 | INFO     | IP: - | User: - | watchfiles.main — 1 change detected
2026-07-02 03:22:35,647 | INFO     | IP: - | User: - | watchfiles.main — 1 change detected
2026-07-02 03:22:36,052 | INFO     | IP: - | User: - | watchfiles.main — 1 change detected
2026-07-02 03:22:36,458 | INFO     | IP: - | User: - | watchfiles.main — 1 change detected
2026-07-02 03:22:36,864 | INFO     | IP: - | User: - | watchfiles.main — 1 change detected
2026-07-02 03:22:37,231 | INFO     | IP: - | User: - | watchfiles.main — 1 change detected
2026-07-02 03:22:37,640 | INFO     | IP: - | User: - | watchfiles.main — 1 change detected
2026-07-02 03:22:38,046 | INFO     | IP: - | User: - | watchfiles.main — 1 change detected
2026-07-02 03:22:38,464 | INFO     | IP: - | User: - | watchfiles.main — 1 change detected
2026-07-02 03:22:38,868 | INFO     | IP: - | User: - | watchfiles.main — 1 change detected
2026-07-02 03:22:39,273 | INFO     | IP: - | User: - | watchfiles.main — 1 change detected
2026-07-02 03:22:39,678 | INFO     | IP: - | User: - | watchfiles.main — 1 change detected
2026-07-02 03:22:40,031 | INFO     | IP: - | User: - | watchfiles.main — 1 change detected
2026-07-02 03:22:40,389 | INFO     | IP: - | User: - | watchfiles.main — 1 change detected
2026-07-02 03:22:40,749 | INFO     | IP: - | User: - | watchfiles.main — 1 change detected
2026-07-02 03:22:41,106 | INFO     | IP: - | User: - | watchfiles.main — 1 change detected
2026-07-02 03:22:41,465 | INFO     | IP: - | User: - | watchfiles.main — 1 change detected
2026-07-02 03:22:41,825 | INFO     | IP: - | User: - | watchfiles.main — 1 change detected
2026-07-02 03:22:42,183 | INFO     | IP: - | User: - | watchfiles.main — 1 change detected
2026-07-02 03:22:42,590 | INFO     | IP: - | User: - | watchfiles.main — 1 change detected
2026-07-02 03:22:43,020 | INFO     | IP: - | User: - | watchfiles.main — 1 change detected
2026-07-02 03:22:43,431 | INFO     | IP: - | User: - | watchfiles.main — 1 change detected
2026-07-02 03:22:43,798 | INFO     | IP: - | User: - | watchfiles.main — 1 change detected
2026-07-02 03:22:44,209 | INFO     | IP: - | User: - | watchfiles.main — 1 change detected
2026-07-02 03:22:44,615 | INFO     | IP: - | User: - | watchfiles.main — 1 change detected
2026-07-02 03:22:45,030 | INFO     | IP: - | User: - | watchfiles.main — 1 change detected
2026-07-02 03:22:45,434 | INFO     | IP: - | User: - | watchfiles.main — 1 change detected
2026-07-02 03:22:45,840 | INFO     | IP: - | User: - | watchfiles.main — 1 change detected
2026-07-02 03:22:46,247 | INFO     | IP: - | User: - | watchfiles.main — 1 change detected
2026-07-02 03:22:46,667 | INFO     | IP: - | User: - | watchfiles.main — 1 change detected
2026-07-02 03:22:47,072 | INFO     | IP: - | User: - | watchfiles.main — 1 change detected
2026-07-02 03:22:47,482 | INFO     | IP: - | User: - | watchfiles.main — 1 change detected
2026-07-02 03:22:47,898 | INFO     | IP: - | User: - | watchfiles.main — 1 change detected
2026-07-02 03:22:48,315 | INFO     | IP: - | User: - | watchfiles.main — 1 change detected
2026-07-02 03:22:48,732 | INFO     | IP: - | User: - | watchfiles.main — 1 change detected
2026-07-02 03:22:49,092 | INFO     | IP: - | User: - | watchfiles.main — 1 change detected
2026-07-02 03:22:49,509 | INFO     | IP: - | User: - | watchfiles.main — 1 change detected
2026-07-02 03:22:49,972 | INFO     | IP: - | User: - | watchfiles.main — 1 change detected
2026-07-02 03:22:50,391 | INFO     | IP: - | User: - | watchfiles.main — 1 change detected
2026-07-02 03:22:50,760 | INFO     | IP: - | User: - | watchfiles.main — 1 change detected
2026-07-02 03:22:51,216 | INFO     | IP: - | User: - | watchfiles.main — 1 change detected
2026-07-02 03:22:51,582 | INFO     | IP: - | User: - | watchfiles.main — 1 change detected
2026-07-02 03:22:51,989 | INFO     | IP: - | User: - | watchfiles.main — 1 change detected
2026-07-02 03:22:52,390 | INFO     | IP: - | User: - | watchfiles.main — 1 change detected
2026-07-02 03:22:52,794 | INFO     | IP: - | User: - | watchfiles.main — 1 change detected
2026-07-02 03:22:53,197 | INFO     | IP: - | User: - | watchfiles.main — 2 changes detected
2026-07-02 03:22:53,603 | INFO     | IP: - | User: - | watchfiles.main — 1 change detected
2026-07-02 03:22:54,010 | INFO     | IP: - | User: - | watchfiles.main — 1 change detected
2026-07-02 03:22:54,428 | INFO     | IP: - | User: - | watchfiles.main — 1 change detected
2026-07-02 03:22:54,833 | INFO     | IP: - | User: - | watchfiles.main — 1 change detected
2026-07-02 03:22:55,242 | INFO     | IP: - | User: - | watchfiles.main — 1 change detected
2026-07-02 03:22:55,660 | INFO     | IP: - | User: - | watchfiles.main — 1 change detected
2026-07-02 03:22:56,071 | INFO     | IP: - | User: - | watchfiles.main — 1 change detected
2026-07-02 03:22:56,476 | INFO     | IP: - | User: - | watchfiles.main — 1 change detected
2026-07-02 03:22:56,882 | INFO     | IP: - | User: - | watchfiles.main — 1 change detected
2026-07-02 03:22:57,288 | INFO     | IP: - | User: - | watchfiles.main — 1 change detected
2026-07-02 03:22:57,696 | INFO     | IP: - | User: - | watchfiles.main — 1 change detected
2026-07-02 03:22:58,103 | INFO     | IP: - | User: - | watchfiles.main — 1 change detected
2026-07-02 03:22:58,506 | INFO     | IP: - | User: - | watchfiles.main — 1 change detected
2026-07-02 03:22:58,910 | INFO     | IP: - | User: - | watchfiles.main — 1 change detected
2026-07-02 03:22:59,314 | INFO     | IP: - | User: - | watchfiles.main — 1 change detected
2026-07-02 03:22:59,718 | INFO     | IP: - | User: - | watchfiles.main — 1 change detected
2026-07-02 03:23:00,073 | INFO     | IP: - | User: - | watchfiles.main — 1 change detected
2026-07-02 03:23:00,480 | INFO     | IP: - | User: - | watchfiles.main — 1 change detected
2026-07-02 03:23:00,833 | INFO     | IP: - | User: - | watchfiles.main — 1 change detected
2026-07-02 03:24:42,958 | INFO     | IP: - | User: - | watchfiles.main — 1 change detected
2026-07-02 03:24:43,325 | INFO     | IP: - | User: - | watchfiles.main — 1 change detected
2026-07-02 03:24:43,680 | INFO     | IP: - | User: - | watchfiles.main — 1 change detected
2026-07-02 03:24:44,093 | INFO     | IP: - | User: - | watchfiles.main — 1 change detected
2026-07-02 03:24:44,511 | INFO     | IP: - | User: - | watchfiles.main — 1 change detected
2026-07-02 03:24:44,917 | INFO     | IP: - | User: - | watchfiles.main — 1 change detected
2026-07-02 03:24:45,322 | INFO     | IP: - | User: - | watchfiles.main — 1 change detected
2026-07-02 03:24:45,729 | INFO     | IP: - | User: - | watchfiles.main — 1 change detected
2026-07-02 03:24:46,136 | INFO     | IP: - | User: - | watchfiles.main — 1 change detected
2026-07-02 03:24:46,543 | INFO     | IP: - | User: - | watchfiles.main — 1 change detected
2026-07-02 03:24:46,949 | INFO     | IP: - | User: - | watchfiles.main — 1 change detected
2026-07-02 03:24:47,353 | INFO     | IP: - | User: - | watchfiles.main — 1 change detected
2026-07-02 03:24:47,759 | INFO     | IP: - | User: - | watchfiles.main — 1 change detected
2026-07-02 03:24:48,163 | INFO     | IP: - | User: - | watchfiles.main — 1 change detected
2026-07-02 03:24:48,571 | INFO     | IP: - | User: - | watchfiles.main — 1 change detected
2026-07-02 03:24:48,975 | INFO     | IP: - | User: - | watchfiles.main — 1 change detected
2026-07-02 03:24:49,380 | INFO     | IP: - | User: - | watchfiles.main — 1 change detected
2026-07-02 03:24:49,735 | INFO     | IP: - | User: - | watchfiles.main — 1 change detected
2026-07-02 03:24:50,096 | INFO     | IP: - | User: - | watchfiles.main — 1 change detected
2026-07-02 03:24:50,453 | INFO     | IP: - | User: - | watchfiles.main — 1 change detected
2026-07-02 03:24:50,810 | INFO     | IP: - | User: - | watchfiles.main — 1 change detected
2026-07-02 03:24:51,199 | INFO     | IP: - | User: - | watchfiles.main — 1 change detected
2026-07-02 03:24:51,555 | INFO     | IP: - | User: - | watchfiles.main — 1 change detected
2026-07-02 03:24:51,915 | INFO     | IP: - | User: - | watchfiles.main — 1 change detected
2026-07-02 03:24:52,322 | INFO     | IP: - | User: - | watchfiles.main — 1 change detected
2026-07-02 03:24:52,726 | INFO     | IP: - | User: - | watchfiles.main — 1 change detected
2026-07-02 03:24:53,084 | INFO     | IP: - | User: - | watchfiles.main — 1 change detected
2026-07-02 03:24:53,442 | INFO     | IP: - | User: - | watchfiles.main — 1 change detected
2026-07-02 03:24:53,800 | INFO     | IP: - | User: - | watchfiles.main — 1 change detected
2026-07-02 03:24:54,159 | INFO     | IP: - | User: - | watchfiles.main — 1 change detected
2026-07-02 03:24:54,568 | INFO     | IP: - | User: - | watchfiles.main — 1 change detected
2026-07-02 03:24:54,972 | INFO     | IP: - | User: - | watchfiles.main — 1 change detected
2026-07-02 03:24:55,376 | INFO     | IP: - | User: - | watchfiles.main — 1 change detected
2026-07-02 03:24:55,743 | INFO     | IP: - | User: - | watchfiles.main — 1 change detected
2026-07-02 03:24:56,155 | INFO     | IP: - | User: - | watchfiles.main — 1 change detected
2026-07-02 03:24:56,572 | INFO     | IP: - | User: - | watchfiles.main — 1 change detected
2026-07-02 03:24:56,990 | INFO     | IP: - | User: - | watchfiles.main — 1 change detected
2026-07-02 03:24:57,397 | INFO     | IP: - | User: - | watchfiles.main — 1 change detected
2026-07-02 03:24:57,805 | INFO     | IP: - | User: - | watchfiles.main — 1 change detected
2026-07-02 03:24:58,270 | INFO     | IP: - | User: - | watchfiles.main — 1 change detected
2026-07-02 03:24:58,689 | INFO     | IP: - | User: - | watchfiles.main — 1 change detected
2026-07-02 03:24:59,046 | INFO     | IP: - | User: - | watchfiles.main — 1 change detected
2026-07-02 03:24:59,454 | INFO     | IP: - | User: - | watchfiles.main — 1 change detected
2026-07-02 03:24:59,858 | INFO     | IP: - | User: - | watchfiles.main — 1 change detected
2026-07-02 03:25:00,213 | INFO     | IP: - | User: - | watchfiles.main — 1 change detected
2026-07-02 03:25:00,566 | INFO     | IP: - | User: - | watchfiles.main — 1 change detected
2026-07-02 03:25:00,974 | INFO     | IP: - | User: - | watchfiles.main — 1 change detected
2026-07-02 03:25:01,327 | INFO     | IP: - | User: - | watchfiles.main — 1 change detected
2026-07-02 03:25:01,680 | INFO     | IP: - | User: - | watchfiles.main — 1 change detected
2026-07-02 03:25:02,037 | INFO     | IP: - | User: - | watchfiles.main — 1 change detected
2026-07-02 03:25:02,410 | INFO     | IP: - | User: - | watchfiles.main — 1 change detected
2026-07-02 03:25:02,767 | INFO     | IP: - | User: - | watchfiles.main — 1 change detected
2026-07-02 03:25:03,121 | INFO     | IP: - | User: - | watchfiles.main — 1 change detected
2026-07-02 03:25:03,528 | INFO     | IP: - | User: - | watchfiles.main — 1 change detected
2026-07-02 03:25:03,879 | INFO     | IP: - | User: - | watchfiles.main — 1 change detected
2026-07-02 03:25:04,294 | INFO     | IP: - | User: - | watchfiles.main — 1 change detected
2026-07-02 03:25:04,710 | INFO     | IP: - | User: - | watchfiles.main — 1 change detected
2026-07-02 03:25:05,065 | INFO     | IP: - | User: - | watchfiles.main — 1 change detected
2026-07-02 03:25:05,471 | INFO     | IP: - | User: - | watchfiles.main — 1 change detected
2026-07-02 03:25:05,827 | INFO     | IP: - | User: - | watchfiles.main — 1 change detected
2026-07-02 03:25:06,229 | INFO     | IP: - | User: - | watchfiles.main — 1 change detected
2026-07-02 03:25:06,582 | INFO     | IP: - | User: - | watchfiles.main — 1 change detected
2026-07-02 03:25:06,984 | INFO     | IP: - | User: - | watchfiles.main — 1 change detected
2026-07-02 03:25:07,337 | INFO     | IP: - | User: - | watchfiles.main — 1 change detected
2026-07-02 03:25:07,746 | INFO     | IP: - | User: - | watchfiles.main — 1 change detected
2026-07-02 03:25:08,149 | INFO     | IP: - | User: - | watchfiles.main — 1 change detected
2026-07-02 03:25:08,502 | INFO     | IP: - | User: - | watchfiles.main — 1 change detected
2026-07-02 03:25:08,908 | INFO     | IP: - | User: - | watchfiles.main — 1 change detected
2026-07-02 03:25:09,261 | INFO     | IP: - | User: - | watchfiles.main — 1 change detected
2026-07-02 03:25:09,664 | INFO     | IP: - | User: - | watchfiles.main — 1 change detected
2026-07-02 03:25:10,068 | INFO     | IP: - | User: - | watchfiles.main — 1 change detected
2026-07-02 03:25:10,423 | INFO     | IP: - | User: - | watchfiles.main — 1 change detected
2026-07-02 03:25:10,827 | INFO     | IP: - | User: - | watchfiles.main — 1 change detected
2026-07-02 03:25:11,232 | INFO     | IP: - | User: - | watchfiles.main — 1 change detected
2026-07-02 03:25:11,586 | INFO     | IP: - | User: - | watchfiles.main — 1 change detected
2026-07-02 03:25:11,992 | INFO     | IP: - | User: - | watchfiles.main — 1 change detected
2026-07-02 03:25:12,397 | INFO     | IP: - | User: - | watchfiles.main — 1 change detected
2026-07-02 03:25:12,917 | INFO     | IP: - | User: - | watchfiles.main — 1 change detected
2026-07-02 03:25:13,503 | INFO     | IP: - | User: - | watchfiles.main — 1 change detected
2026-07-02 03:25:13,858 | INFO     | IP: - | User: - | watchfiles.main — 1 change detected
2026-07-02 03:25:14,211 | INFO     | IP: - | User: - | watchfiles.main — 1 change detected
2026-07-02 03:25:14,614 | INFO     | IP: - | User: - | watchfiles.main — 1 change detected
2026-07-02 03:25:14,967 | INFO     | IP: - | User: - | watchfiles.main — 1 change detected
2026-07-02 03:25:15,370 | INFO     | IP: - | User: - | watchfiles.main — 1 change detected
2026-07-02 03:25:15,775 | INFO     | IP: - | User: - | watchfiles.main — 1 change detected
2026-07-02 03:25:16,128 | INFO     | IP: - | User: - | watchfiles.main — 1 change detected
2026-07-02 03:25:16,533 | INFO     | IP: - | User: - | watchfiles.main — 1 change detected
2026-07-02 03:25:16,938 | INFO     | IP: - | User: - | watchfiles.main — 1 change detected
2026-07-02 03:25:17,291 | INFO     | IP: - | User: - | watchfiles.main — 1 change detected
2026-07-02 03:25:17,696 | INFO     | IP: - | User: - | watchfiles.main — 1 change detected
2026-07-02 03:25:18,101 | INFO     | IP: - | User: - | watchfiles.main — 1 change detected
2026-07-02 03:25:18,455 | INFO     | IP: - | User: - | watchfiles.main — 1 change detected
2026-07-02 03:25:18,859 | INFO     | IP: - | User: - | watchfiles.main — 1 change detected
2026-07-02 03:25:19,262 | INFO     | IP: - | User: - | watchfiles.main — 1 change detected
2026-07-02 03:25:19,617 | INFO     | IP: - | User: - | watchfiles.main — 1 change detected
2026-07-02 03:25:20,022 | INFO     | IP: - | User: - | watchfiles.main — 1 change detected
2026-07-02 03:25:20,427 | INFO     | IP: - | User: - | watchfiles.main — 1 change detected
2026-07-02 03:25:20,780 | INFO     | IP: - | User: - | watchfiles.main — 1 change detected
2026-07-02 03:25:21,185 | INFO     | IP: - | User: - | watchfiles.main — 1 change detected
2026-07-02 03:25:21,590 | INFO     | IP: - | User: - | watchfiles.main — 1 change detected
2026-07-02 03:25:21,944 | INFO     | IP: - | User: - | watchfiles.main — 1 change detected
2026-07-02 03:25:22,392 | INFO     | IP: - | User: - | watchfiles.main — 1 change detected
2026-07-02 03:25:22,747 | INFO     | IP: - | User: - | watchfiles.main — 1 change detected
2026-07-02 03:25:23,152 | INFO     | IP: - | User: - | watchfiles.main — 1 change detected
2026-07-02 03:25:23,508 | INFO     | IP: - | User: - | watchfiles.main — 1 change detected
2026-07-02 03:25:23,913 | INFO     | IP: - | User: - | watchfiles.main — 1 change detected
2026-07-02 03:25:24,318 | INFO     | IP: - | User: - | watchfiles.main — 1 change detected
2026-07-02 03:25:24,674 | INFO     | IP: - | User: - | watchfiles.main — 1 change detected
2026-07-02 03:25:25,078 | INFO     | IP: - | User: - | watchfiles.main — 1 change detected
2026-07-02 03:25:25,433 | INFO     | IP: - | User: - | watchfiles.main — 1 change detected
2026-07-02 03:25:25,838 | INFO     | IP: - | User: - | watchfiles.main — 1 change detected
2026-07-02 03:25:26,242 | INFO     | IP: - | User: - | watchfiles.main — 1 change detected
2026-07-02 03:25:26,596 | INFO     | IP: - | User: - | watchfiles.main — 1 change detected
2026-07-02 03:25:27,001 | INFO     | IP: - | User: - | watchfiles.main — 1 change detected
2026-07-02 03:25:27,405 | INFO     | IP: - | User: - | watchfiles.main — 1 change detected
2026-07-02 03:25:27,761 | INFO     | IP: - | User: - | watchfiles.main — 1 change detected
2026-07-02 03:25:28,179 | INFO     | IP: - | User: - | watchfiles.main — 1 change detected
2026-07-02 03:25:28,532 | INFO     | IP: - | User: - | watchfiles.main — 1 change detected
2026-07-02 03:25:28,934 | INFO     | IP: - | User: - | watchfiles.main — 1 change detected
2026-07-02 03:25:29,290 | INFO     | IP: - | User: - | watchfiles.main — 1 change detected
2026-07-02 03:25:29,697 | INFO     | IP: - | User: - | watchfiles.main — 1 change detected
2026-07-02 03:25:30,101 | INFO     | IP: - | User: - | watchfiles.main — 1 change detected
2026-07-02 03:25:30,455 | INFO     | IP: - | User: - | watchfiles.main — 1 change detected
2026-07-02 03:25:30,809 | INFO     | IP: - | User: - | watchfiles.main — 1 change detected
2026-07-02 03:25:31,163 | INFO     | IP: - | User: - | watchfiles.main — 1 change detected
2026-07-02 03:25:31,516 | INFO     | IP: - | User: - | watchfiles.main — 1 change detected
2026-07-02 03:25:31,869 | INFO     | IP: - | User: - | watchfiles.main — 1 change detected
2026-07-02 03:25:32,223 | INFO     | IP: - | User: - | watchfiles.main — 1 change detected
2026-07-02 03:25:32,578 | INFO     | IP: - | User: - | watchfiles.main — 1 change detected
2026-07-02 03:25:32,932 | INFO     | IP: - | User: - | watchfiles.main — 1 change detected
2026-07-02 03:25:33,286 | INFO     | IP: - | User: - | watchfiles.main — 1 change detected
2026-07-02 03:25:33,640 | INFO     | IP: - | User: - | watchfiles.main — 1 change detected
2026-07-02 03:25:34,045 | INFO     | IP: - | User: - | watchfiles.main — 1 change detected
2026-07-02 03:25:34,399 | INFO     | IP: - | User: - | watchfiles.main — 1 change detected
2026-07-02 03:25:34,805 | INFO     | IP: - | User: - | watchfiles.main — 1 change detected
2026-07-02 03:25:35,209 | INFO     | IP: - | User: - | watchfiles.main — 1 change detected
2026-07-02 03:25:35,562 | INFO     | IP: - | User: - | watchfiles.main — 1 change detected
2026-07-02 03:25:35,967 | INFO     | IP: - | User: - | watchfiles.main — 1 change detected
2026-07-02 03:25:36,371 | INFO     | IP: - | User: - | watchfiles.main — 1 change detected
2026-07-02 03:25:36,727 | INFO     | IP: - | User: - | watchfiles.main — 1 change detected
2026-07-02 03:25:37,131 | INFO     | IP: - | User: - | watchfiles.main — 1 change detected
2026-07-02 03:25:37,485 | INFO     | IP: - | User: - | watchfiles.main — 1 change detected
2026-07-02 03:25:37,888 | INFO     | IP: - | User: - | watchfiles.main — 1 change detected
2026-07-02 03:25:38,292 | INFO     | IP: - | User: - | watchfiles.main — 1 change detected
2026-07-02 03:25:38,645 | INFO     | IP: - | User: - | watchfiles.main — 1 change detected
2026-07-02 03:25:39,050 | INFO     | IP: - | User: - | watchfiles.main — 1 change detected
2026-07-02 03:25:39,402 | INFO     | IP: - | User: - | watchfiles.main — 1 change detected
2026-07-02 03:25:39,805 | INFO     | IP: - | User: - | watchfiles.main — 1 change detected
2026-07-02 03:25:40,221 | INFO     | IP: - | User: - | watchfiles.main — 1 change detected
2026-07-02 03:25:40,627 | INFO     | IP: - | User: - | watchfiles.main — 1 change detected
2026-07-02 03:25:41,033 | INFO     | IP: - | User: - | watchfiles.main — 1 change detected
2026-07-02 03:25:41,401 | INFO     | IP: - | User: - | watchfiles.main — 1 change detected
2026-07-02 03:25:41,816 | INFO     | IP: - | User: - | watchfiles.main — 1 change detected
2026-07-02 03:25:42,219 | INFO     | IP: - | User: - | watchfiles.main — 1 change detected
2026-07-02 03:25:42,626 | INFO     | IP: - | User: - | watchfiles.main — 1 change detected
2026-07-02 03:25:43,032 | INFO     | IP: - | User: - | watchfiles.main — 1 change detected
2026-07-02 03:25:43,438 | INFO     | IP: - | User: - | watchfiles.main — 1 change detected
2026-07-02 03:25:43,791 | INFO     | IP: - | User: - | watchfiles.main — 1 change detected
2026-07-02 03:25:44,185 | INFO     | IP: - | User: - | watchfiles.main — 1 change detected
2026-07-02 03:25:44,540 | INFO     | IP: - | User: - | watchfiles.main — 1 change detected
2026-07-02 03:25:44,898 | INFO     | IP: - | User: - | watchfiles.main — 1 change detected
2026-07-02 03:25:45,256 | INFO     | IP: - | User: - | watchfiles.main — 1 change detected
2026-07-02 03:25:45,614 | INFO     | IP: - | User: - | watchfiles.main — 1 change detected
2026-07-02 03:25:45,975 | INFO     | IP: - | User: - | watchfiles.main — 1 change detected
2026-07-02 03:25:46,384 | INFO     | IP: - | User: - | watchfiles.main — 1 change detected
2026-07-02 03:25:46,804 | INFO     | IP: - | User: - | watchfiles.main — 1 change detected
2026-07-02 03:25:47,210 | INFO     | IP: - | User: - | watchfiles.main — 1 change detected
2026-07-02 03:25:47,617 | INFO     | IP: - | User: - | watchfiles.main — 1 change detected
2026-07-02 03:25:48,035 | INFO     | IP: - | User: - | watchfiles.main — 1 change detected
2026-07-02 03:25:48,450 | INFO     | IP: - | User: - | watchfiles.main — 1 change detected
2026-07-02 03:25:48,813 | INFO     | IP: - | User: - | watchfiles.main — 1 change detected
2026-07-02 03:25:49,222 | INFO     | IP: - | User: - | watchfiles.main — 1 change detected
2026-07-02 03:25:49,627 | INFO     | IP: - | User: - | watchfiles.main — 1 change detected
2026-07-02 03:25:50,033 | INFO     | IP: - | User: - | watchfiles.main — 1 change detected
2026-07-02 03:25:50,440 | INFO     | IP: - | User: - | watchfiles.main — 1 change detected
2026-07-02 03:25:50,845 | INFO     | IP: - | User: - | watchfiles.main — 1 change detected
2026-07-02 03:25:51,252 | INFO     | IP: - | User: - | watchfiles.main — 1 change detected
2026-07-02 03:25:51,657 | INFO     | IP: - | User: - | watchfiles.main — 1 change detected
2026-07-02 03:25:52,066 | INFO     | IP: - | User: - | watchfiles.main — 1 change detected
2026-07-02 03:25:52,432 | INFO     | IP: - | User: - | watchfiles.main — 1 change detected
2026-07-02 03:25:52,794 | INFO     | IP: - | User: - | watchfiles.main — 1 change detected
2026-07-02 03:25:53,151 | INFO     | IP: - | User: - | watchfiles.main — 1 change detected
2026-07-02 03:25:53,506 | INFO     | IP: - | User: - | watchfiles.main — 1 change detected
2026-07-02 03:25:53,868 | INFO     | IP: - | User: - | watchfiles.main — 1 change detected
2026-07-02 03:25:54,229 | INFO     | IP: - | User: - | watchfiles.main — 1 change detected
2026-07-02 03:25:54,592 | INFO     | IP: - | User: - | watchfiles.main — 1 change detected
2026-07-02 03:25:55,006 | INFO     | IP: - | User: - | watchfiles.main — 1 change detected
2026-07-02 03:25:55,416 | INFO     | IP: - | User: - | watchfiles.main — 1 change detected
2026-07-02 03:25:55,823 | INFO     | IP: - | User: - | watchfiles.main — 1 change detected
2026-07-02 03:25:56,231 | INFO     | IP: - | User: - | watchfiles.main — 1 change detected
2026-07-02 03:25:56,635 | INFO     | IP: - | User: - | watchfiles.main — 1 change detected
2026-07-02 03:25:57,041 | INFO     | IP: - | User: - | watchfiles.main — 1 change detected
2026-07-02 03:25:57,445 | INFO     | IP: - | User: - | watchfiles.main — 1 change detected
2026-07-02 03:25:57,851 | INFO     | IP: - | User: - | watchfiles.main — 1 change detected
2026-07-02 03:25:58,260 | INFO     | IP: - | User: - | watchfiles.main — 1 change detected
2026-07-02 03:25:58,664 | INFO     | IP: - | User: - | watchfiles.main — 1 change detected
2026-07-02 03:25:59,056 | INFO     | IP: - | User: - | watchfiles.main — 1 change detected
2026-07-02 03:25:59,477 | INFO     | IP: - | User: - | watchfiles.main — 1 change detected
2026-07-02 03:25:59,884 | INFO     | IP: - | User: - | watchfiles.main — 1 change detected
2026-07-02 03:26:00,288 | INFO     | IP: - | User: - | watchfiles.main — 1 change detected
2026-07-02 03:26:00,695 | INFO     | IP: - | User: - | watchfiles.main — 1 change detected
2026-07-02 03:26:01,103 | INFO     | IP: - | User: - | watchfiles.main — 1 change detected
2026-07-02 03:26:01,508 | INFO     | IP: - | User: - | watchfiles.main — 1 change detected
2026-07-02 03:26:01,913 | INFO     | IP: - | User: - | watchfiles.main — 1 change detected
2026-07-02 03:26:02,319 | INFO     | IP: - | User: - | watchfiles.main — 1 change detected
2026-07-02 03:26:02,727 | INFO     | IP: - | User: - | watchfiles.main — 1 change detected
2026-07-02 03:26:03,144 | INFO     | IP: - | User: - | watchfiles.main — 1 change detected
2026-07-02 03:26:03,548 | INFO     | IP: - | User: - | watchfiles.main — 1 change detected
2026-07-02 03:26:03,952 | INFO     | IP: - | User: - | watchfiles.main — 1 change detected
2026-07-02 03:26:04,358 | INFO     | IP: - | User: - | watchfiles.main — 1 change detected
2026-07-02 03:26:04,766 | INFO     | IP: - | User: - | watchfiles.main — 1 change detected
2026-07-02 03:26:05,172 | INFO     | IP: - | User: - | watchfiles.main — 1 change detected
2026-07-02 03:26:05,579 | INFO     | IP: - | User: - | watchfiles.main — 1 change detected
2026-07-02 03:26:05,983 | INFO     | IP: - | User: - | watchfiles.main — 1 change detected
2026-07-02 03:26:06,390 | INFO     | IP: - | User: - | watchfiles.main — 1 change detected
2026-07-02 03:26:06,801 | INFO     | IP: - | User: - | watchfiles.main — 1 change detected
2026-07-02 03:26:07,209 | INFO     | IP: - | User: - | watchfiles.main — 1 change detected
2026-07-02 03:26:07,619 | INFO     | IP: - | User: - | watchfiles.main — 1 change detected
2026-07-02 03:26:08,035 | INFO     | IP: - | User: - | watchfiles.main — 1 change detected
2026-07-02 03:26:08,443 | INFO     | IP: - | User: - | watchfiles.main — 1 change detected
2026-07-02 03:26:08,846 | INFO     | IP: - | User: - | watchfiles.main — 1 change detected
2026-07-02 03:26:09,253 | INFO     | IP: - | User: - | watchfiles.main — 1 change detected
2026-07-02 03:26:09,657 | INFO     | IP: - | User: - | watchfiles.main — 1 change detected
2026-07-02 03:26:10,064 | INFO     | IP: - | User: - | watchfiles.main — 1 change detected
2026-07-02 03:26:10,473 | INFO     | IP: - | User: - | watchfiles.main — 1 change detected
2026-07-02 03:26:10,878 | INFO     | IP: - | User: - | watchfiles.main — 1 change detected
2026-07-02 03:26:11,281 | INFO     | IP: - | User: - | watchfiles.main — 1 change detected
2026-07-02 03:26:11,692 | INFO     | IP: - | User: - | watchfiles.main — 1 change detected
2026-07-02 03:26:12,058 | INFO     | IP: - | User: - | watchfiles.main — 1 change detected
2026-07-02 03:26:12,467 | INFO     | IP: - | User: - | watchfiles.main — 1 change detected
2026-07-02 03:26:12,875 | INFO     | IP: - | User: - | watchfiles.main — 1 change detected
2026-07-02 03:26:13,281 | INFO     | IP: - | User: - | watchfiles.main — 1 change detected
2026-07-02 03:26:13,736 | INFO     | IP: - | User: - | watchfiles.main — 1 change detected
2026-07-02 03:26:14,138 | INFO     | IP: - | User: - | watchfiles.main — 1 change detected
2026-07-02 03:26:14,544 | INFO     | IP: - | User: - | watchfiles.main — 1 change detected
2026-07-02 03:26:14,949 | INFO     | IP: - | User: - | watchfiles.main — 1 change detected
2026-07-02 03:26:15,354 | INFO     | IP: - | User: - | watchfiles.main — 1 change detected
2026-07-02 03:26:15,723 | INFO     | IP: - | User: - | watchfiles.main — 1 change detected
2026-07-02 03:26:16,128 | INFO     | IP: - | User: - | watchfiles.main — 1 change detected
2026-07-02 03:26:16,535 | INFO     | IP: - | User: - | watchfiles.main — 1 change detected
2026-07-02 03:26:16,937 | INFO     | IP: - | User: - | watchfiles.main — 1 change detected
2026-07-02 03:26:17,342 | INFO     | IP: - | User: - | watchfiles.main — 1 change detected
2026-07-02 03:26:17,746 | INFO     | IP: - | User: - | watchfiles.main — 1 change detected
2026-07-02 03:26:18,152 | INFO     | IP: - | User: - | watchfiles.main — 1 change detected
2026-07-02 03:26:18,616 | INFO     | IP: - | User: - | watchfiles.main — 1 change detected
2026-07-02 03:26:19,028 | INFO     | IP: - | User: - | watchfiles.main — 1 change detected
2026-07-02 03:26:19,436 | INFO     | IP: - | User: - | watchfiles.main — 1 change detected
2026-07-02 03:26:19,842 | INFO     | IP: - | User: - | watchfiles.main — 1 change detected
2026-07-02 03:26:20,247 | INFO     | IP: - | User: - | watchfiles.main — 1 change detected
2026-07-02 03:26:20,654 | INFO     | IP: - | User: - | watchfiles.main — 1 change detected
2026-07-02 03:26:21,059 | INFO     | IP: - | User: - | watchfiles.main — 1 change detected
2026-07-02 03:26:21,465 | INFO     | IP: - | User: - | watchfiles.main — 1 change detected
2026-07-02 03:26:21,869 | INFO     | IP: - | User: - | watchfiles.main — 1 change detected
2026-07-02 03:26:22,235 | INFO     | IP: - | User: - | watchfiles.main — 1 change detected
2026-07-02 03:26:22,643 | INFO     | IP: - | User: - | watchfiles.main — 1 change detected
2026-07-02 03:26:23,062 | INFO     | IP: - | User: - | watchfiles.main — 1 change detected
2026-07-02 03:26:23,468 | INFO     | IP: - | User: - | watchfiles.main — 1 change detected
2026-07-02 03:26:23,876 | INFO     | IP: - | User: - | watchfiles.main — 1 change detected
2026-07-02 03:26:24,280 | INFO     | IP: - | User: - | watchfiles.main — 1 change detected
2026-07-02 03:26:24,685 | INFO     | IP: - | User: - | watchfiles.main — 1 change detected
2026-07-02 03:26:25,091 | INFO     | IP: - | User: - | watchfiles.main — 1 change detected
2026-07-02 03:26:25,497 | INFO     | IP: - | User: - | watchfiles.main — 1 change detected
2026-07-02 03:26:25,901 | INFO     | IP: - | User: - | watchfiles.main — 1 change detected
2026-07-02 03:26:26,307 | INFO     | IP: - | User: - | watchfiles.main — 1 change detected
2026-07-02 03:26:26,712 | INFO     | IP: - | User: - | watchfiles.main — 1 change detected
2026-07-02 03:26:27,118 | INFO     | IP: - | User: - | watchfiles.main — 1 change detected
2026-07-02 03:26:27,536 | INFO     | IP: - | User: - | watchfiles.main — 1 change detected
2026-07-02 03:26:27,941 | INFO     | IP: - | User: - | watchfiles.main — 1 change detected
2026-07-02 03:26:28,309 | INFO     | IP: - | User: - | watchfiles.main — 1 change detected
2026-07-02 03:26:28,716 | INFO     | IP: - | User: - | watchfiles.main — 1 change detected
2026-07-02 03:26:29,120 | INFO     | IP: - | User: - | watchfiles.main — 1 change detected
2026-07-02 03:26:29,526 | INFO     | IP: - | User: - | watchfiles.main — 1 change detected
2026-07-02 03:26:29,945 | INFO     | IP: - | User: - | watchfiles.main — 1 change detected
2026-07-02 03:26:30,353 | INFO     | IP: - | User: - | watchfiles.main — 1 change detected
2026-07-02 03:26:30,770 | INFO     | IP: - | User: - | watchfiles.main — 1 change detected
2026-07-02 03:26:31,175 | INFO     | IP: - | User: - | watchfiles.main — 1 change detected
2026-07-02 03:26:31,580 | INFO     | IP: - | User: - | watchfiles.main — 1 change detected
2026-07-02 03:26:31,984 | INFO     | IP: - | User: - | watchfiles.main — 1 change detected
2026-07-02 03:26:32,389 | INFO     | IP: - | User: - | watchfiles.main — 1 change detected
2026-07-02 03:26:32,793 | INFO     | IP: - | User: - | watchfiles.main — 1 change detected
2026-07-02 03:26:33,198 | INFO     | IP: - | User: - | watchfiles.main — 1 change detected
2026-07-02 03:26:33,605 | INFO     | IP: - | User: - | watchfiles.main — 1 change detected
2026-07-02 03:26:34,010 | INFO     | IP: - | User: - | watchfiles.main — 1 change detected
2026-07-02 03:26:34,415 | INFO     | IP: - | User: - | watchfiles.main — 1 change detected
2026-07-02 03:26:34,820 | INFO     | IP: - | User: - | watchfiles.main — 1 change detected
2026-07-02 03:26:35,228 | INFO     | IP: - | User: - | watchfiles.main — 1 change detected
2026-07-02 03:26:35,635 | INFO     | IP: - | User: - | watchfiles.main — 1 change detected
2026-07-02 03:26:36,043 | INFO     | IP: - | User: - | watchfiles.main — 1 change detected
2026-07-02 03:26:36,450 | INFO     | IP: - | User: - | watchfiles.main — 1 change detected
2026-07-02 03:26:36,858 | INFO     | IP: - | User: - | watchfiles.main — 1 change detected
2026-07-02 03:26:37,264 | INFO     | IP: - | User: - | watchfiles.main — 1 change detected
2026-07-02 03:26:37,669 | INFO     | IP: - | User: - | watchfiles.main — 1 change detected
2026-07-02 03:26:38,073 | INFO     | IP: - | User: - | watchfiles.main — 1 change detected
2026-07-02 03:26:38,479 | INFO     | IP: - | User: - | watchfiles.main — 1 change detected
2026-07-02 03:26:38,884 | INFO     | IP: - | User: - | watchfiles.main — 1 change detected
2026-07-02 03:26:39,288 | INFO     | IP: - | User: - | watchfiles.main — 1 change detected
2026-07-02 03:26:39,694 | INFO     | IP: - | User: - | watchfiles.main — 1 change detected
2026-07-02 03:26:40,101 | INFO     | IP: - | User: - | watchfiles.main — 1 change detected
2026-07-02 03:26:40,507 | INFO     | IP: - | User: - | watchfiles.main — 1 change detected
2026-07-02 03:26:40,912 | INFO     | IP: - | User: - | watchfiles.main — 1 change detected
2026-07-02 03:26:41,277 | INFO     | IP: - | User: - | watchfiles.main — 1 change detected
2026-07-02 03:26:41,685 | INFO     | IP: - | User: - | watchfiles.main — 1 change detected
2026-07-02 03:26:42,103 | INFO     | IP: - | User: - | watchfiles.main — 1 change detected
2026-07-02 03:26:42,507 | INFO     | IP: - | User: - | watchfiles.main — 1 change detected
2026-07-02 03:26:42,911 | INFO     | IP: - | User: - | watchfiles.main — 1 change detected
2026-07-02 03:26:43,329 | INFO     | IP: - | User: - | watchfiles.main — 1 change detected
2026-07-02 03:26:43,684 | INFO     | IP: - | User: - | watchfiles.main — 1 change detected
2026-07-02 03:26:44,094 | INFO     | IP: - | User: - | watchfiles.main — 1 change detected
2026-07-02 03:26:44,499 | INFO     | IP: - | User: - | watchfiles.main — 1 change detected
2026-07-02 03:26:44,908 | INFO     | IP: - | User: - | watchfiles.main — 1 change detected
2026-07-02 03:26:45,312 | INFO     | IP: - | User: - | watchfiles.main — 1 change detected
2026-07-02 03:26:45,718 | INFO     | IP: - | User: - | watchfiles.main — 1 change detected
2026-07-02 03:26:46,123 | INFO     | IP: - | User: - | watchfiles.main — 1 change detected
2026-07-02 03:26:46,526 | INFO     | IP: - | User: - | watchfiles.main — 1 change detected
2026-07-02 03:26:46,943 | INFO     | IP: - | User: - | watchfiles.main — 1 change detected
2026-07-02 03:26:47,349 | INFO     | IP: - | User: - | watchfiles.main — 1 change detected
2026-07-02 03:26:47,755 | INFO     | IP: - | User: - | watchfiles.main — 1 change detected
2026-07-02 03:26:48,159 | INFO     | IP: - | User: - | watchfiles.main — 1 change detected
2026-07-02 03:26:48,577 | INFO     | IP: - | User: - | watchfiles.main — 1 change detected
2026-07-02 03:26:48,984 | INFO     | IP: - | User: - | watchfiles.main — 1 change detected
2026-07-02 03:26:49,391 | INFO     | IP: - | User: - | watchfiles.main — 1 change detected
2026-07-02 03:26:49,759 | INFO     | IP: - | User: - | watchfiles.main — 1 change detected
2026-07-02 03:26:50,169 | INFO     | IP: - | User: - | watchfiles.main — 1 change detected
2026-07-02 03:26:50,573 | INFO     | IP: - | User: - | watchfiles.main — 1 change detected
2026-07-02 03:26:50,981 | INFO     | IP: - | User: - | watchfiles.main — 1 change detected
2026-07-02 03:26:51,385 | INFO     | IP: - | User: - | watchfiles.main — 1 change detected
2026-07-02 03:26:51,790 | INFO     | IP: - | User: - | watchfiles.main — 1 change detected
2026-07-02 03:26:52,194 | INFO     | IP: - | User: - | watchfiles.main — 1 change detected
2026-07-02 03:26:52,614 | INFO     | IP: - | User: - | watchfiles.main — 1 change detected
2026-07-02 03:26:53,032 | INFO     | IP: - | User: - | watchfiles.main — 1 change detected
2026-07-02 03:26:53,437 | INFO     | IP: - | User: - | watchfiles.main — 1 change detected
2026-07-02 03:26:53,844 | INFO     | IP: - | User: - | watchfiles.main — 1 change detected
2026-07-02 03:26:54,250 | INFO     | IP: - | User: - | watchfiles.main — 1 change detected
2026-07-02 03:26:54,655 | INFO     | IP: - | User: - | watchfiles.main — 1 change detected
2026-07-02 03:26:55,021 | INFO     | IP: - | User: - | watchfiles.main — 1 change detected
2026-07-02 03:26:55,430 | INFO     | IP: - | User: - | watchfiles.main — 1 change detected
2026-07-02 03:26:55,849 | INFO     | IP: - | User: - | watchfiles.main — 1 change detected
2026-07-02 03:26:56,257 | INFO     | IP: - | User: - | watchfiles.main — 1 change detected
2026-07-02 03:26:56,663 | INFO     | IP: - | User: - | watchfiles.main — 1 change detected
2026-07-02 03:26:57,071 | INFO     | IP: - | User: - | watchfiles.main — 1 change detected
2026-07-02 03:26:57,478 | INFO     | IP: - | User: - | watchfiles.main — 1 change detected
2026-07-02 03:26:57,886 | INFO     | IP: - | User: - | watchfiles.main — 1 change detected
2026-07-02 03:26:58,292 | INFO     | IP: - | User: - | watchfiles.main — 1 change detected
2026-07-02 03:26:58,701 | INFO     | IP: - | User: - | watchfiles.main — 1 change detected
2026-07-02 03:26:59,105 | INFO     | IP: - | User: - | watchfiles.main — 1 change detected
2026-07-02 03:26:59,510 | INFO     | IP: - | User: - | watchfiles.main — 1 change detected
2026-07-02 03:26:59,927 | INFO     | IP: - | User: - | watchfiles.main — 1 change detected
2026-07-02 03:27:00,331 | INFO     | IP: - | User: - | watchfiles.main — 1 change detected
2026-07-02 03:27:00,699 | INFO     | IP: - | User: - | watchfiles.main — 1 change detected
2026-07-02 03:27:01,105 | INFO     | IP: - | User: - | watchfiles.main — 1 change detected
2026-07-02 03:27:01,512 | INFO     | IP: - | User: - | watchfiles.main — 1 change detected
2026-07-02 03:27:01,917 | INFO     | IP: - | User: - | watchfiles.main — 1 change detected
2026-07-02 03:27:02,322 | INFO     | IP: - | User: - | watchfiles.main — 1 change detected
2026-07-02 03:27:02,728 | INFO     | IP: - | User: - | watchfiles.main — 1 change detected
2026-07-02 03:27:03,135 | INFO     | IP: - | User: - | watchfiles.main — 1 change detected
2026-07-02 03:27:03,552 | INFO     | IP: - | User: - | watchfiles.main — 1 change detected
2026-07-02 03:27:03,957 | INFO     | IP: - | User: - | watchfiles.main — 1 change detected
2026-07-02 03:27:04,361 | INFO     | IP: - | User: - | watchfiles.main — 1 change detected
2026-07-02 03:27:04,777 | INFO     | IP: - | User: - | watchfiles.main — 1 change detected
2026-07-02 03:27:05,184 | INFO     | IP: - | User: - | watchfiles.main — 1 change detected
2026-07-02 03:27:05,551 | INFO     | IP: - | User: - | watchfiles.main — 1 change detected
2026-07-02 03:27:05,960 | INFO     | IP: - | User: - | watchfiles.main — 1 change detected
2026-07-02 03:27:06,366 | INFO     | IP: - | User: - | watchfiles.main — 1 change detected
2026-07-02 03:27:06,772 | INFO     | IP: - | User: - | watchfiles.main — 1 change detected
2026-07-02 03:27:07,190 | INFO     | IP: - | User: - | watchfiles.main — 1 change detected
2026-07-02 03:27:07,596 | INFO     | IP: - | User: - | watchfiles.main — 1 change detected
2026-07-02 03:27:08,002 | INFO     | IP: - | User: - | watchfiles.main — 1 change detected
2026-07-02 03:27:08,409 | INFO     | IP: - | User: - | watchfiles.main — 1 change detected
2026-07-02 03:27:08,828 | INFO     | IP: - | User: - | watchfiles.main — 1 change detected
2026-07-02 03:27:09,195 | INFO     | IP: - | User: - | watchfiles.main — 1 change detected
2026-07-02 03:27:09,604 | INFO     | IP: - | User: - | watchfiles.main — 1 change detected
2026-07-02 03:27:10,023 | INFO     | IP: - | User: - | watchfiles.main — 1 change detected
2026-07-02 03:27:10,429 | INFO     | IP: - | User: - | watchfiles.main — 1 change detected
2026-07-02 03:27:10,832 | INFO     | IP: - | User: - | watchfiles.main — 1 change detected
2026-07-02 03:27:11,241 | INFO     | IP: - | User: - | watchfiles.main — 1 change detected
2026-07-02 03:27:11,648 | INFO     | IP: - | User: - | watchfiles.main — 1 change detected
2026-07-02 03:27:12,102 | INFO     | IP: - | User: - | watchfiles.main — 1 change detected
2026-07-02 03:27:12,457 | INFO     | IP: - | User: - | watchfiles.main — 1 change detected
2026-07-02 03:27:12,927 | INFO     | IP: - | User: - | watchfiles.main — 1 change detected
2026-07-02 03:27:13,283 | INFO     | IP: - | User: - | watchfiles.main — 1 change detected
2026-07-02 03:27:13,716 | INFO     | IP: - | User: - | watchfiles.main — 1 change detected
2026-07-02 03:27:14,132 | INFO     | IP: - | User: - | watchfiles.main — 1 change detected
2026-07-02 03:27:14,539 | INFO     | IP: - | User: - | watchfiles.main — 1 change detected
2026-07-02 03:27:14,906 | INFO     | IP: - | User: - | watchfiles.main — 1 change detected
2026-07-02 03:27:15,315 | INFO     | IP: - | User: - | watchfiles.main — 1 change detected
2026-07-02 03:27:15,722 | INFO     | IP: - | User: - | watchfiles.main — 1 change detected
2026-07-02 03:27:16,130 | INFO     | IP: - | User: - | watchfiles.main — 1 change detected
2026-07-02 03:27:16,549 | INFO     | IP: - | User: - | watchfiles.main — 1 change detected
2026-07-02 03:27:16,953 | INFO     | IP: - | User: - | watchfiles.main — 1 change detected
2026-07-02 03:27:17,359 | INFO     | IP: - | User: - | watchfiles.main — 1 change detected
2026-07-02 03:27:17,764 | INFO     | IP: - | User: - | watchfiles.main — 1 change detected
2026-07-02 03:27:18,172 | INFO     | IP: - | User: - | watchfiles.main — 1 change detected
2026-07-02 03:27:18,581 | INFO     | IP: - | User: - | watchfiles.main — 1 change detected
2026-07-02 03:27:18,986 | INFO     | IP: - | User: - | watchfiles.main — 1 change detected
2026-07-02 03:27:19,392 | INFO     | IP: - | User: - | watchfiles.main — 1 change detected
2026-07-02 03:27:19,799 | INFO     | IP: - | User: - | watchfiles.main — 1 change detected
2026-07-02 03:27:20,206 | INFO     | IP: - | User: - | watchfiles.main — 1 change detected
2026-07-02 03:27:20,614 | INFO     | IP: - | User: - | watchfiles.main — 1 change detected
2026-07-02 03:27:21,033 | INFO     | IP: - | User: - | watchfiles.main — 1 change detected
2026-07-02 03:27:21,437 | INFO     | IP: - | User: - | watchfiles.main — 1 change detected
2026-07-02 03:27:21,843 | INFO     | IP: - | User: - | watchfiles.main — 1 change detected
2026-07-02 03:27:22,248 | INFO     | IP: - | User: - | watchfiles.main — 1 change detected
2026-07-02 03:27:22,652 | INFO     | IP: - | User: - | watchfiles.main — 1 change detected
2026-07-02 03:27:23,055 | INFO     | IP: - | User: - | watchfiles.main — 1 change detected
2026-07-02 03:27:23,462 | INFO     | IP: - | User: - | watchfiles.main — 1 change detected
2026-07-02 03:27:23,868 | INFO     | IP: - | User: - | watchfiles.main — 1 change detected
2026-07-02 03:27:24,271 | INFO     | IP: - | User: - | watchfiles.main — 1 change detected
2026-07-02 03:27:24,683 | INFO     | IP: - | User: - | watchfiles.main — 1 change detected
2026-07-02 03:27:25,050 | INFO     | IP: - | User: - | watchfiles.main — 1 change detected
2026-07-02 03:27:25,482 | INFO     | IP: - | User: - | watchfiles.main — 1 change detected
2026-07-02 03:27:25,853 | INFO     | IP: - | User: - | watchfiles.main — 1 change detected
2026-07-02 03:27:26,209 | INFO     | IP: - | User: - | watchfiles.main — 1 change detected
2026-07-02 03:28:24,643 | INFO     | IP: - | User: - | app — WebSocket connected: user=sadikisadiki, is_admin=False
2026-07-02 03:28:41,988 | INFO     | IP: 127.0.0.1 | User: sadikisadiki | app.vm — Action: Requête de création de VM | Résultat: Soumis avec succès (Nom de la VM: sadikisadiki-7c4134d2)
2026-07-02 03:28:42,052 | INFO     | IP: - | User: - | watchfiles.main — 3 changes detected
2026-07-02 03:28:42,051 | ERROR    | IP: 127.0.0.1 | User: sadikisadiki | app — Action: Transaction base de données | Résultat: Échec (Erreur DB : There is no current event loop in thread 'AnyIO worker thread'.)
Traceback (most recent call last):
  File "C:\VMs\vbox-zorin-automation\app\database.py", line 22, in get_db
    yield db
  File "C:\Users\sadik\anaconda3\Lib\site-packages\fastapi\concurrency.py", line 29, in contextmanager_in_threadpool
    yield await run_in_threadpool(cm.__enter__)
  File "C:\Users\sadik\anaconda3\Lib\site-packages\fastapi\routing.py", line 136, in app
    response = await f(request)
               ^^^^^^^^^^^^^^^^
  File "C:\Users\sadik\anaconda3\Lib\site-packages\fastapi\routing.py", line 690, in app
    raw_response = await run_endpoint_function(
                   ^^^^^^^^^^^^^^^^^^^^^^^^^^^^
    ...<3 lines>...
    )
    ^
  File "C:\Users\sadik\anaconda3\Lib\site-packages\fastapi\routing.py", line 346, in run_endpoint_function
    return await run_in_threadpool(dependant.call, **values)
           ^^^^^^^^^^^^^^^^^^^^^^^^^^^^^^^^^^^^^^^^^^^^^^^^^
  File "C:\Users\sadik\anaconda3\Lib\site-packages\starlette\concurrency.py", line 34, in run_in_threadpool
    return await anyio.to_thread.run_sync(func)
           ^^^^^^^^^^^^^^^^^^^^^^^^^^^^^^^^^^^^
  File "C:\Users\sadik\anaconda3\Lib\site-packages\anyio\to_thread.py", line 56, in run_sync
    return await get_async_backend().run_sync_in_worker_thread(
           ^^^^^^^^^^^^^^^^^^^^^^^^^^^^^^^^^^^^^^^^^^^^^^^^^^^^
        func, args, abandon_on_cancel=abandon_on_cancel, limiter=limiter
        ^^^^^^^^^^^^^^^^^^^^^^^^^^^^^^^^^^^^^^^^^^^^^^^^^^^^^^^^^^^^^^^^
    )
    ^
  File "C:\Users\sadik\anaconda3\Lib\site-packages\anyio\_backends\_asyncio.py", line 2476, in run_sync_in_worker_thread
    return await future
           ^^^^^^^^^^^^
  File "C:\Users\sadik\anaconda3\Lib\site-packages\anyio\_backends\_asyncio.py", line 967, in run
    result = context.run(func, *args)
  File "C:\VMs\vbox-zorin-automation\app\routers\vms.py", line 266, in create_vm
    asyncio.ensure_future(manager.broadcast_admins({"event": "VM_CREATED", "data": {"id": vm.id, "name": vm.name, "owner": current_user.username}}))
    ~~~~~~~~~~~~~~~~~~~~~^^^^^^^^^^^^^^^^^^^^^^^^^^^^^^^^^^^^^^^^^^^^^^^^^^^^^^^^^^^^^^^^^^^^^^^^^^^^^^^^^^^^^^^^^^^^^^^^^^^^^^^^^^^^^^^^^^^^^^^^^^^
  File "C:\Users\sadik\anaconda3\Lib\asyncio\tasks.py", line 746, in ensure_future
    loop = events.get_event_loop()
  File "C:\Users\sadik\anaconda3\Lib\asyncio\events.py", line 716, in get_event_loop
    raise RuntimeError('There is no current event loop in thread %r.'
                       % threading.current_thread().name)
RuntimeError: There is no current event loop in thread 'AnyIO worker thread'.
2026-07-02 03:28:42,152 | ERROR    | IP: 127.0.0.1 | User: - | app — Action: Traitement de la requête a échoué (Exception non gérée) | Résultat: There is no current event loop in thread 'AnyIO worker thread'.
  + Exception Group Traceback (most recent call last):
  |   File "C:\Users\sadik\anaconda3\Lib\site-packages\starlette\_utils.py", line 85, in create_collapsing_task_group
  |     async with anyio.create_task_group() as tg:
  |                ~~~~~~~~~~~~~~~~~~~~~~~^^
  |   File "C:\Users\sadik\anaconda3\Lib\site-packages\anyio\_backends\_asyncio.py", line 772, in __aexit__
  |     raise BaseExceptionGroup(
  |         "unhandled errors in a TaskGroup", self._exceptions
  |     ) from None
  | ExceptionGroup: unhandled errors in a TaskGroup (1 sub-exception)
  +-+---------------- 1 ----------------
    | Traceback (most recent call last):
    |   File "C:\Users\sadik\anaconda3\Lib\site-packages\starlette\middleware\errors.py", line 164, in __call__
    |     await self.app(scope, receive, _send)
    |   File "C:\Users\sadik\anaconda3\Lib\site-packages\starlette\middleware\cors.py", line 96, in __call__
    |     await self.simple_response(scope, receive, send, request_headers=headers)
    |   File "C:\Users\sadik\anaconda3\Lib\site-packages\starlette\middleware\cors.py", line 154, in simple_response
    |     await self.app(scope, receive, send)
    |   File "C:\Users\sadik\anaconda3\Lib\site-packages\starlette\middleware\base.py", line 193, in __call__
    |     response = await self.dispatch_func(request, call_next)
    |                ^^^^^^^^^^^^^^^^^^^^^^^^^^^^^^^^^^^^^^^^^^^^
    |   File "C:\VMs\vbox-zorin-automation\app\main.py", line 102, in log_ip_middleware
    |     response = await call_next(request)
    |                ^^^^^^^^^^^^^^^^^^^^^^^^
    |   File "C:\Users\sadik\anaconda3\Lib\site-packages\starlette\middleware\base.py", line 168, in call_next
    |     raise app_exc from app_exc.__cause__ or app_exc.__context__
    |   File "C:\Users\sadik\anaconda3\Lib\site-packages\starlette\middleware\base.py", line 144, in coro
    |     await self.app(scope, receive_or_disconnect, send_no_error)
    |   File "C:\Users\sadik\anaconda3\Lib\site-packages\starlette\middleware\base.py", line 193, in __call__
    |     response = await self.dispatch_func(request, call_next)
    |                ^^^^^^^^^^^^^^^^^^^^^^^^^^^^^^^^^^^^^^^^^^^^
    |   File "C:\Users\sadik\anaconda3\Lib\site-packages\slowapi\middleware.py", line 128, in dispatch
    |     return await call_next(request)
    |            ^^^^^^^^^^^^^^^^^^^^^^^^
    |   File "C:\Users\sadik\anaconda3\Lib\site-packages\starlette\middleware\base.py", line 168, in call_next
    |     raise app_exc from app_exc.__cause__ or app_exc.__context__
    |   File "C:\Users\sadik\anaconda3\Lib\site-packages\starlette\middleware\base.py", line 144, in coro
    |     await self.app(scope, receive_or_disconnect, send_no_error)
    |   File "C:\Users\sadik\anaconda3\Lib\site-packages\starlette\middleware\exceptions.py", line 63, in __call__
    |     await wrap_app_handling_exceptions(self.app, conn)(scope, receive, send)
    |   File "C:\Users\sadik\anaconda3\Lib\site-packages\starlette\_exception_handler.py", line 53, in wrapped_app
    |     raise exc
    |   File "C:\Users\sadik\anaconda3\Lib\site-packages\starlette\_exception_handler.py", line 42, in wrapped_app
    |     await app(scope, receive, sender)
    |   File "C:\Users\sadik\anaconda3\Lib\site-packages\fastapi\middleware\asyncexitstack.py", line 18, in __call__
    |     await self.app(scope, receive, send)
    |   File "C:\Users\sadik\anaconda3\Lib\site-packages\starlette\routing.py", line 660, in __call__
    |     await self.middleware_stack(scope, receive, send)
    |   File "C:\Users\sadik\anaconda3\Lib\site-packages\fastapi\routing.py", line 2531, in app
    |     await route.handle(scope, receive, send)
    |   File "C:\Users\sadik\anaconda3\Lib\site-packages\fastapi\routing.py", line 1700, in handle
    |     await self.original_router.handle(scope, receive, send)
    |   File "C:\Users\sadik\anaconda3\Lib\site-packages\fastapi\routing.py", line 2586, in handle
    |     await included_router._handle_selected(scope, receive, send)
    |   File "C:\Users\sadik\anaconda3\Lib\site-packages\fastapi\routing.py", line 1720, in _handle_selected
    |     await original_route.handle(scope, receive, send)
    |   File "C:\Users\sadik\anaconda3\Lib\site-packages\fastapi\routing.py", line 1239, in handle
    |     await app(scope, receive, send)
    |   File "C:\Users\sadik\anaconda3\Lib\site-packages\fastapi\routing.py", line 150, in app
    |     await wrap_app_handling_exceptions(app, request)(scope, receive, send)
    |   File "C:\Users\sadik\anaconda3\Lib\site-packages\starlette\_exception_handler.py", line 53, in wrapped_app
    |     raise exc
    |   File "C:\Users\sadik\anaconda3\Lib\site-packages\starlette\_exception_handler.py", line 42, in wrapped_app
    |     await app(scope, receive, sender)
    |   File "C:\Users\sadik\anaconda3\Lib\site-packages\fastapi\routing.py", line 136, in app
    |     response = await f(request)
    |                ^^^^^^^^^^^^^^^^
    |   File "C:\Users\sadik\anaconda3\Lib\site-packages\fastapi\routing.py", line 690, in app
    |     raw_response = await run_endpoint_function(
    |                    ^^^^^^^^^^^^^^^^^^^^^^^^^^^^
    |     ...<3 lines>...
    |     )
    |     ^
    |   File "C:\Users\sadik\anaconda3\Lib\site-packages\fastapi\routing.py", line 346, in run_endpoint_function
    |     return await run_in_threadpool(dependant.call, **values)
    |            ^^^^^^^^^^^^^^^^^^^^^^^^^^^^^^^^^^^^^^^^^^^^^^^^^
    |   File "C:\Users\sadik\anaconda3\Lib\site-packages\starlette\concurrency.py", line 34, in run_in_threadpool
    |     return await anyio.to_thread.run_sync(func)
    |            ^^^^^^^^^^^^^^^^^^^^^^^^^^^^^^^^^^^^
    |   File "C:\Users\sadik\anaconda3\Lib\site-packages\anyio\to_thread.py", line 56, in run_sync
    |     return await get_async_backend().run_sync_in_worker_thread(
    |            ^^^^^^^^^^^^^^^^^^^^^^^^^^^^^^^^^^^^^^^^^^^^^^^^^^^^
    |         func, args, abandon_on_cancel=abandon_on_cancel, limiter=limiter
    |         ^^^^^^^^^^^^^^^^^^^^^^^^^^^^^^^^^^^^^^^^^^^^^^^^^^^^^^^^^^^^^^^^
    |     )
    |     ^
    |   File "C:\Users\sadik\anaconda3\Lib\site-packages\anyio\_backends\_asyncio.py", line 2476, in run_sync_in_worker_thread
    |     return await future
    |            ^^^^^^^^^^^^
    |   File "C:\Users\sadik\anaconda3\Lib\site-packages\anyio\_backends\_asyncio.py", line 967, in run
    |     result = context.run(func, *args)
    |   File "C:\VMs\vbox-zorin-automation\app\routers\vms.py", line 266, in create_vm
    |     asyncio.ensure_future(manager.broadcast_admins({"event": "VM_CREATED", "data": {"id": vm.id, "name": vm.name, "owner": current_user.username}}))
    |     ~~~~~~~~~~~~~~~~~~~~~^^^^^^^^^^^^^^^^^^^^^^^^^^^^^^^^^^^^^^^^^^^^^^^^^^^^^^^^^^^^^^^^^^^^^^^^^^^^^^^^^^^^^^^^^^^^^^^^^^^^^^^^^^^^^^^^^^^^^^^^^^^
    |   File "C:\Users\sadik\anaconda3\Lib\asyncio\tasks.py", line 746, in ensure_future
    |     loop = events.get_event_loop()
    |   File "C:\Users\sadik\anaconda3\Lib\asyncio\events.py", line 716, in get_event_loop
    |     raise RuntimeError('There is no current event loop in thread %r.'
    |                        % threading.current_thread().name)
    | RuntimeError: There is no current event loop in thread 'AnyIO worker thread'.
    +------------------------------------

The above exception was the direct cause of the following exception:

Traceback (most recent call last):
  File "C:\Users\sadik\anaconda3\Lib\site-packages\starlette\middleware\errors.py", line 164, in __call__
    await self.app(scope, receive, _send)
  File "C:\Users\sadik\anaconda3\Lib\site-packages\starlette\middleware\cors.py", line 96, in __call__
    await self.simple_response(scope, receive, send, request_headers=headers)
  File "C:\Users\sadik\anaconda3\Lib\site-packages\starlette\middleware\cors.py", line 154, in simple_response
    await self.app(scope, receive, send)
  File "C:\Users\sadik\anaconda3\Lib\site-packages\starlette\middleware\base.py", line 193, in __call__
    response = await self.dispatch_func(request, call_next)
               ^^^^^^^^^^^^^^^^^^^^^^^^^^^^^^^^^^^^^^^^^^^^
  File "C:\VMs\vbox-zorin-automation\app\main.py", line 102, in log_ip_middleware
    response = await call_next(request)
               ^^^^^^^^^^^^^^^^^^^^^^^^
  File "C:\Users\sadik\anaconda3\Lib\site-packages\starlette\middleware\base.py", line 168, in call_next
    raise app_exc from app_exc.__cause__ or app_exc.__context__
  File "C:\Users\sadik\anaconda3\Lib\site-packages\starlette\middleware\base.py", line 144, in coro
    await self.app(scope, receive_or_disconnect, send_no_error)
  File "C:\Users\sadik\anaconda3\Lib\site-packages\starlette\middleware\base.py", line 193, in __call__
    response = await self.dispatch_func(request, call_next)
               ^^^^^^^^^^^^^^^^^^^^^^^^^^^^^^^^^^^^^^^^^^^^
  File "C:\Users\sadik\anaconda3\Lib\site-packages\slowapi\middleware.py", line 128, in dispatch
    return await call_next(request)
           ^^^^^^^^^^^^^^^^^^^^^^^^
  File "C:\Users\sadik\anaconda3\Lib\site-packages\starlette\middleware\base.py", line 168, in call_next
    raise app_exc from app_exc.__cause__ or app_exc.__context__
  File "C:\Users\sadik\anaconda3\Lib\site-packages\starlette\middleware\base.py", line 144, in coro
    await self.app(scope, receive_or_disconnect, send_no_error)
  File "C:\Users\sadik\anaconda3\Lib\site-packages\starlette\middleware\exceptions.py", line 63, in __call__
    await wrap_app_handling_exceptions(self.app, conn)(scope, receive, send)
  File "C:\Users\sadik\anaconda3\Lib\site-packages\starlette\_exception_handler.py", line 53, in wrapped_app
    raise exc
  File "C:\Users\sadik\anaconda3\Lib\site-packages\starlette\_exception_handler.py", line 42, in wrapped_app
    await app(scope, receive, sender)
  File "C:\Users\sadik\anaconda3\Lib\site-packages\fastapi\middleware\asyncexitstack.py", line 18, in __call__
    await self.app(scope, receive, send)
  File "C:\Users\sadik\anaconda3\Lib\site-packages\starlette\routing.py", line 660, in __call__
    await self.middleware_stack(scope, receive, send)
  File "C:\Users\sadik\anaconda3\Lib\site-packages\fastapi\routing.py", line 2531, in app
    await route.handle(scope, receive, send)
  File "C:\Users\sadik\anaconda3\Lib\site-packages\fastapi\routing.py", line 1700, in handle
    await self.original_router.handle(scope, receive, send)
  File "C:\Users\sadik\anaconda3\Lib\site-packages\fastapi\routing.py", line 2586, in handle
    await included_router._handle_selected(scope, receive, send)
  File "C:\Users\sadik\anaconda3\Lib\site-packages\fastapi\routing.py", line 1720, in _handle_selected
    await original_route.handle(scope, receive, send)
  File "C:\Users\sadik\anaconda3\Lib\site-packages\fastapi\routing.py", line 1239, in handle
    await app(scope, receive, send)
  File "C:\Users\sadik\anaconda3\Lib\site-packages\fastapi\routing.py", line 150, in app
    await wrap_app_handling_exceptions(app, request)(scope, receive, send)
  File "C:\Users\sadik\anaconda3\Lib\site-packages\starlette\_exception_handler.py", line 53, in wrapped_app
    raise exc
  File "C:\Users\sadik\anaconda3\Lib\site-packages\starlette\_exception_handler.py", line 42, in wrapped_app
    await app(scope, receive, sender)
  File "C:\Users\sadik\anaconda3\Lib\site-packages\fastapi\routing.py", line 136, in app
    response = await f(request)
               ^^^^^^^^^^^^^^^^
  File "C:\Users\sadik\anaconda3\Lib\site-packages\fastapi\routing.py", line 690, in app
    raw_response = await run_endpoint_function(
                   ^^^^^^^^^^^^^^^^^^^^^^^^^^^^
    ...<3 lines>...
    )
    ^
  File "C:\Users\sadik\anaconda3\Lib\site-packages\fastapi\routing.py", line 346, in run_endpoint_function
    return await run_in_threadpool(dependant.call, **values)
           ^^^^^^^^^^^^^^^^^^^^^^^^^^^^^^^^^^^^^^^^^^^^^^^^^
  File "C:\Users\sadik\anaconda3\Lib\site-packages\starlette\concurrency.py", line 34, in run_in_threadpool
    return await anyio.to_thread.run_sync(func)
           ^^^^^^^^^^^^^^^^^^^^^^^^^^^^^^^^^^^^
  File "C:\Users\sadik\anaconda3\Lib\site-packages\anyio\to_thread.py", line 56, in run_sync
    return await get_async_backend().run_sync_in_worker_thread(
           ^^^^^^^^^^^^^^^^^^^^^^^^^^^^^^^^^^^^^^^^^^^^^^^^^^^^
        func, args, abandon_on_cancel=abandon_on_cancel, limiter=limiter
        ^^^^^^^^^^^^^^^^^^^^^^^^^^^^^^^^^^^^^^^^^^^^^^^^^^^^^^^^^^^^^^^^
    )
    ^
  File "C:\Users\sadik\anaconda3\Lib\site-packages\anyio\_backends\_asyncio.py", line 2476, in run_sync_in_worker_thread
    return await future
           ^^^^^^^^^^^^
  File "C:\Users\sadik\anaconda3\Lib\site-packages\anyio\_backends\_asyncio.py", line 967, in run
    result = context.run(func, *args)
  File "C:\VMs\vbox-zorin-automation\app\routers\vms.py", line 266, in create_vm
    asyncio.ensure_future(manager.broadcast_admins({"event": "VM_CREATED", "data": {"id": vm.id, "name": vm.name, "owner": current_user.username}}))
    ~~~~~~~~~~~~~~~~~~~~~^^^^^^^^^^^^^^^^^^^^^^^^^^^^^^^^^^^^^^^^^^^^^^^^^^^^^^^^^^^^^^^^^^^^^^^^^^^^^^^^^^^^^^^^^^^^^^^^^^^^^^^^^^^^^^^^^^^^^^^^^^^
  File "C:\Users\sadik\anaconda3\Lib\asyncio\tasks.py", line 746, in ensure_future
    loop = events.get_event_loop()
  File "C:\Users\sadik\anaconda3\Lib\asyncio\events.py", line 716, in get_event_loop
    raise RuntimeError('There is no current event loop in thread %r.'
                       % threading.current_thread().name)
RuntimeError: There is no current event loop in thread 'AnyIO worker thread'.
2026-07-02 03:28:52,808 | INFO     | IP: 127.0.0.1 | User: sadikisadiki | app.vm — Action: Requête de création de VM | Résultat: Soumis avec succès (Nom de la VM: sadikisadiki-e86ac8a5)
2026-07-02 03:28:52,864 | ERROR    | IP: 127.0.0.1 | User: sadikisadiki | app — Action: Transaction base de données | Résultat: Échec (Erreur DB : There is no current event loop in thread 'AnyIO worker thread'.)
Traceback (most recent call last):
  File "C:\VMs\vbox-zorin-automation\app\database.py", line 22, in get_db
    yield db
  File "C:\Users\sadik\anaconda3\Lib\site-packages\fastapi\concurrency.py", line 29, in contextmanager_in_threadpool
    yield await run_in_threadpool(cm.__enter__)
  File "C:\Users\sadik\anaconda3\Lib\site-packages\fastapi\routing.py", line 136, in app
    response = await f(request)
               ^^^^^^^^^^^^^^^^
  File "C:\Users\sadik\anaconda3\Lib\site-packages\fastapi\routing.py", line 690, in app
    raw_response = await run_endpoint_function(
                   ^^^^^^^^^^^^^^^^^^^^^^^^^^^^
    ...<3 lines>...
    )
    ^
  File "C:\Users\sadik\anaconda3\Lib\site-packages\fastapi\routing.py", line 346, in run_endpoint_function
    return await run_in_threadpool(dependant.call, **values)
           ^^^^^^^^^^^^^^^^^^^^^^^^^^^^^^^^^^^^^^^^^^^^^^^^^
  File "C:\Users\sadik\anaconda3\Lib\site-packages\starlette\concurrency.py", line 34, in run_in_threadpool
    return await anyio.to_thread.run_sync(func)
           ^^^^^^^^^^^^^^^^^^^^^^^^^^^^^^^^^^^^
  File "C:\Users\sadik\anaconda3\Lib\site-packages\anyio\to_thread.py", line 56, in run_sync
    return await get_async_backend().run_sync_in_worker_thread(
           ^^^^^^^^^^^^^^^^^^^^^^^^^^^^^^^^^^^^^^^^^^^^^^^^^^^^
        func, args, abandon_on_cancel=abandon_on_cancel, limiter=limiter
        ^^^^^^^^^^^^^^^^^^^^^^^^^^^^^^^^^^^^^^^^^^^^^^^^^^^^^^^^^^^^^^^^
    )
    ^
  File "C:\Users\sadik\anaconda3\Lib\site-packages\anyio\_backends\_asyncio.py", line 2476, in run_sync_in_worker_thread
    return await future
           ^^^^^^^^^^^^
  File "C:\Users\sadik\anaconda3\Lib\site-packages\anyio\_backends\_asyncio.py", line 967, in run
    result = context.run(func, *args)
  File "C:\VMs\vbox-zorin-automation\app\routers\vms.py", line 266, in create_vm
    asyncio.ensure_future(manager.broadcast_admins({"event": "VM_CREATED", "data": {"id": vm.id, "name": vm.name, "owner": current_user.username}}))
    ~~~~~~~~~~~~~~~~~~~~~^^^^^^^^^^^^^^^^^^^^^^^^^^^^^^^^^^^^^^^^^^^^^^^^^^^^^^^^^^^^^^^^^^^^^^^^^^^^^^^^^^^^^^^^^^^^^^^^^^^^^^^^^^^^^^^^^^^^^^^^^^^
  File "C:\Users\sadik\anaconda3\Lib\asyncio\tasks.py", line 746, in ensure_future
    loop = events.get_event_loop()
  File "C:\Users\sadik\anaconda3\Lib\asyncio\events.py", line 716, in get_event_loop
    raise RuntimeError('There is no current event loop in thread %r.'
                       % threading.current_thread().name)
RuntimeError: There is no current event loop in thread 'AnyIO worker thread'.
2026-07-02 03:28:52,958 | INFO     | IP: - | User: - | watchfiles.main — 3 changes detected
2026-07-02 03:28:52,924 | ERROR    | IP: 127.0.0.1 | User: - | app — Action: Traitement de la requête a échoué (Exception non gérée) | Résultat: There is no current event loop in thread 'AnyIO worker thread'.
  + Exception Group Traceback (most recent call last):
  |   File "C:\Users\sadik\anaconda3\Lib\site-packages\starlette\_utils.py", line 85, in create_collapsing_task_group
  |     async with anyio.create_task_group() as tg:
  |                ~~~~~~~~~~~~~~~~~~~~~~~^^
  |   File "C:\Users\sadik\anaconda3\Lib\site-packages\anyio\_backends\_asyncio.py", line 772, in __aexit__
  |     raise BaseExceptionGroup(
  |         "unhandled errors in a TaskGroup", self._exceptions
  |     ) from None
  | ExceptionGroup: unhandled errors in a TaskGroup (1 sub-exception)
  +-+---------------- 1 ----------------
    | Traceback (most recent call last):
    |   File "C:\Users\sadik\anaconda3\Lib\site-packages\starlette\middleware\errors.py", line 164, in __call__
    |     await self.app(scope, receive, _send)
    |   File "C:\Users\sadik\anaconda3\Lib\site-packages\starlette\middleware\cors.py", line 96, in __call__
    |     await self.simple_response(scope, receive, send, request_headers=headers)
    |   File "C:\Users\sadik\anaconda3\Lib\site-packages\starlette\middleware\cors.py", line 154, in simple_response
    |     await self.app(scope, receive, send)
    |   File "C:\Users\sadik\anaconda3\Lib\site-packages\starlette\middleware\base.py", line 193, in __call__
    |     response = await self.dispatch_func(request, call_next)
    |                ^^^^^^^^^^^^^^^^^^^^^^^^^^^^^^^^^^^^^^^^^^^^
    |   File "C:\VMs\vbox-zorin-automation\app\main.py", line 102, in log_ip_middleware
    |     response = await call_next(request)
    |                ^^^^^^^^^^^^^^^^^^^^^^^^
    |   File "C:\Users\sadik\anaconda3\Lib\site-packages\starlette\middleware\base.py", line 168, in call_next
    |     raise app_exc from app_exc.__cause__ or app_exc.__context__
    |   File "C:\Users\sadik\anaconda3\Lib\site-packages\starlette\middleware\base.py", line 144, in coro
    |     await self.app(scope, receive_or_disconnect, send_no_error)
    |   File "C:\Users\sadik\anaconda3\Lib\site-packages\starlette\middleware\base.py", line 193, in __call__
    |     response = await self.dispatch_func(request, call_next)
    |                ^^^^^^^^^^^^^^^^^^^^^^^^^^^^^^^^^^^^^^^^^^^^
    |   File "C:\Users\sadik\anaconda3\Lib\site-packages\slowapi\middleware.py", line 128, in dispatch
    |     return await call_next(request)
    |            ^^^^^^^^^^^^^^^^^^^^^^^^
    |   File "C:\Users\sadik\anaconda3\Lib\site-packages\starlette\middleware\base.py", line 168, in call_next
    |     raise app_exc from app_exc.__cause__ or app_exc.__context__
    |   File "C:\Users\sadik\anaconda3\Lib\site-packages\starlette\middleware\base.py", line 144, in coro
    |     await self.app(scope, receive_or_disconnect, send_no_error)
    |   File "C:\Users\sadik\anaconda3\Lib\site-packages\starlette\middleware\exceptions.py", line 63, in __call__
    |     await wrap_app_handling_exceptions(self.app, conn)(scope, receive, send)
    |   File "C:\Users\sadik\anaconda3\Lib\site-packages\starlette\_exception_handler.py", line 53, in wrapped_app
    |     raise exc
    |   File "C:\Users\sadik\anaconda3\Lib\site-packages\starlette\_exception_handler.py", line 42, in wrapped_app
    |     await app(scope, receive, sender)
    |   File "C:\Users\sadik\anaconda3\Lib\site-packages\fastapi\middleware\asyncexitstack.py", line 18, in __call__
    |     await self.app(scope, receive, send)
    |   File "C:\Users\sadik\anaconda3\Lib\site-packages\starlette\routing.py", line 660, in __call__
    |     await self.middleware_stack(scope, receive, send)
    |   File "C:\Users\sadik\anaconda3\Lib\site-packages\fastapi\routing.py", line 2531, in app
    |     await route.handle(scope, receive, send)
    |   File "C:\Users\sadik\anaconda3\Lib\site-packages\fastapi\routing.py", line 1700, in handle
    |     await self.original_router.handle(scope, receive, send)
    |   File "C:\Users\sadik\anaconda3\Lib\site-packages\fastapi\routing.py", line 2586, in handle
    |     await included_router._handle_selected(scope, receive, send)
    |   File "C:\Users\sadik\anaconda3\Lib\site-packages\fastapi\routing.py", line 1720, in _handle_selected
    |     await original_route.handle(scope, receive, send)
    |   File "C:\Users\sadik\anaconda3\Lib\site-packages\fastapi\routing.py", line 1239, in handle
    |     await app(scope, receive, send)
    |   File "C:\Users\sadik\anaconda3\Lib\site-packages\fastapi\routing.py", line 150, in app
    |     await wrap_app_handling_exceptions(app, request)(scope, receive, send)
    |   File "C:\Users\sadik\anaconda3\Lib\site-packages\starlette\_exception_handler.py", line 53, in wrapped_app
    |     raise exc
    |   File "C:\Users\sadik\anaconda3\Lib\site-packages\starlette\_exception_handler.py", line 42, in wrapped_app
    |     await app(scope, receive, sender)
    |   File "C:\Users\sadik\anaconda3\Lib\site-packages\fastapi\routing.py", line 136, in app
    |     response = await f(request)
    |                ^^^^^^^^^^^^^^^^
    |   File "C:\Users\sadik\anaconda3\Lib\site-packages\fastapi\routing.py", line 690, in app
    |     raw_response = await run_endpoint_function(
    |                    ^^^^^^^^^^^^^^^^^^^^^^^^^^^^
    |     ...<3 lines>...
    |     )
    |     ^
    |   File "C:\Users\sadik\anaconda3\Lib\site-packages\fastapi\routing.py", line 346, in run_endpoint_function
    |     return await run_in_threadpool(dependant.call, **values)
    |            ^^^^^^^^^^^^^^^^^^^^^^^^^^^^^^^^^^^^^^^^^^^^^^^^^
    |   File "C:\Users\sadik\anaconda3\Lib\site-packages\starlette\concurrency.py", line 34, in run_in_threadpool
    |     return await anyio.to_thread.run_sync(func)
    |            ^^^^^^^^^^^^^^^^^^^^^^^^^^^^^^^^^^^^
    |   File "C:\Users\sadik\anaconda3\Lib\site-packages\anyio\to_thread.py", line 56, in run_sync
    |     return await get_async_backend().run_sync_in_worker_thread(
    |            ^^^^^^^^^^^^^^^^^^^^^^^^^^^^^^^^^^^^^^^^^^^^^^^^^^^^
    |         func, args, abandon_on_cancel=abandon_on_cancel, limiter=limiter
    |         ^^^^^^^^^^^^^^^^^^^^^^^^^^^^^^^^^^^^^^^^^^^^^^^^^^^^^^^^^^^^^^^^
    |     )
    |     ^
    |   File "C:\Users\sadik\anaconda3\Lib\site-packages\anyio\_backends\_asyncio.py", line 2476, in run_sync_in_worker_thread
    |     return await future
    |            ^^^^^^^^^^^^
    |   File "C:\Users\sadik\anaconda3\Lib\site-packages\anyio\_backends\_asyncio.py", line 967, in run
    |     result = context.run(func, *args)
    |   File "C:\VMs\vbox-zorin-automation\app\routers\vms.py", line 266, in create_vm
    |     asyncio.ensure_future(manager.broadcast_admins({"event": "VM_CREATED", "data": {"id": vm.id, "name": vm.name, "owner": current_user.username}}))
    |     ~~~~~~~~~~~~~~~~~~~~~^^^^^^^^^^^^^^^^^^^^^^^^^^^^^^^^^^^^^^^^^^^^^^^^^^^^^^^^^^^^^^^^^^^^^^^^^^^^^^^^^^^^^^^^^^^^^^^^^^^^^^^^^^^^^^^^^^^^^^^^^^^
    |   File "C:\Users\sadik\anaconda3\Lib\asyncio\tasks.py", line 746, in ensure_future
    |     loop = events.get_event_loop()
    |   File "C:\Users\sadik\anaconda3\Lib\asyncio\events.py", line 716, in get_event_loop
    |     raise RuntimeError('There is no current event loop in thread %r.'
    |                        % threading.current_thread().name)
    | RuntimeError: There is no current event loop in thread 'AnyIO worker thread'.
    +------------------------------------

The above exception was the direct cause of the following exception:

Traceback (most recent call last):
  File "C:\Users\sadik\anaconda3\Lib\site-packages\starlette\middleware\errors.py", line 164, in __call__
    await self.app(scope, receive, _send)
  File "C:\Users\sadik\anaconda3\Lib\site-packages\starlette\middleware\cors.py", line 96, in __call__
    await self.simple_response(scope, receive, send, request_headers=headers)
  File "C:\Users\sadik\anaconda3\Lib\site-packages\starlette\middleware\cors.py", line 154, in simple_response
    await self.app(scope, receive, send)
  File "C:\Users\sadik\anaconda3\Lib\site-packages\starlette\middleware\base.py", line 193, in __call__
    response = await self.dispatch_func(request, call_next)
               ^^^^^^^^^^^^^^^^^^^^^^^^^^^^^^^^^^^^^^^^^^^^
  File "C:\VMs\vbox-zorin-automation\app\main.py", line 102, in log_ip_middleware
    response = await call_next(request)
               ^^^^^^^^^^^^^^^^^^^^^^^^
  File "C:\Users\sadik\anaconda3\Lib\site-packages\starlette\middleware\base.py", line 168, in call_next
    raise app_exc from app_exc.__cause__ or app_exc.__context__
  File "C:\Users\sadik\anaconda3\Lib\site-packages\starlette\middleware\base.py", line 144, in coro
    await self.app(scope, receive_or_disconnect, send_no_error)
  File "C:\Users\sadik\anaconda3\Lib\site-packages\starlette\middleware\base.py", line 193, in __call__
    response = await self.dispatch_func(request, call_next)
               ^^^^^^^^^^^^^^^^^^^^^^^^^^^^^^^^^^^^^^^^^^^^
  File "C:\Users\sadik\anaconda3\Lib\site-packages\slowapi\middleware.py", line 128, in dispatch
    return await call_next(request)
           ^^^^^^^^^^^^^^^^^^^^^^^^
  File "C:\Users\sadik\anaconda3\Lib\site-packages\starlette\middleware\base.py", line 168, in call_next
    raise app_exc from app_exc.__cause__ or app_exc.__context__
  File "C:\Users\sadik\anaconda3\Lib\site-packages\starlette\middleware\base.py", line 144, in coro
    await self.app(scope, receive_or_disconnect, send_no_error)
  File "C:\Users\sadik\anaconda3\Lib\site-packages\starlette\middleware\exceptions.py", line 63, in __call__
    await wrap_app_handling_exceptions(self.app, conn)(scope, receive, send)
  File "C:\Users\sadik\anaconda3\Lib\site-packages\starlette\_exception_handler.py", line 53, in wrapped_app
    raise exc
  File "C:\Users\sadik\anaconda3\Lib\site-packages\starlette\_exception_handler.py", line 42, in wrapped_app
    await app(scope, receive, sender)
  File "C:\Users\sadik\anaconda3\Lib\site-packages\fastapi\middleware\asyncexitstack.py", line 18, in __call__
    await self.app(scope, receive, send)
  File "C:\Users\sadik\anaconda3\Lib\site-packages\starlette\routing.py", line 660, in __call__
    await self.middleware_stack(scope, receive, send)
  File "C:\Users\sadik\anaconda3\Lib\site-packages\fastapi\routing.py", line 2531, in app
    await route.handle(scope, receive, send)
  File "C:\Users\sadik\anaconda3\Lib\site-packages\fastapi\routing.py", line 1700, in handle
    await self.original_router.handle(scope, receive, send)
  File "C:\Users\sadik\anaconda3\Lib\site-packages\fastapi\routing.py", line 2586, in handle
    await included_router._handle_selected(scope, receive, send)
  File "C:\Users\sadik\anaconda3\Lib\site-packages\fastapi\routing.py", line 1720, in _handle_selected
    await original_route.handle(scope, receive, send)
  File "C:\Users\sadik\anaconda3\Lib\site-packages\fastapi\routing.py", line 1239, in handle
    await app(scope, receive, send)
  File "C:\Users\sadik\anaconda3\Lib\site-packages\fastapi\routing.py", line 150, in app
    await wrap_app_handling_exceptions(app, request)(scope, receive, send)
  File "C:\Users\sadik\anaconda3\Lib\site-packages\starlette\_exception_handler.py", line 53, in wrapped_app
    raise exc
  File "C:\Users\sadik\anaconda3\Lib\site-packages\starlette\_exception_handler.py", line 42, in wrapped_app
    await app(scope, receive, sender)
  File "C:\Users\sadik\anaconda3\Lib\site-packages\fastapi\routing.py", line 136, in app
    response = await f(request)
               ^^^^^^^^^^^^^^^^
  File "C:\Users\sadik\anaconda3\Lib\site-packages\fastapi\routing.py", line 690, in app
    raw_response = await run_endpoint_function(
                   ^^^^^^^^^^^^^^^^^^^^^^^^^^^^
    ...<3 lines>...
    )
    ^
  File "C:\Users\sadik\anaconda3\Lib\site-packages\fastapi\routing.py", line 346, in run_endpoint_function
    return await run_in_threadpool(dependant.call, **values)
           ^^^^^^^^^^^^^^^^^^^^^^^^^^^^^^^^^^^^^^^^^^^^^^^^^
  File "C:\Users\sadik\anaconda3\Lib\site-packages\starlette\concurrency.py", line 34, in run_in_threadpool
    return await anyio.to_thread.run_sync(func)
           ^^^^^^^^^^^^^^^^^^^^^^^^^^^^^^^^^^^^
  File "C:\Users\sadik\anaconda3\Lib\site-packages\anyio\to_thread.py", line 56, in run_sync
    return await get_async_backend().run_sync_in_worker_thread(
           ^^^^^^^^^^^^^^^^^^^^^^^^^^^^^^^^^^^^^^^^^^^^^^^^^^^^
        func, args, abandon_on_cancel=abandon_on_cancel, limiter=limiter
        ^^^^^^^^^^^^^^^^^^^^^^^^^^^^^^^^^^^^^^^^^^^^^^^^^^^^^^^^^^^^^^^^
    )
    ^
  File "C:\Users\sadik\anaconda3\Lib\site-packages\anyio\_backends\_asyncio.py", line 2476, in run_sync_in_worker_thread
    return await future
           ^^^^^^^^^^^^
  File "C:\Users\sadik\anaconda3\Lib\site-packages\anyio\_backends\_asyncio.py", line 967, in run
    result = context.run(func, *args)
  File "C:\VMs\vbox-zorin-automation\app\routers\vms.py", line 266, in create_vm
    asyncio.ensure_future(manager.broadcast_admins({"event": "VM_CREATED", "data": {"id": vm.id, "name": vm.name, "owner": current_user.username}}))
    ~~~~~~~~~~~~~~~~~~~~~^^^^^^^^^^^^^^^^^^^^^^^^^^^^^^^^^^^^^^^^^^^^^^^^^^^^^^^^^^^^^^^^^^^^^^^^^^^^^^^^^^^^^^^^^^^^^^^^^^^^^^^^^^^^^^^^^^^^^^^^^^^
  File "C:\Users\sadik\anaconda3\Lib\asyncio\tasks.py", line 746, in ensure_future
    loop = events.get_event_loop()
  File "C:\Users\sadik\anaconda3\Lib\asyncio\events.py", line 716, in get_event_loop
    raise RuntimeError('There is no current event loop in thread %r.'
                       % threading.current_thread().name)
RuntimeError: There is no current event loop in thread 'AnyIO worker thread'.
2026-07-02 03:31:16,219 | INFO     | IP: - | User: - | watchfiles.main — 1 change detected
2026-07-02 03:31:43,912 | INFO     | IP: - | User: - | watchfiles.main — 1 change detected
2026-07-02 03:31:43,998 | INFO     | IP: - | User: - | app — WebSocket disconnected: user=sadikisadiki
2026-07-02 03:31:44,100 | INFO     | IP: - | User: - | app.main — Shutting down.
2026-07-02 03:31:45,705 | INFO     | IP: - | User: - | watchfiles.main — 2 changes detected
2026-07-02 03:31:50,482 | INFO     | IP: - | User: - | app.main — Initialising database …
2026-07-02 03:31:50,495 | INFO     | IP: - | User: - | app.main — Database ready.
2026-07-02 03:31:50,533 | INFO     | IP: - | User: - | watchfiles.main — 5 changes detected
2026-07-02 03:31:50,661 | INFO     | IP: - | User: - | app — WebSocket connected: user=sadikisadiki, is_admin=False
2026-07-02 03:31:55,758 | INFO     | IP: - | User: - | watchfiles.main — 1 change detected
2026-07-02 03:31:55,790 | INFO     | IP: - | User: - | app — WebSocket disconnected: user=sadikisadiki
2026-07-02 03:31:55,892 | INFO     | IP: - | User: - | app.main — Shutting down.
2026-07-02 03:31:56,866 | INFO     | IP: - | User: - | watchfiles.main — 1 change detected
2026-07-02 03:31:57,744 | INFO     | IP: - | User: - | watchfiles.main — 1 change detected
2026-07-02 03:31:58,098 | INFO     | IP: - | User: - | watchfiles.main — 6 changes detected
2026-07-02 03:31:58,466 | INFO     | IP: - | User: - | watchfiles.main — 1 change detected
2026-07-02 03:31:58,869 | INFO     | IP: - | User: - | watchfiles.main — 1 change detected
2026-07-02 03:31:59,223 | INFO     | IP: - | User: - | watchfiles.main — 1 change detected
2026-07-02 03:31:59,626 | INFO     | IP: - | User: - | watchfiles.main — 1 change detected
2026-07-02 03:31:59,986 | INFO     | IP: - | User: - | watchfiles.main — 1 change detected
2026-07-02 03:32:00,389 | INFO     | IP: - | User: - | watchfiles.main — 1 change detected
2026-07-02 03:32:00,793 | INFO     | IP: - | User: - | watchfiles.main — 1 change detected
2026-07-02 03:32:01,145 | INFO     | IP: - | User: - | watchfiles.main — 1 change detected
2026-07-02 03:32:01,499 | INFO     | IP: - | User: - | watchfiles.main — 1 change detected
2026-07-02 03:32:01,662 | INFO     | IP: - | User: - | app.main — Initialising database …
2026-07-02 03:32:01,675 | INFO     | IP: - | User: - | app.main — Database ready.
2026-07-02 03:32:01,819 | INFO     | IP: - | User: - | app — WebSocket connected: user=sadikisadiki, is_admin=False
2026-07-02 03:32:01,857 | INFO     | IP: - | User: - | watchfiles.main — 1 change detected
2026-07-02 03:32:02,321 | INFO     | IP: - | User: - | watchfiles.main — 1 change detected
2026-07-02 03:32:02,679 | INFO     | IP: - | User: - | watchfiles.main — 1 change detected
2026-07-02 03:32:03,082 | INFO     | IP: - | User: - | watchfiles.main — 1 change detected
2026-07-02 03:32:03,434 | INFO     | IP: - | User: - | watchfiles.main — 1 change detected
2026-07-02 03:32:03,837 | INFO     | IP: - | User: - | watchfiles.main — 1 change detected
2026-07-02 03:32:04,239 | INFO     | IP: - | User: - | watchfiles.main — 1 change detected
2026-07-02 03:32:04,600 | INFO     | IP: - | User: - | watchfiles.main — 1 change detected
2026-07-02 03:32:05,004 | INFO     | IP: - | User: - | watchfiles.main — 1 change detected
2026-07-02 03:32:05,471 | INFO     | IP: - | User: - | watchfiles.main — 1 change detected
2026-07-02 03:32:05,825 | INFO     | IP: - | User: - | watchfiles.main — 1 change detected
2026-07-02 03:32:06,183 | INFO     | IP: - | User: - | watchfiles.main — 1 change detected
2026-07-02 03:32:06,541 | INFO     | IP: - | User: - | watchfiles.main — 1 change detected
2026-07-02 03:32:06,899 | INFO     | IP: - | User: - | watchfiles.main — 1 change detected
2026-07-02 03:32:07,259 | INFO     | IP: - | User: - | watchfiles.main — 1 change detected
2026-07-02 03:32:07,690 | INFO     | IP: - | User: - | watchfiles.main — 1 change detected
2026-07-02 03:32:08,046 | INFO     | IP: - | User: - | watchfiles.main — 1 change detected
2026-07-02 03:32:08,402 | INFO     | IP: - | User: - | watchfiles.main — 1 change detected
2026-07-02 03:32:08,760 | INFO     | IP: - | User: - | watchfiles.main — 1 change detected
2026-07-02 03:32:09,117 | INFO     | IP: - | User: - | watchfiles.main — 1 change detected
2026-07-02 03:32:09,470 | INFO     | IP: - | User: - | watchfiles.main — 1 change detected
2026-07-02 03:32:09,827 | INFO     | IP: - | User: - | watchfiles.main — 1 change detected
2026-07-02 03:32:10,186 | INFO     | IP: - | User: - | watchfiles.main — 1 change detected
2026-07-02 03:32:10,601 | INFO     | IP: - | User: - | watchfiles.main — 1 change detected
2026-07-02 03:32:11,018 | INFO     | IP: - | User: - | watchfiles.main — 1 change detected
2026-07-02 03:32:11,423 | INFO     | IP: - | User: - | watchfiles.main — 1 change detected
2026-07-02 03:32:11,829 | INFO     | IP: - | User: - | watchfiles.main — 1 change detected
2026-07-02 03:32:12,232 | INFO     | IP: - | User: - | watchfiles.main — 1 change detected
2026-07-02 03:32:12,640 | INFO     | IP: - | User: - | watchfiles.main — 1 change detected
2026-07-02 03:32:13,120 | INFO     | IP: - | User: - | watchfiles.main — 1 change detected
2026-07-02 03:32:13,532 | INFO     | IP: - | User: - | watchfiles.main — 1 change detected
2026-07-02 03:32:13,888 | INFO     | IP: - | User: - | watchfiles.main — 1 change detected
2026-07-02 03:32:14,249 | INFO     | IP: - | User: - | watchfiles.main — 1 change detected
2026-07-02 03:32:14,608 | INFO     | IP: - | User: - | watchfiles.main — 1 change detected
2026-07-02 03:32:14,971 | INFO     | IP: - | User: - | watchfiles.main — 1 change detected
2026-07-02 03:32:15,332 | INFO     | IP: - | User: - | watchfiles.main — 1 change detected
2026-07-02 03:32:15,695 | INFO     | IP: - | User: - | watchfiles.main — 1 change detected
2026-07-02 03:32:16,104 | INFO     | IP: - | User: - | watchfiles.main — 1 change detected
2026-07-02 03:32:16,510 | INFO     | IP: - | User: - | watchfiles.main — 1 change detected
2026-07-02 03:32:16,916 | INFO     | IP: - | User: - | watchfiles.main — 1 change detected
2026-07-02 03:32:17,323 | INFO     | IP: - | User: - | watchfiles.main — 1 change detected
2026-07-02 03:32:17,726 | INFO     | IP: - | User: - | watchfiles.main — 1 change detected
2026-07-02 03:32:18,083 | INFO     | IP: - | User: - | watchfiles.main — 1 change detected
2026-07-02 03:32:18,495 | INFO     | IP: - | User: - | watchfiles.main — 1 change detected
2026-07-02 03:32:18,898 | INFO     | IP: - | User: - | watchfiles.main — 1 change detected
2026-07-02 03:32:19,356 | INFO     | IP: - | User: - | watchfiles.main — 1 change detected
2026-07-02 03:32:19,763 | INFO     | IP: - | User: - | watchfiles.main — 1 change detected
2026-07-02 03:32:20,165 | INFO     | IP: - | User: - | watchfiles.main — 1 change detected
2026-07-02 03:32:20,572 | INFO     | IP: - | User: - | watchfiles.main — 1 change detected
2026-07-02 03:32:20,975 | INFO     | IP: - | User: - | watchfiles.main — 1 change detected
2026-07-02 03:32:21,385 | INFO     | IP: - | User: - | watchfiles.main — 1 change detected
2026-07-02 03:32:21,795 | INFO     | IP: - | User: - | watchfiles.main — 1 change detected
2026-07-02 03:32:22,153 | INFO     | IP: - | User: - | watchfiles.main — 1 change detected
2026-07-02 03:32:49,278 | INFO     | IP: - | User: - | watchfiles.main — 3 changes detected
2026-07-02 03:32:49,328 | INFO     | IP: - | User: - | app — WebSocket disconnected: user=sadikisadiki
2026-07-02 03:32:49,467 | INFO     | IP: - | User: - | app.main — Shutting down.
2026-07-02 03:32:50,298 | INFO     | IP: - | User: - | watchfiles.main — 1 change detected
2026-07-02 03:33:49,929 | INFO     | IP: - | User: - | watchfiles.main — 3 changes detected
2026-07-02 03:34:27,410 | INFO     | IP: - | User: - | watchfiles.main — 1 change detected
2026-07-02 03:34:45,403 | INFO     | IP: - | User: - | watchfiles.main — 1 change detected
2026-07-02 03:35:05,573 | INFO     | IP: - | User: - | watchfiles.main — 1 change detected
2026-07-02 03:35:27,777 | INFO     | IP: - | User: - | watchfiles.main — 1 change detected
2026-07-02 03:35:30,052 | INFO     | IP: - | User: - | watchfiles.main — 5 changes detected
2026-07-02 03:35:30,459 | INFO     | IP: - | User: - | watchfiles.main — 5 changes detected
2026-07-02 03:35:30,561 | INFO     | IP: - | User: - | app.main — Initialising database …
2026-07-02 03:35:30,568 | INFO     | IP: - | User: - | app.main — Database ready.
2026-07-02 03:35:30,673 | INFO     | IP: - | User: - | app — WebSocket connected: user=sadikisadiki, is_admin=False
2026-07-02 03:35:30,811 | INFO     | IP: - | User: - | watchfiles.main — 5 changes detected
2026-07-02 03:35:41,064 | INFO     | IP: - | User: - | watchfiles.main — 23 changes detected
2026-07-02 03:35:49,693 | INFO     | IP: - | User: - | watchfiles.main — 1 change detected
2026-07-02 03:35:50,047 | INFO     | IP: - | User: - | watchfiles.main — 1 change detected
2026-07-02 03:35:50,456 | INFO     | IP: - | User: - | watchfiles.main — 1 change detected
2026-07-02 03:35:50,859 | INFO     | IP: - | User: - | watchfiles.main — 1 change detected
2026-07-02 03:35:51,263 | INFO     | IP: - | User: - | watchfiles.main — 1 change detected
2026-07-02 03:35:51,669 | INFO     | IP: - | User: - | watchfiles.main — 1 change detected
2026-07-02 03:35:52,073 | INFO     | IP: - | User: - | watchfiles.main — 1 change detected
2026-07-02 03:35:52,477 | INFO     | IP: - | User: - | watchfiles.main — 1 change detected
2026-07-02 03:35:52,884 | INFO     | IP: - | User: - | watchfiles.main — 1 change detected
2026-07-02 03:35:53,288 | INFO     | IP: - | User: - | watchfiles.main — 1 change detected
2026-07-02 03:35:53,694 | INFO     | IP: - | User: - | watchfiles.main — 1 change detected
2026-07-02 03:35:54,103 | INFO     | IP: - | User: - | watchfiles.main — 1 change detected
2026-07-02 03:35:54,508 | INFO     | IP: - | User: - | watchfiles.main — 1 change detected
2026-07-02 03:35:54,915 | INFO     | IP: - | User: - | watchfiles.main — 1 change detected
2026-07-02 03:35:55,318 | INFO     | IP: - | User: - | watchfiles.main — 1 change detected
2026-07-02 03:35:55,724 | INFO     | IP: - | User: - | watchfiles.main — 1 change detected
2026-07-02 03:35:56,127 | INFO     | IP: - | User: - | watchfiles.main — 1 change detected
2026-07-02 03:35:56,535 | INFO     | IP: - | User: - | watchfiles.main — 1 change detected
2026-07-02 03:35:56,910 | INFO     | IP: - | User: - | watchfiles.main — 1 change detected
2026-07-02 03:35:57,321 | INFO     | IP: - | User: - | watchfiles.main — 1 change detected
2026-07-02 03:35:57,726 | INFO     | IP: - | User: - | watchfiles.main — 1 change detected
2026-07-02 03:35:58,131 | INFO     | IP: - | User: - | watchfiles.main — 1 change detected
2026-07-02 03:35:58,536 | INFO     | IP: - | User: - | watchfiles.main — 1 change detected
2026-07-02 03:35:58,940 | INFO     | IP: - | User: - | watchfiles.main — 1 change detected
2026-07-02 03:35:59,299 | INFO     | IP: - | User: - | watchfiles.main — 1 change detected
2026-07-02 03:35:59,710 | INFO     | IP: - | User: - | watchfiles.main — 1 change detected
2026-07-02 03:36:00,115 | INFO     | IP: - | User: - | watchfiles.main — 1 change detected
2026-07-02 03:36:00,544 | INFO     | IP: - | User: - | watchfiles.main — 1 change detected
2026-07-02 03:36:00,956 | INFO     | IP: - | User: - | watchfiles.main — 1 change detected
2026-07-02 03:36:01,362 | INFO     | IP: - | User: - | watchfiles.main — 1 change detected
2026-07-02 03:36:01,763 | INFO     | IP: - | User: - | watchfiles.main — 1 change detected
2026-07-02 03:36:02,173 | INFO     | IP: - | User: - | watchfiles.main — 1 change detected
2026-07-02 03:36:02,581 | INFO     | IP: - | User: - | watchfiles.main — 1 change detected
2026-07-02 03:36:02,993 | INFO     | IP: - | User: - | watchfiles.main — 1 change detected
2026-07-02 03:36:03,411 | INFO     | IP: - | User: - | watchfiles.main — 1 change detected
2026-07-02 03:36:03,814 | INFO     | IP: - | User: - | watchfiles.main — 1 change detected
2026-07-02 03:36:04,222 | INFO     | IP: - | User: - | watchfiles.main — 1 change detected
2026-07-02 03:36:04,642 | INFO     | IP: - | User: - | watchfiles.main — 1 change detected
2026-07-02 03:36:05,044 | INFO     | IP: - | User: - | watchfiles.main — 1 change detected
2026-07-02 03:36:05,451 | INFO     | IP: - | User: - | watchfiles.main — 1 change detected
2026-07-02 03:36:05,858 | INFO     | IP: - | User: - | watchfiles.main — 1 change detected
2026-07-02 03:36:06,216 | INFO     | IP: - | User: - | watchfiles.main — 1 change detected
2026-07-02 03:36:06,630 | INFO     | IP: - | User: - | watchfiles.main — 1 change detected
2026-07-02 03:36:07,038 | INFO     | IP: - | User: - | watchfiles.main — 1 change detected
2026-07-02 03:36:07,443 | INFO     | IP: - | User: - | watchfiles.main — 1 change detected
2026-07-02 03:36:07,851 | INFO     | IP: - | User: - | watchfiles.main — 1 change detected
2026-07-02 03:36:08,256 | INFO     | IP: - | User: - | watchfiles.main — 1 change detected
2026-07-02 03:36:08,660 | INFO     | IP: - | User: - | watchfiles.main — 1 change detected
2026-07-02 03:36:09,068 | INFO     | IP: - | User: - | watchfiles.main — 1 change detected
2026-07-02 03:36:09,474 | INFO     | IP: - | User: - | watchfiles.main — 1 change detected
2026-07-02 03:36:09,879 | INFO     | IP: - | User: - | watchfiles.main — 1 change detected
2026-07-02 03:36:10,237 | INFO     | IP: - | User: - | watchfiles.main — 1 change detected
2026-07-02 03:36:10,644 | INFO     | IP: - | User: - | watchfiles.main — 1 change detected
2026-07-02 03:36:11,049 | INFO     | IP: - | User: - | watchfiles.main — 1 change detected
2026-07-02 03:36:11,477 | INFO     | IP: - | User: - | watchfiles.main — 1 change detected
2026-07-02 03:36:11,890 | INFO     | IP: - | User: - | watchfiles.main — 1 change detected
2026-07-02 03:36:12,331 | INFO     | IP: - | User: - | watchfiles.main — 1 change detected
2026-07-02 03:36:12,733 | INFO     | IP: - | User: - | watchfiles.main — 1 change detected
2026-07-02 03:36:13,094 | INFO     | IP: - | User: - | watchfiles.main — 1 change detected
2026-07-02 03:36:13,557 | INFO     | IP: - | User: - | watchfiles.main — 1 change detected
2026-07-02 03:36:13,909 | INFO     | IP: - | User: - | watchfiles.main — 1 change detected
2026-07-02 03:36:26,098 | INFO     | IP: - | User: - | app — WebSocket disconnected: user=sadikisadiki
2026-07-02 03:36:26,321 | INFO     | IP: - | User: - | app — WebSocket connected: user=sadikisadiki, is_admin=False
2026-07-02 03:37:30,102 | INFO     | IP: 127.0.0.1 | User: admin | app.security — Action: Connexion de l'utilisateur 'admin' | Résultat: Réussite
2026-07-02 03:37:30,180 | INFO     | IP: - | User: - | watchfiles.main — 3 changes detected
2026-07-02 03:37:30,189 | INFO     | IP: - | User: - | app — WebSocket connected: user=admin, is_admin=True
2026-07-02 03:38:20,485 | ERROR    | IP: 127.0.0.1 | User: admin | app — Action: Transaction base de données | Résultat: Échec (Erreur DB : 403: Not your VM)
Traceback (most recent call last):
  File "C:\VMs\vbox-zorin-automation\app\database.py", line 22, in get_db
    yield db
  File "C:\Users\sadik\anaconda3\Lib\site-packages\fastapi\concurrency.py", line 29, in contextmanager_in_threadpool
    yield await run_in_threadpool(cm.__enter__)
  File "C:\Users\sadik\anaconda3\Lib\site-packages\fastapi\routing.py", line 136, in app
    response = await f(request)
               ^^^^^^^^^^^^^^^^
  File "C:\Users\sadik\anaconda3\Lib\site-packages\fastapi\routing.py", line 690, in app
    raw_response = await run_endpoint_function(
                   ^^^^^^^^^^^^^^^^^^^^^^^^^^^^
    ...<3 lines>...
    )
    ^
  File "C:\Users\sadik\anaconda3\Lib\site-packages\fastapi\routing.py", line 346, in run_endpoint_function
    return await run_in_threadpool(dependant.call, **values)
           ^^^^^^^^^^^^^^^^^^^^^^^^^^^^^^^^^^^^^^^^^^^^^^^^^
  File "C:\Users\sadik\anaconda3\Lib\site-packages\starlette\concurrency.py", line 34, in run_in_threadpool
    return await anyio.to_thread.run_sync(func)
           ^^^^^^^^^^^^^^^^^^^^^^^^^^^^^^^^^^^^
  File "C:\Users\sadik\anaconda3\Lib\site-packages\anyio\to_thread.py", line 56, in run_sync
    return await get_async_backend().run_sync_in_worker_thread(
           ^^^^^^^^^^^^^^^^^^^^^^^^^^^^^^^^^^^^^^^^^^^^^^^^^^^^
        func, args, abandon_on_cancel=abandon_on_cancel, limiter=limiter
        ^^^^^^^^^^^^^^^^^^^^^^^^^^^^^^^^^^^^^^^^^^^^^^^^^^^^^^^^^^^^^^^^
    )
    ^
  File "C:\Users\sadik\anaconda3\Lib\site-packages\anyio\_backends\_asyncio.py", line 2476, in run_sync_in_worker_thread
    return await future
           ^^^^^^^^^^^^
  File "C:\Users\sadik\anaconda3\Lib\site-packages\anyio\_backends\_asyncio.py", line 967, in run
    result = context.run(func, *args)
  File "C:\VMs\vbox-zorin-automation\app\routers\vms.py", line 424, in delete_vm
    vm = _get_owned_vm(vm_id, current_user, db)
  File "C:\VMs\vbox-zorin-automation\app\routers\vms.py", line 50, in _get_owned_vm
    raise HTTPException(status_code=403, detail="Not your VM")
fastapi.exceptions.HTTPException: 403: Not your VM
2026-07-02 03:38:34,570 | ERROR    | IP: 127.0.0.1 | User: admin | app — Action: Transaction base de données | Résultat: Échec (Erreur DB : 403: Not your VM)
Traceback (most recent call last):
  File "C:\VMs\vbox-zorin-automation\app\database.py", line 22, in get_db
    yield db
  File "C:\Users\sadik\anaconda3\Lib\site-packages\fastapi\concurrency.py", line 29, in contextmanager_in_threadpool
    yield await run_in_threadpool(cm.__enter__)
  File "C:\Users\sadik\anaconda3\Lib\site-packages\fastapi\routing.py", line 136, in app
    response = await f(request)
               ^^^^^^^^^^^^^^^^
  File "C:\Users\sadik\anaconda3\Lib\site-packages\fastapi\routing.py", line 690, in app
    raw_response = await run_endpoint_function(
                   ^^^^^^^^^^^^^^^^^^^^^^^^^^^^
    ...<3 lines>...
    )
    ^
  File "C:\Users\sadik\anaconda3\Lib\site-packages\fastapi\routing.py", line 346, in run_endpoint_function
    return await run_in_threadpool(dependant.call, **values)
           ^^^^^^^^^^^^^^^^^^^^^^^^^^^^^^^^^^^^^^^^^^^^^^^^^
  File "C:\Users\sadik\anaconda3\Lib\site-packages\starlette\concurrency.py", line 34, in run_in_threadpool
    return await anyio.to_thread.run_sync(func)
           ^^^^^^^^^^^^^^^^^^^^^^^^^^^^^^^^^^^^
  File "C:\Users\sadik\anaconda3\Lib\site-packages\anyio\to_thread.py", line 56, in run_sync
    return await get_async_backend().run_sync_in_worker_thread(
           ^^^^^^^^^^^^^^^^^^^^^^^^^^^^^^^^^^^^^^^^^^^^^^^^^^^^
        func, args, abandon_on_cancel=abandon_on_cancel, limiter=limiter
        ^^^^^^^^^^^^^^^^^^^^^^^^^^^^^^^^^^^^^^^^^^^^^^^^^^^^^^^^^^^^^^^^
    )
    ^
  File "C:\Users\sadik\anaconda3\Lib\site-packages\anyio\_backends\_asyncio.py", line 2476, in run_sync_in_worker_thread
    return await future
           ^^^^^^^^^^^^
  File "C:\Users\sadik\anaconda3\Lib\site-packages\anyio\_backends\_asyncio.py", line 967, in run
    result = context.run(func, *args)
  File "C:\VMs\vbox-zorin-automation\app\routers\vms.py", line 424, in delete_vm
    vm = _get_owned_vm(vm_id, current_user, db)
  File "C:\VMs\vbox-zorin-automation\app\routers\vms.py", line 50, in _get_owned_vm
    raise HTTPException(status_code=403, detail="Not your VM")
fastapi.exceptions.HTTPException: 403: Not your VM
2026-07-02 03:38:50,368 | INFO     | IP: - | User: - | app — WebSocket disconnected: user=sadikisadiki
2026-07-02 03:39:02,711 | INFO     | IP: 127.0.0.1 | User: admin | app.security — Action: Connexion de l'utilisateur 'admin' | Résultat: Réussite
2026-07-02 03:39:02,769 | INFO     | IP: - | User: - | app — WebSocket connected: user=admin, is_admin=True
2026-07-02 03:39:02,795 | INFO     | IP: - | User: - | watchfiles.main — 3 changes detected
2026-07-02 03:39:15,222 | INFO     | IP: - | User: - | app — WebSocket disconnected: user=admin
2026-07-02 03:39:36,119 | INFO     | IP: 127.0.0.1 | User: sadikisadiki | app.security — Action: Connexion de l'utilisateur 'sadikisadiki' | Résultat: Réussite
2026-07-02 03:39:36,187 | INFO     | IP: - | User: - | app — WebSocket connected: user=sadikisadiki, is_admin=False
2026-07-02 03:39:36,209 | INFO     | IP: - | User: - | watchfiles.main — 3 changes detected
2026-07-02 03:43:04,853 | INFO     | IP: - | User: - | app — WebSocket disconnected: user=sadikisadiki
2026-07-02 03:43:04,923 | INFO     | IP: - | User: - | app — WebSocket connected: user=sadikisadiki, is_admin=False
2026-07-02 03:43:37,037 | INFO     | IP: - | User: - | watchfiles.main — 1 change detected
2026-07-02 03:43:52,198 | INFO     | IP: - | User: - | watchfiles.main — 1 change detected
2026-07-02 03:43:52,558 | INFO     | IP: - | User: - | watchfiles.main — 1 change detected
2026-07-02 03:43:52,920 | INFO     | IP: - | User: - | watchfiles.main — 1 change detected
2026-07-02 03:43:53,332 | INFO     | IP: - | User: - | watchfiles.main — 1 change detected
2026-07-02 03:43:53,689 | INFO     | IP: - | User: - | watchfiles.main — 1 change detected
2026-07-02 03:43:54,100 | INFO     | IP: - | User: - | watchfiles.main — 1 change detected
2026-07-02 03:43:54,516 | INFO     | IP: - | User: - | watchfiles.main — 1 change detected
2026-07-02 03:43:54,921 | INFO     | IP: - | User: - | watchfiles.main — 1 change detected
2026-07-02 03:43:55,327 | INFO     | IP: - | User: - | watchfiles.main — 1 change detected
2026-07-02 03:43:55,732 | INFO     | IP: - | User: - | watchfiles.main — 1 change detected
2026-07-02 03:43:56,135 | INFO     | IP: - | User: - | watchfiles.main — 1 change detected
2026-07-02 03:43:56,551 | INFO     | IP: - | User: - | watchfiles.main — 1 change detected
2026-07-02 03:43:56,955 | INFO     | IP: - | User: - | watchfiles.main — 1 change detected
2026-07-02 03:43:57,313 | INFO     | IP: - | User: - | watchfiles.main — 1 change detected
2026-07-02 03:43:57,722 | INFO     | IP: - | User: - | watchfiles.main — 1 change detected
2026-07-02 03:43:58,176 | INFO     | IP: - | User: - | watchfiles.main — 1 change detected
2026-07-02 03:43:58,529 | INFO     | IP: - | User: - | watchfiles.main — 1 change detected
2026-07-02 03:43:58,889 | INFO     | IP: - | User: - | watchfiles.main — 1 change detected
2026-07-02 03:43:59,250 | INFO     | IP: - | User: - | watchfiles.main — 1 change detected
2026-07-02 03:43:59,611 | INFO     | IP: - | User: - | watchfiles.main — 1 change detected
2026-07-02 03:43:59,968 | INFO     | IP: - | User: - | watchfiles.main — 1 change detected
2026-07-02 03:44:00,406 | INFO     | IP: - | User: - | watchfiles.main — 1 change detected
2026-07-02 03:44:00,815 | INFO     | IP: - | User: - | watchfiles.main — 1 change detected
2026-07-02 03:44:01,233 | INFO     | IP: - | User: - | watchfiles.main — 1 change detected
2026-07-02 03:44:01,640 | INFO     | IP: - | User: - | watchfiles.main — 1 change detected
2026-07-02 03:44:02,045 | INFO     | IP: - | User: - | watchfiles.main — 1 change detected
2026-07-02 03:44:02,449 | INFO     | IP: - | User: - | watchfiles.main — 1 change detected
2026-07-02 03:44:02,854 | INFO     | IP: - | User: - | watchfiles.main — 1 change detected
2026-07-02 03:44:03,259 | INFO     | IP: - | User: - | watchfiles.main — 1 change detected
2026-07-02 03:44:03,612 | INFO     | IP: - | User: - | watchfiles.main — 1 change detected
2026-07-02 03:44:03,968 | INFO     | IP: - | User: - | watchfiles.main — 1 change detected
2026-07-02 03:44:04,330 | INFO     | IP: - | User: - | watchfiles.main — 1 change detected
2026-07-02 03:44:04,693 | INFO     | IP: - | User: - | watchfiles.main — 1 change detected
2026-07-02 03:44:05,054 | INFO     | IP: - | User: - | watchfiles.main — 1 change detected
2026-07-02 03:44:05,414 | INFO     | IP: - | User: - | watchfiles.main — 1 change detected
2026-07-02 03:44:05,770 | INFO     | IP: - | User: - | watchfiles.main — 1 change detected
2026-07-02 03:44:06,133 | INFO     | IP: - | User: - | watchfiles.main — 1 change detected
2026-07-02 03:44:06,492 | INFO     | IP: - | User: - | watchfiles.main — 1 change detected
2026-07-02 03:44:06,852 | INFO     | IP: - | User: - | watchfiles.main — 1 change detected
2026-07-02 03:44:07,214 | INFO     | IP: - | User: - | watchfiles.main — 1 change detected
2026-07-02 03:44:07,575 | INFO     | IP: - | User: - | watchfiles.main — 3 changes detected
2026-07-02 03:44:07,931 | INFO     | IP: - | User: - | watchfiles.main — 1 change detected
2026-07-02 03:44:08,284 | INFO     | IP: - | User: - | watchfiles.main — 1 change detected
2026-07-02 03:44:08,640 | INFO     | IP: - | User: - | watchfiles.main — 1 change detected
2026-07-02 03:44:09,000 | INFO     | IP: - | User: - | watchfiles.main — 1 change detected
2026-07-02 03:44:09,408 | INFO     | IP: - | User: - | watchfiles.main — 1 change detected
2026-07-02 03:44:09,814 | INFO     | IP: - | User: - | watchfiles.main — 1 change detected
2026-07-02 03:44:10,221 | INFO     | IP: - | User: - | watchfiles.main — 1 change detected
2026-07-02 03:44:10,578 | INFO     | IP: - | User: - | watchfiles.main — 1 change detected
2026-07-02 03:44:10,985 | INFO     | IP: - | User: - | watchfiles.main — 1 change detected
2026-07-02 03:44:11,391 | INFO     | IP: - | User: - | watchfiles.main — 1 change detected
2026-07-02 03:44:11,794 | INFO     | IP: - | User: - | watchfiles.main — 1 change detected
2026-07-02 03:44:12,202 | INFO     | IP: - | User: - | watchfiles.main — 1 change detected
2026-07-02 03:44:12,607 | INFO     | IP: - | User: - | watchfiles.main — 1 change detected
2026-07-02 03:44:13,014 | INFO     | IP: - | User: - | watchfiles.main — 1 change detected
2026-07-02 03:44:13,419 | INFO     | IP: - | User: - | watchfiles.main — 1 change detected
2026-07-02 03:44:13,822 | INFO     | IP: - | User: - | watchfiles.main — 1 change detected
2026-07-02 03:44:14,230 | INFO     | IP: - | User: - | watchfiles.main — 1 change detected
2026-07-02 03:44:14,634 | INFO     | IP: - | User: - | watchfiles.main — 1 change detected
2026-07-02 03:44:15,038 | INFO     | IP: - | User: - | watchfiles.main — 1 change detected
2026-07-02 03:44:15,444 | INFO     | IP: - | User: - | watchfiles.main — 1 change detected
2026-07-02 03:44:15,849 | INFO     | IP: - | User: - | watchfiles.main — 1 change detected
2026-07-02 03:44:16,254 | INFO     | IP: - | User: - | watchfiles.main — 1 change detected
2026-07-02 03:44:16,661 | INFO     | IP: - | User: - | watchfiles.main — 1 change detected
2026-07-02 03:44:17,066 | INFO     | IP: - | User: - | watchfiles.main — 1 change detected
2026-07-02 03:44:17,470 | INFO     | IP: - | User: - | watchfiles.main — 1 change detected
2026-07-02 03:44:17,873 | INFO     | IP: - | User: - | watchfiles.main — 1 change detected
2026-07-02 03:44:18,280 | INFO     | IP: - | User: - | watchfiles.main — 1 change detected
2026-07-02 03:44:18,684 | INFO     | IP: - | User: - | watchfiles.main — 1 change detected
2026-07-02 03:44:19,087 | INFO     | IP: - | User: - | watchfiles.main — 1 change detected
2026-07-02 03:44:19,492 | INFO     | IP: - | User: - | watchfiles.main — 1 change detected
2026-07-02 03:44:19,894 | INFO     | IP: - | User: - | watchfiles.main — 1 change detected
2026-07-02 03:44:20,300 | INFO     | IP: - | User: - | watchfiles.main — 1 change detected
2026-07-02 03:44:20,704 | INFO     | IP: - | User: - | watchfiles.main — 1 change detected
2026-07-02 03:44:21,107 | INFO     | IP: - | User: - | watchfiles.main — 1 change detected
2026-07-02 03:44:21,512 | INFO     | IP: - | User: - | watchfiles.main — 1 change detected
2026-07-02 03:44:21,916 | INFO     | IP: - | User: - | watchfiles.main — 1 change detected
2026-07-02 03:44:22,321 | INFO     | IP: - | User: - | watchfiles.main — 1 change detected
2026-07-02 03:44:22,677 | INFO     | IP: - | User: - | watchfiles.main — 1 change detected
2026-07-02 03:44:23,087 | INFO     | IP: - | User: - | watchfiles.main — 1 change detected
2026-07-02 03:44:23,490 | INFO     | IP: - | User: - | watchfiles.main — 1 change detected
2026-07-02 03:44:23,895 | INFO     | IP: - | User: - | watchfiles.main — 1 change detected
2026-07-02 03:44:24,300 | INFO     | IP: - | User: - | watchfiles.main — 1 change detected
2026-07-02 03:44:24,708 | INFO     | IP: - | User: - | watchfiles.main — 1 change detected
2026-07-02 03:44:25,112 | INFO     | IP: - | User: - | watchfiles.main — 1 change detected
2026-07-02 03:44:25,728 | INFO     | IP: - | User: - | watchfiles.main — 1 change detected
2026-07-02 03:44:26,085 | INFO     | IP: - | User: - | watchfiles.main — 1 change detected
2026-07-02 03:44:26,443 | INFO     | IP: - | User: - | watchfiles.main — 1 change detected
2026-07-02 03:44:26,853 | INFO     | IP: - | User: - | watchfiles.main — 1 change detected
2026-07-02 03:44:27,256 | INFO     | IP: - | User: - | watchfiles.main — 1 change detected
2026-07-02 03:44:27,661 | INFO     | IP: - | User: - | watchfiles.main — 1 change detected
2026-07-02 03:44:28,069 | INFO     | IP: - | User: - | watchfiles.main — 1 change detected
2026-07-02 03:44:28,473 | INFO     | IP: - | User: - | watchfiles.main — 1 change detected
2026-07-02 03:44:28,877 | INFO     | IP: - | User: - | watchfiles.main — 1 change detected
2026-07-02 03:44:29,281 | INFO     | IP: - | User: - | watchfiles.main — 1 change detected
2026-07-02 03:44:29,687 | INFO     | IP: - | User: - | watchfiles.main — 1 change detected
2026-07-02 03:44:30,094 | INFO     | IP: - | User: - | watchfiles.main — 1 change detected
2026-07-02 03:44:30,499 | INFO     | IP: - | User: - | watchfiles.main — 1 change detected
2026-07-02 03:44:30,906 | INFO     | IP: - | User: - | watchfiles.main — 1 change detected
2026-07-02 03:44:31,312 | INFO     | IP: - | User: - | watchfiles.main — 1 change detected
2026-07-02 03:44:31,720 | INFO     | IP: - | User: - | watchfiles.main — 1 change detected
2026-07-02 03:44:32,079 | INFO     | IP: - | User: - | watchfiles.main — 1 change detected
2026-07-02 03:44:32,491 | INFO     | IP: - | User: - | watchfiles.main — 1 change detected
2026-07-02 03:44:32,896 | INFO     | IP: - | User: - | watchfiles.main — 1 change detected
2026-07-02 03:44:33,303 | INFO     | IP: - | User: - | watchfiles.main — 1 change detected
2026-07-02 03:44:33,711 | INFO     | IP: - | User: - | watchfiles.main — 1 change detected
2026-07-02 03:44:34,121 | INFO     | IP: - | User: - | watchfiles.main — 1 change detected
2026-07-02 03:44:34,480 | INFO     | IP: - | User: - | watchfiles.main — 1 change detected
2026-07-02 03:44:34,890 | INFO     | IP: - | User: - | watchfiles.main — 1 change detected
2026-07-02 03:44:35,296 | INFO     | IP: - | User: - | watchfiles.main — 1 change detected
2026-07-02 03:44:35,731 | INFO     | IP: - | User: - | watchfiles.main — 1 change detected
2026-07-02 03:44:36,152 | INFO     | IP: - | User: - | watchfiles.main — 1 change detected
2026-07-02 03:44:36,571 | INFO     | IP: - | User: - | watchfiles.main — 1 change detected
2026-07-02 03:44:36,977 | INFO     | IP: - | User: - | watchfiles.main — 1 change detected
2026-07-02 03:44:37,384 | INFO     | IP: - | User: - | watchfiles.main — 1 change detected
2026-07-02 03:44:37,792 | INFO     | IP: - | User: - | watchfiles.main — 1 change detected
2026-07-02 03:44:38,206 | INFO     | IP: - | User: - | watchfiles.main — 1 change detected
2026-07-02 03:44:38,578 | INFO     | IP: - | User: - | watchfiles.main — 1 change detected
2026-07-02 03:44:39,981 | INFO     | IP: - | User: - | app — WebSocket disconnected: user=sadikisadiki
2026-07-02 03:44:40,273 | INFO     | IP: - | User: - | app — WebSocket connected: user=sadikisadiki, is_admin=False
2026-07-02 03:44:55,143 | ERROR    | IP: 127.0.0.1 | User: sadikisadiki | app — Action: Transaction base de données | Résultat: Échec (Erreur DB : 1 validation error:
  {'type': 'value_error', 'loc': ('body', 'password'), 'msg': 'Value error, VM password must be at least 8 characters', 'input': '1234', 'ctx': {'error': ValueError('VM password must be at least 8 characters')}}

  File "C:\VMs\vbox-zorin-automation\app\routers\vms.py", line 219, in create_vm
    POST /vms/)
Traceback (most recent call last):
  File "C:\VMs\vbox-zorin-automation\app\database.py", line 22, in get_db
    yield db
  File "C:\Users\sadik\anaconda3\Lib\site-packages\fastapi\concurrency.py", line 29, in contextmanager_in_threadpool
    yield await run_in_threadpool(cm.__enter__)
  File "C:\Users\sadik\anaconda3\Lib\site-packages\fastapi\routing.py", line 136, in app
    response = await f(request)
               ^^^^^^^^^^^^^^^^
  File "C:\Users\sadik\anaconda3\Lib\site-packages\fastapi\routing.py", line 739, in app
    raise validation_error
fastapi.exceptions.RequestValidationError: 1 validation error:
  {'type': 'value_error', 'loc': ('body', 'password'), 'msg': 'Value error, VM password must be at least 8 characters', 'input': '1234', 'ctx': {'error': ValueError('VM password must be at least 8 characters')}}

  File "C:\VMs\vbox-zorin-automation\app\routers\vms.py", line 219, in create_vm
    POST /vms/
2026-07-02 03:45:00,572 | INFO     | IP: 127.0.0.1 | User: sadikisadiki | app.vm — Action: Requête de création de VM | Résultat: Soumis avec succès (Nom de la VM: sadikisadiki-17453af5)
2026-07-02 03:45:00,661 | INFO     | IP: - | User: - | watchfiles.main — 3 changes detected
2026-07-02 03:45:01,033 | INFO     | IP: - | User: - | watchfiles.main — 3 changes detected
2026-07-02 03:45:04,386 | INFO     | IP: 127.0.0.1 | User: sadikisadiki | app.services.vm_service — [sadikisadiki-17453af5] Checking for clean-template snapshot...
2026-07-02 03:45:04,496 | INFO     | IP: 127.0.0.1 | User: sadikisadiki | app.services.vm_service — [sadikisadiki-17453af5] Cloning from zorin-lite-master (snapshot=True) ...
2026-07-02 03:45:35,988 | INFO     | IP: - | User: - | app — WebSocket disconnected: user=admin
2026-07-02 03:45:36,746 | INFO     | IP: - | User: - | app — WebSocket connected: user=admin, is_admin=True
2026-07-02 03:46:03,105 | INFO     | IP: 127.0.0.1 | User: sadikisadiki | app.services.vm_service — [sadikisadiki-17453af5] Setting 4 vCPU, 4096 MB RAM, boot=disk ...
2026-07-02 03:46:03,225 | INFO     | IP: 127.0.0.1 | User: sadikisadiki | app.services.vm_service — [sadikisadiki-17453af5] Generating cloud-init ISO ...
2026-07-02 03:46:06,066 | INFO     | IP: 127.0.0.1 | User: sadikisadiki | app.services.cloudinit_service — Creating cloud-init ISO at C:\VMs\cloud-init-temp\sadikisadiki-17453af5\sadikisadiki-17453af5-cidata.iso
2026-07-02 03:46:06,388 | INFO     | IP: 127.0.0.1 | User: sadikisadiki | app.services.cloudinit_service — Cloud-init ISO created: C:\VMs\cloud-init-temp\sadikisadiki-17453af5\sadikisadiki-17453af5-cidata.iso
2026-07-02 03:46:06,475 | WARNING  | IP: 127.0.0.1 | User: sadikisadiki | app.services.vm_service — VBoxManage exited 1
STDOUT: 
STDERR: VBoxManage.exe: error: Storage controller named 'IDE Controller' already exists
VBoxManage.exe: error: Details: code VBOX_E_OBJECT_IN_USE (0x80bb000c), component SessionMachine, interface IMachine, callee IUnknown
VBoxManage.exe: error: Context: "AddStorageController(Bstr(pszCtl).raw(), StorageBus_IDE, ctl.asOutParam())" at line 1084 of file VBoxManageStorageController.cpp

2026-07-02 03:46:06,579 | WARNING  | IP: 127.0.0.1 | User: sadikisadiki | app.services.vm_service — VBoxManage exited 1
STDOUT: 
STDERR: VBoxManage.exe: error: No storage device attached to device slot 0 on port 1 of controller 'IDE Controller'
VBoxManage.exe: error: Details: code VBOX_E_OBJECT_NOT_FOUND (0x80bb0001), component SessionMachine, interface IMachine, callee IUnknown
VBoxManage.exe: error: Context: "DetachDevice(Bstr(pszCtl).raw(), port, device)" at line 413 of file VBoxManageStorageController.cpp

2026-07-02 03:46:07,449 | INFO     | IP: 127.0.0.1 | User: sadikisadiki | app.services.vm_service — [sadikisadiki-17453af5] Forwarding host port 22746 → guest 22 ...
2026-07-02 03:46:07,530 | INFO     | IP: 127.0.0.1 | User: sadikisadiki | app.services.vm_service — [sadikisadiki-17453af5] Starting VM with type gui ...
2026-07-02 03:46:48,923 | INFO     | IP: 127.0.0.1 | User: sadikisadiki | app.vm — Action: Provisioning de la VM 'sadikisadiki-17453af5' | Résultat: Réussite (SSH port 22746)
2026-07-02 03:46:48,971 | INFO     | IP: - | User: - | watchfiles.main — 3 changes detected
2026-07-02 03:49:09,152 | INFO     | IP: - | User: - | watchfiles.main — 3 changes detected
2026-07-02 03:49:09,528 | INFO     | IP: - | User: - | watchfiles.main — 1 change detected
2026-07-02 03:49:10,353 | INFO     | IP: - | User: - | watchfiles.main — 1 change detected
2026-07-02 03:49:11,045 | INFO     | IP: - | User: - | watchfiles.main — 1 change detected
2026-07-02 03:49:11,608 | INFO     | IP: - | User: - | watchfiles.main — 1 change detected
2026-07-02 03:49:11,978 | INFO     | IP: - | User: - | watchfiles.main — 1 change detected
2026-07-02 03:49:12,330 | INFO     | IP: - | User: - | watchfiles.main — 1 change detected
2026-07-02 03:49:12,694 | INFO     | IP: - | User: - | watchfiles.main — 1 change detected
2026-07-02 03:49:13,050 | INFO     | IP: - | User: - | watchfiles.main — 1 change detected
2026-07-02 03:49:13,459 | INFO     | IP: - | User: - | watchfiles.main — 1 change detected
2026-07-02 03:49:13,863 | INFO     | IP: - | User: - | watchfiles.main — 1 change detected
2026-07-02 03:49:14,368 | INFO     | IP: - | User: - | watchfiles.main — 1 change detected
2026-07-02 03:49:14,772 | INFO     | IP: - | User: - | watchfiles.main — 1 change detected
2026-07-02 03:49:15,194 | INFO     | IP: - | User: - | watchfiles.main — 1 change detected
2026-07-02 03:49:15,604 | INFO     | IP: - | User: - | watchfiles.main — 1 change detected
2026-07-02 03:49:16,008 | INFO     | IP: - | User: - | watchfiles.main — 1 change detected
2026-07-02 03:49:16,457 | INFO     | IP: - | User: - | watchfiles.main — 1 change detected
2026-07-02 03:49:16,811 | INFO     | IP: - | User: - | watchfiles.main — 1 change detected
2026-07-02 03:49:17,220 | INFO     | IP: - | User: - | watchfiles.main — 1 change detected
