2026-07-01 19:11:03,007 | ERROR    | IP: testclient | User: - | app — Action: Transaction base de données | Résultat: Échec (Erreur DB : name 'logging' is not defined)
Traceback (most recent call last):
  File "c:\VMs/vbox-zorin-automation\app\database.py", line 22, in get_db
    yield db
  File "C:\Users\sadik\anaconda3\Lib\site-packages\fastapi\concurrency.py", line 29, in contextmanager_in_threadpool
    yield await run_in_threadpool(cm.__enter__)
  File "C:\Users\sadik\anaconda3\Lib\site-packages\fastapi\routing.py", line 136, in app
    response = await f(request)
               ^^^^^^^^^^^^^^^^
  File "C:\Users\sadik\anaconda3\Lib\site-packages\fastapi\routing.py", line 690, in app
    raw_response = await run_endpoint_function(
                   ^^^^^^^^^^^^^^^^^^^^^^^^^^^^
    ...<3 lines>...
    )
    ^
  File "C:\Users\sadik\anaconda3\Lib\site-packages\fastapi\routing.py", line 346, in run_endpoint_function
    return await run_in_threadpool(dependant.call, **values)
           ^^^^^^^^^^^^^^^^^^^^^^^^^^^^^^^^^^^^^^^^^^^^^^^^^
  File "C:\Users\sadik\anaconda3\Lib\site-packages\starlette\concurrency.py", line 34, in run_in_threadpool
    return await anyio.to_thread.run_sync(func)
           ^^^^^^^^^^^^^^^^^^^^^^^^^^^^^^^^^^^^
  File "C:\Users\sadik\anaconda3\Lib\site-packages\anyio\to_thread.py", line 56, in run_sync
    return await get_async_backend().run_sync_in_worker_thread(
           ^^^^^^^^^^^^^^^^^^^^^^^^^^^^^^^^^^^^^^^^^^^^^^^^^^^^
        func, args, abandon_on_cancel=abandon_on_cancel, limiter=limiter
        ^^^^^^^^^^^^^^^^^^^^^^^^^^^^^^^^^^^^^^^^^^^^^^^^^^^^^^^^^^^^^^^^
    )
    ^
  File "C:\Users\sadik\anaconda3\Lib\site-packages\anyio\_backends\_asyncio.py", line 2476, in run_sync_in_worker_thread
    return await future
           ^^^^^^^^^^^^
  File "C:\Users\sadik\anaconda3\Lib\site-packages\anyio\_backends\_asyncio.py", line 967, in run
    result = context.run(func, *args)
  File "C:\Users\sadik\anaconda3\Lib\site-packages\slowapi\extension.py", line 770, in sync_wrapper
    response = func(*args, **kwargs)
  File "c:\VMs/vbox-zorin-automation\app\routers\auth.py", line 124, in login
    security_log = logging.getLogger("app.security")
                   ^^^^^^^
NameError: name 'logging' is not defined. Did you mean: 'login'? Or did you forget to import 'logging'?
2026-07-01 19:11:03,066 | ERROR    | IP: testclient | User: - | app — Action: Traitement de la requête a échoué (Exception non gérée) | Résultat: name 'logging' is not defined
  + Exception Group Traceback (most recent call last):
  |   File "C:\Users\sadik\anaconda3\Lib\site-packages\starlette\_utils.py", line 85, in create_collapsing_task_group
  |     async with anyio.create_task_group() as tg:
  |                ~~~~~~~~~~~~~~~~~~~~~~~^^
  |   File "C:\Users\sadik\anaconda3\Lib\site-packages\anyio\_backends\_asyncio.py", line 772, in __aexit__
  |     raise BaseExceptionGroup(
  |         "unhandled errors in a TaskGroup", self._exceptions
  |     ) from None
  | ExceptionGroup: unhandled errors in a TaskGroup (1 sub-exception)
  +-+---------------- 1 ----------------
    | Traceback (most recent call last):
    |   File "C:\Users\sadik\anaconda3\Lib\site-packages\starlette\middleware\errors.py", line 164, in __call__
    |     await self.app(scope, receive, _send)
    |   File "C:\Users\sadik\anaconda3\Lib\site-packages\starlette\middleware\cors.py", line 88, in __call__
    |     await self.app(scope, receive, send)
    |   File "C:\Users\sadik\anaconda3\Lib\site-packages\starlette\middleware\base.py", line 193, in __call__
    |     response = await self.dispatch_func(request, call_next)
    |                ^^^^^^^^^^^^^^^^^^^^^^^^^^^^^^^^^^^^^^^^^^^^
    |   File "c:\VMs/vbox-zorin-automation\app\main.py", line 91, in log_ip_middleware
    |     response = await call_next(request)
    |                ^^^^^^^^^^^^^^^^^^^^^^^^
    |   File "C:\Users\sadik\anaconda3\Lib\site-packages\starlette\middleware\base.py", line 168, in call_next
    |     raise app_exc from app_exc.__cause__ or app_exc.__context__
    |   File "C:\Users\sadik\anaconda3\Lib\site-packages\starlette\middleware\base.py", line 144, in coro
    |     await self.app(scope, receive_or_disconnect, send_no_error)
    |   File "C:\Users\sadik\anaconda3\Lib\site-packages\starlette\middleware\base.py", line 193, in __call__
    |     response = await self.dispatch_func(request, call_next)
    |                ^^^^^^^^^^^^^^^^^^^^^^^^^^^^^^^^^^^^^^^^^^^^
    |   File "C:\Users\sadik\anaconda3\Lib\site-packages\slowapi\middleware.py", line 128, in dispatch
    |     return await call_next(request)
    |            ^^^^^^^^^^^^^^^^^^^^^^^^
    |   File "C:\Users\sadik\anaconda3\Lib\site-packages\starlette\middleware\base.py", line 168, in call_next
    |     raise app_exc from app_exc.__cause__ or app_exc.__context__
    |   File "C:\Users\sadik\anaconda3\Lib\site-packages\starlette\middleware\base.py", line 144, in coro
    |     await self.app(scope, receive_or_disconnect, send_no_error)
    |   File "C:\Users\sadik\anaconda3\Lib\site-packages\starlette\middleware\exceptions.py", line 63, in __call__
    |     await wrap_app_handling_exceptions(self.app, conn)(scope, receive, send)
    |   File "C:\Users\sadik\anaconda3\Lib\site-packages\starlette\_exception_handler.py", line 53, in wrapped_app
    |     raise exc
    |   File "C:\Users\sadik\anaconda3\Lib\site-packages\starlette\_exception_handler.py", line 42, in wrapped_app
    |     await app(scope, receive, sender)
    |   File "C:\Users\sadik\anaconda3\Lib\site-packages\fastapi\middleware\asyncexitstack.py", line 18, in __call__
    |     await self.app(scope, receive, send)
    |   File "C:\Users\sadik\anaconda3\Lib\site-packages\starlette\routing.py", line 660, in __call__
    |     await self.middleware_stack(scope, receive, send)
    |   File "C:\Users\sadik\anaconda3\Lib\site-packages\fastapi\routing.py", line 2531, in app
    |     await route.handle(scope, receive, send)
    |   File "C:\Users\sadik\anaconda3\Lib\site-packages\fastapi\routing.py", line 1700, in handle
    |     await self.original_router.handle(scope, receive, send)
    |   File "C:\Users\sadik\anaconda3\Lib\site-packages\fastapi\routing.py", line 2586, in handle
    |     await included_router._handle_selected(scope, receive, send)
    |   File "C:\Users\sadik\anaconda3\Lib\site-packages\fastapi\routing.py", line 1720, in _handle_selected
    |     await original_route.handle(scope, receive, send)
    |   File "C:\Users\sadik\anaconda3\Lib\site-packages\fastapi\routing.py", line 1239, in handle
    |     await app(scope, receive, send)
    |   File "C:\Users\sadik\anaconda3\Lib\site-packages\fastapi\routing.py", line 150, in app
    |     await wrap_app_handling_exceptions(app, request)(scope, receive, send)
    |   File "C:\Users\sadik\anaconda3\Lib\site-packages\starlette\_exception_handler.py", line 53, in wrapped_app
    |     raise exc
    |   File "C:\Users\sadik\anaconda3\Lib\site-packages\starlette\_exception_handler.py", line 42, in wrapped_app
    |     await app(scope, receive, sender)
    |   File "C:\Users\sadik\anaconda3\Lib\site-packages\fastapi\routing.py", line 136, in app
    |     response = await f(request)
    |                ^^^^^^^^^^^^^^^^
    |   File "C:\Users\sadik\anaconda3\Lib\site-packages\fastapi\routing.py", line 690, in app
    |     raw_response = await run_endpoint_function(
    |                    ^^^^^^^^^^^^^^^^^^^^^^^^^^^^
    |     ...<3 lines>...
    |     )
    |     ^
    |   File "C:\Users\sadik\anaconda3\Lib\site-packages\fastapi\routing.py", line 346, in run_endpoint_function
    |     return await run_in_threadpool(dependant.call, **values)
    |            ^^^^^^^^^^^^^^^^^^^^^^^^^^^^^^^^^^^^^^^^^^^^^^^^^
    |   File "C:\Users\sadik\anaconda3\Lib\site-packages\starlette\concurrency.py", line 34, in run_in_threadpool
    |     return await anyio.to_thread.run_sync(func)
    |            ^^^^^^^^^^^^^^^^^^^^^^^^^^^^^^^^^^^^
    |   File "C:\Users\sadik\anaconda3\Lib\site-packages\anyio\to_thread.py", line 56, in run_sync
    |     return await get_async_backend().run_sync_in_worker_thread(
    |            ^^^^^^^^^^^^^^^^^^^^^^^^^^^^^^^^^^^^^^^^^^^^^^^^^^^^
    |         func, args, abandon_on_cancel=abandon_on_cancel, limiter=limiter
    |         ^^^^^^^^^^^^^^^^^^^^^^^^^^^^^^^^^^^^^^^^^^^^^^^^^^^^^^^^^^^^^^^^
    |     )
    |     ^
    |   File "C:\Users\sadik\anaconda3\Lib\site-packages\anyio\_backends\_asyncio.py", line 2476, in run_sync_in_worker_thread
    |     return await future
    |            ^^^^^^^^^^^^
    |   File "C:\Users\sadik\anaconda3\Lib\site-packages\anyio\_backends\_asyncio.py", line 967, in run
    |     result = context.run(func, *args)
    |   File "C:\Users\sadik\anaconda3\Lib\site-packages\slowapi\extension.py", line 770, in sync_wrapper
    |     response = func(*args, **kwargs)
    |   File "c:\VMs/vbox-zorin-automation\app\routers\auth.py", line 124, in login
    |     security_log = logging.getLogger("app.security")
    |                    ^^^^^^^
    | NameError: name 'logging' is not defined. Did you mean: 'login'? Or did you forget to import 'logging'?
    +------------------------------------

The above exception was the direct cause of the following exception:

Traceback (most recent call last):
  File "C:\Users\sadik\anaconda3\Lib\site-packages\starlette\middleware\errors.py", line 164, in __call__
    await self.app(scope, receive, _send)
  File "C:\Users\sadik\anaconda3\Lib\site-packages\starlette\middleware\cors.py", line 88, in __call__
    await self.app(scope, receive, send)
  File "C:\Users\sadik\anaconda3\Lib\site-packages\starlette\middleware\base.py", line 193, in __call__
    response = await self.dispatch_func(request, call_next)
               ^^^^^^^^^^^^^^^^^^^^^^^^^^^^^^^^^^^^^^^^^^^^
  File "c:\VMs/vbox-zorin-automation\app\main.py", line 91, in log_ip_middleware
    response = await call_next(request)
               ^^^^^^^^^^^^^^^^^^^^^^^^
  File "C:\Users\sadik\anaconda3\Lib\site-packages\starlette\middleware\base.py", line 168, in call_next
    raise app_exc from app_exc.__cause__ or app_exc.__context__
  File "C:\Users\sadik\anaconda3\Lib\site-packages\starlette\middleware\base.py", line 144, in coro
    await self.app(scope, receive_or_disconnect, send_no_error)
  File "C:\Users\sadik\anaconda3\Lib\site-packages\starlette\middleware\base.py", line 193, in __call__
    response = await self.dispatch_func(request, call_next)
               ^^^^^^^^^^^^^^^^^^^^^^^^^^^^^^^^^^^^^^^^^^^^
  File "C:\Users\sadik\anaconda3\Lib\site-packages\slowapi\middleware.py", line 128, in dispatch
    return await call_next(request)
           ^^^^^^^^^^^^^^^^^^^^^^^^
  File "C:\Users\sadik\anaconda3\Lib\site-packages\starlette\middleware\base.py", line 168, in call_next
    raise app_exc from app_exc.__cause__ or app_exc.__context__
  File "C:\Users\sadik\anaconda3\Lib\site-packages\starlette\middleware\base.py", line 144, in coro
    await self.app(scope, receive_or_disconnect, send_no_error)
  File "C:\Users\sadik\anaconda3\Lib\site-packages\starlette\middleware\exceptions.py", line 63, in __call__
    await wrap_app_handling_exceptions(self.app, conn)(scope, receive, send)
  File "C:\Users\sadik\anaconda3\Lib\site-packages\starlette\_exception_handler.py", line 53, in wrapped_app
    raise exc
  File "C:\Users\sadik\anaconda3\Lib\site-packages\starlette\_exception_handler.py", line 42, in wrapped_app
    await app(scope, receive, sender)
  File "C:\Users\sadik\anaconda3\Lib\site-packages\fastapi\middleware\asyncexitstack.py", line 18, in __call__
    await self.app(scope, receive, send)
  File "C:\Users\sadik\anaconda3\Lib\site-packages\starlette\routing.py", line 660, in __call__
    await self.middleware_stack(scope, receive, send)
  File "C:\Users\sadik\anaconda3\Lib\site-packages\fastapi\routing.py", line 2531, in app
    await route.handle(scope, receive, send)
  File "C:\Users\sadik\anaconda3\Lib\site-packages\fastapi\routing.py", line 1700, in handle
    await self.original_router.handle(scope, receive, send)
  File "C:\Users\sadik\anaconda3\Lib\site-packages\fastapi\routing.py", line 2586, in handle
    await included_router._handle_selected(scope, receive, send)
  File "C:\Users\sadik\anaconda3\Lib\site-packages\fastapi\routing.py", line 1720, in _handle_selected
    await original_route.handle(scope, receive, send)
  File "C:\Users\sadik\anaconda3\Lib\site-packages\fastapi\routing.py", line 1239, in handle
    await app(scope, receive, send)
  File "C:\Users\sadik\anaconda3\Lib\site-packages\fastapi\routing.py", line 150, in app
    await wrap_app_handling_exceptions(app, request)(scope, receive, send)
  File "C:\Users\sadik\anaconda3\Lib\site-packages\starlette\_exception_handler.py", line 53, in wrapped_app
    raise exc
  File "C:\Users\sadik\anaconda3\Lib\site-packages\starlette\_exception_handler.py", line 42, in wrapped_app
    await app(scope, receive, sender)
  File "C:\Users\sadik\anaconda3\Lib\site-packages\fastapi\routing.py", line 136, in app
    response = await f(request)
               ^^^^^^^^^^^^^^^^
  File "C:\Users\sadik\anaconda3\Lib\site-packages\fastapi\routing.py", line 690, in app
    raw_response = await run_endpoint_function(
                   ^^^^^^^^^^^^^^^^^^^^^^^^^^^^
    ...<3 lines>...
    )
    ^
  File "C:\Users\sadik\anaconda3\Lib\site-packages\fastapi\routing.py", line 346, in run_endpoint_function
    return await run_in_threadpool(dependant.call, **values)
           ^^^^^^^^^^^^^^^^^^^^^^^^^^^^^^^^^^^^^^^^^^^^^^^^^
  File "C:\Users\sadik\anaconda3\Lib\site-packages\starlette\concurrency.py", line 34, in run_in_threadpool
    return await anyio.to_thread.run_sync(func)
           ^^^^^^^^^^^^^^^^^^^^^^^^^^^^^^^^^^^^
  File "C:\Users\sadik\anaconda3\Lib\site-packages\anyio\to_thread.py", line 56, in run_sync
    return await get_async_backend().run_sync_in_worker_thread(
           ^^^^^^^^^^^^^^^^^^^^^^^^^^^^^^^^^^^^^^^^^^^^^^^^^^^^
        func, args, abandon_on_cancel=abandon_on_cancel, limiter=limiter
        ^^^^^^^^^^^^^^^^^^^^^^^^^^^^^^^^^^^^^^^^^^^^^^^^^^^^^^^^^^^^^^^^
    )
    ^
  File "C:\Users\sadik\anaconda3\Lib\site-packages\anyio\_backends\_asyncio.py", line 2476, in run_sync_in_worker_thread
    return await future
           ^^^^^^^^^^^^
  File "C:\Users\sadik\anaconda3\Lib\site-packages\anyio\_backends\_asyncio.py", line 967, in run
    result = context.run(func, *args)
  File "C:\Users\sadik\anaconda3\Lib\site-packages\slowapi\extension.py", line 770, in sync_wrapper
    response = func(*args, **kwargs)
  File "c:\VMs/vbox-zorin-automation\app\routers\auth.py", line 124, in login
    security_log = logging.getLogger("app.security")
                   ^^^^^^^
NameError: name 'logging' is not defined. Did you mean: 'login'? Or did you forget to import 'logging'?
2026-07-02 02:40:32,516 | ERROR    | IP: 127.0.0.1 | User: - | app — Action: Transaction base de données | Résultat: Échec (Erreur DB : parameter `response` must be an instance of starlette.responses.Response)
Traceback (most recent call last):
  File "C:\VMs\vbox-zorin-automation\app\database.py", line 22, in get_db
    yield db
  File "C:\Users\sadik\anaconda3\Lib\site-packages\fastapi\concurrency.py", line 29, in contextmanager_in_threadpool
    yield await run_in_threadpool(cm.__enter__)
  File "C:\Users\sadik\anaconda3\Lib\site-packages\fastapi\routing.py", line 136, in app
    response = await f(request)
               ^^^^^^^^^^^^^^^^
  File "C:\Users\sadik\anaconda3\Lib\site-packages\fastapi\routing.py", line 690, in app
    raw_response = await run_endpoint_function(
                   ^^^^^^^^^^^^^^^^^^^^^^^^^^^^
    ...<3 lines>...
    )
    ^
  File "C:\Users\sadik\anaconda3\Lib\site-packages\fastapi\routing.py", line 346, in run_endpoint_function
    return await run_in_threadpool(dependant.call, **values)
           ^^^^^^^^^^^^^^^^^^^^^^^^^^^^^^^^^^^^^^^^^^^^^^^^^
  File "C:\Users\sadik\anaconda3\Lib\site-packages\starlette\concurrency.py", line 34, in run_in_threadpool
    return await anyio.to_thread.run_sync(func)
           ^^^^^^^^^^^^^^^^^^^^^^^^^^^^^^^^^^^^
  File "C:\Users\sadik\anaconda3\Lib\site-packages\anyio\to_thread.py", line 56, in run_sync
    return await get_async_backend().run_sync_in_worker_thread(
           ^^^^^^^^^^^^^^^^^^^^^^^^^^^^^^^^^^^^^^^^^^^^^^^^^^^^
        func, args, abandon_on_cancel=abandon_on_cancel, limiter=limiter
        ^^^^^^^^^^^^^^^^^^^^^^^^^^^^^^^^^^^^^^^^^^^^^^^^^^^^^^^^^^^^^^^^
    )
    ^
  File "C:\Users\sadik\anaconda3\Lib\site-packages\anyio\_backends\_asyncio.py", line 2476, in run_sync_in_worker_thread
    return await future
           ^^^^^^^^^^^^
  File "C:\Users\sadik\anaconda3\Lib\site-packages\anyio\_backends\_asyncio.py", line 967, in run
    result = context.run(func, *args)
  File "C:\Users\sadik\anaconda3\Lib\site-packages\slowapi\extension.py", line 774, in sync_wrapper
    self._inject_headers(
    ~~~~~~~~~~~~~~~~~~~~^
        kwargs.get("response"),
        ^^^^^^^^^^^^^^^^^^^^^^^
        request.state.view_rate_limit,  # type: ignore
        ^^^^^^^^^^^^^^^^^^^^^^^^^^^^^^^^^^^^^^^^^^^^^^
    )
    ^
  File "C:\Users\sadik\anaconda3\Lib\site-packages\slowapi\extension.py", line 383, in _inject_headers
    raise Exception(
        "parameter `response` must be an instance of starlette.responses.Response"
    )
Exception: parameter `response` must be an instance of starlette.responses.Response
2026-07-02 02:40:32,579 | ERROR    | IP: 127.0.0.1 | User: - | app — Action: Traitement de la requête a échoué (Exception non gérée) | Résultat: parameter `response` must be an instance of starlette.responses.Response
  + Exception Group Traceback (most recent call last):
  |   File "C:\Users\sadik\anaconda3\Lib\site-packages\starlette\_utils.py", line 85, in create_collapsing_task_group
  |     async with anyio.create_task_group() as tg:
  |                ~~~~~~~~~~~~~~~~~~~~~~~^^
  |   File "C:\Users\sadik\anaconda3\Lib\site-packages\anyio\_backends\_asyncio.py", line 772, in __aexit__
  |     raise BaseExceptionGroup(
  |         "unhandled errors in a TaskGroup", self._exceptions
  |     ) from None
  | ExceptionGroup: unhandled errors in a TaskGroup (1 sub-exception)
  +-+---------------- 1 ----------------
    | Traceback (most recent call last):
    |   File "C:\Users\sadik\anaconda3\Lib\site-packages\starlette\middleware\errors.py", line 164, in __call__
    |     await self.app(scope, receive, _send)
    |   File "C:\Users\sadik\anaconda3\Lib\site-packages\starlette\middleware\cors.py", line 96, in __call__
    |     await self.simple_response(scope, receive, send, request_headers=headers)
    |   File "C:\Users\sadik\anaconda3\Lib\site-packages\starlette\middleware\cors.py", line 154, in simple_response
    |     await self.app(scope, receive, send)
    |   File "C:\Users\sadik\anaconda3\Lib\site-packages\starlette\middleware\base.py", line 193, in __call__
    |     response = await self.dispatch_func(request, call_next)
    |                ^^^^^^^^^^^^^^^^^^^^^^^^^^^^^^^^^^^^^^^^^^^^
    |   File "C:\VMs\vbox-zorin-automation\app\main.py", line 102, in log_ip_middleware
    |     response = await call_next(request)
    |                ^^^^^^^^^^^^^^^^^^^^^^^^
    |   File "C:\Users\sadik\anaconda3\Lib\site-packages\starlette\middleware\base.py", line 168, in call_next
    |     raise app_exc from app_exc.__cause__ or app_exc.__context__
    |   File "C:\Users\sadik\anaconda3\Lib\site-packages\starlette\middleware\base.py", line 144, in coro
    |     await self.app(scope, receive_or_disconnect, send_no_error)
    |   File "C:\Users\sadik\anaconda3\Lib\site-packages\starlette\middleware\base.py", line 193, in __call__
    |     response = await self.dispatch_func(request, call_next)
    |                ^^^^^^^^^^^^^^^^^^^^^^^^^^^^^^^^^^^^^^^^^^^^
    |   File "C:\Users\sadik\anaconda3\Lib\site-packages\slowapi\middleware.py", line 128, in dispatch
    |     return await call_next(request)
    |            ^^^^^^^^^^^^^^^^^^^^^^^^
    |   File "C:\Users\sadik\anaconda3\Lib\site-packages\starlette\middleware\base.py", line 168, in call_next
    |     raise app_exc from app_exc.__cause__ or app_exc.__context__
    |   File "C:\Users\sadik\anaconda3\Lib\site-packages\starlette\middleware\base.py", line 144, in coro
    |     await self.app(scope, receive_or_disconnect, send_no_error)
    |   File "C:\Users\sadik\anaconda3\Lib\site-packages\starlette\middleware\exceptions.py", line 63, in __call__
    |     await wrap_app_handling_exceptions(self.app, conn)(scope, receive, send)
    |   File "C:\Users\sadik\anaconda3\Lib\site-packages\starlette\_exception_handler.py", line 53, in wrapped_app
    |     raise exc
    |   File "C:\Users\sadik\anaconda3\Lib\site-packages\starlette\_exception_handler.py", line 42, in wrapped_app
    |     await app(scope, receive, sender)
    |   File "C:\Users\sadik\anaconda3\Lib\site-packages\fastapi\middleware\asyncexitstack.py", line 18, in __call__
    |     await self.app(scope, receive, send)
    |   File "C:\Users\sadik\anaconda3\Lib\site-packages\starlette\routing.py", line 660, in __call__
    |     await self.middleware_stack(scope, receive, send)
    |   File "C:\Users\sadik\anaconda3\Lib\site-packages\fastapi\routing.py", line 2531, in app
    |     await route.handle(scope, receive, send)
    |   File "C:\Users\sadik\anaconda3\Lib\site-packages\fastapi\routing.py", line 1700, in handle
    |     await self.original_router.handle(scope, receive, send)
    |   File "C:\Users\sadik\anaconda3\Lib\site-packages\fastapi\routing.py", line 2586, in handle
    |     await included_router._handle_selected(scope, receive, send)
    |   File "C:\Users\sadik\anaconda3\Lib\site-packages\fastapi\routing.py", line 1720, in _handle_selected
    |     await original_route.handle(scope, receive, send)
    |   File "C:\Users\sadik\anaconda3\Lib\site-packages\fastapi\routing.py", line 1239, in handle
    |     await app(scope, receive, send)
    |   File "C:\Users\sadik\anaconda3\Lib\site-packages\fastapi\routing.py", line 150, in app
    |     await wrap_app_handling_exceptions(app, request)(scope, receive, send)
    |   File "C:\Users\sadik\anaconda3\Lib\site-packages\starlette\_exception_handler.py", line 53, in wrapped_app
    |     raise exc
    |   File "C:\Users\sadik\anaconda3\Lib\site-packages\starlette\_exception_handler.py", line 42, in wrapped_app
    |     await app(scope, receive, sender)
    |   File "C:\Users\sadik\anaconda3\Lib\site-packages\fastapi\routing.py", line 136, in app
    |     response = await f(request)
    |                ^^^^^^^^^^^^^^^^
    |   File "C:\Users\sadik\anaconda3\Lib\site-packages\fastapi\routing.py", line 690, in app
    |     raw_response = await run_endpoint_function(
    |                    ^^^^^^^^^^^^^^^^^^^^^^^^^^^^
    |     ...<3 lines>...
    |     )
    |     ^
    |   File "C:\Users\sadik\anaconda3\Lib\site-packages\fastapi\routing.py", line 346, in run_endpoint_function
    |     return await run_in_threadpool(dependant.call, **values)
    |            ^^^^^^^^^^^^^^^^^^^^^^^^^^^^^^^^^^^^^^^^^^^^^^^^^
    |   File "C:\Users\sadik\anaconda3\Lib\site-packages\starlette\concurrency.py", line 34, in run_in_threadpool
    |     return await anyio.to_thread.run_sync(func)
    |            ^^^^^^^^^^^^^^^^^^^^^^^^^^^^^^^^^^^^
    |   File "C:\Users\sadik\anaconda3\Lib\site-packages\anyio\to_thread.py", line 56, in run_sync
    |     return await get_async_backend().run_sync_in_worker_thread(
    |            ^^^^^^^^^^^^^^^^^^^^^^^^^^^^^^^^^^^^^^^^^^^^^^^^^^^^
    |         func, args, abandon_on_cancel=abandon_on_cancel, limiter=limiter
    |         ^^^^^^^^^^^^^^^^^^^^^^^^^^^^^^^^^^^^^^^^^^^^^^^^^^^^^^^^^^^^^^^^
    |     )
    |     ^
    |   File "C:\Users\sadik\anaconda3\Lib\site-packages\anyio\_backends\_asyncio.py", line 2476, in run_sync_in_worker_thread
    |     return await future
    |            ^^^^^^^^^^^^
    |   File "C:\Users\sadik\anaconda3\Lib\site-packages\anyio\_backends\_asyncio.py", line 967, in run
    |     result = context.run(func, *args)
    |   File "C:\Users\sadik\anaconda3\Lib\site-packages\slowapi\extension.py", line 774, in sync_wrapper
    |     self._inject_headers(
    |     ~~~~~~~~~~~~~~~~~~~~^
    |         kwargs.get("response"),
    |         ^^^^^^^^^^^^^^^^^^^^^^^
    |         request.state.view_rate_limit,  # type: ignore
    |         ^^^^^^^^^^^^^^^^^^^^^^^^^^^^^^^^^^^^^^^^^^^^^^
    |     )
    |     ^
    |   File "C:\Users\sadik\anaconda3\Lib\site-packages\slowapi\extension.py", line 383, in _inject_headers
    |     raise Exception(
    |         "parameter `response` must be an instance of starlette.responses.Response"
    |     )
    | Exception: parameter `response` must be an instance of starlette.responses.Response
    +------------------------------------

The above exception was the direct cause of the following exception:

Traceback (most recent call last):
  File "C:\Users\sadik\anaconda3\Lib\site-packages\starlette\middleware\errors.py", line 164, in __call__
    await self.app(scope, receive, _send)
  File "C:\Users\sadik\anaconda3\Lib\site-packages\starlette\middleware\cors.py", line 96, in __call__
    await self.simple_response(scope, receive, send, request_headers=headers)
  File "C:\Users\sadik\anaconda3\Lib\site-packages\starlette\middleware\cors.py", line 154, in simple_response
    await self.app(scope, receive, send)
  File "C:\Users\sadik\anaconda3\Lib\site-packages\starlette\middleware\base.py", line 193, in __call__
    response = await self.dispatch_func(request, call_next)
               ^^^^^^^^^^^^^^^^^^^^^^^^^^^^^^^^^^^^^^^^^^^^
  File "C:\VMs\vbox-zorin-automation\app\main.py", line 102, in log_ip_middleware
    response = await call_next(request)
               ^^^^^^^^^^^^^^^^^^^^^^^^
  File "C:\Users\sadik\anaconda3\Lib\site-packages\starlette\middleware\base.py", line 168, in call_next
    raise app_exc from app_exc.__cause__ or app_exc.__context__
  File "C:\Users\sadik\anaconda3\Lib\site-packages\starlette\middleware\base.py", line 144, in coro
    await self.app(scope, receive_or_disconnect, send_no_error)
  File "C:\Users\sadik\anaconda3\Lib\site-packages\starlette\middleware\base.py", line 193, in __call__
    response = await self.dispatch_func(request, call_next)
               ^^^^^^^^^^^^^^^^^^^^^^^^^^^^^^^^^^^^^^^^^^^^
  File "C:\Users\sadik\anaconda3\Lib\site-packages\slowapi\middleware.py", line 128, in dispatch
    return await call_next(request)
           ^^^^^^^^^^^^^^^^^^^^^^^^
  File "C:\Users\sadik\anaconda3\Lib\site-packages\starlette\middleware\base.py", line 168, in call_next
    raise app_exc from app_exc.__cause__ or app_exc.__context__
  File "C:\Users\sadik\anaconda3\Lib\site-packages\starlette\middleware\base.py", line 144, in coro
    await self.app(scope, receive_or_disconnect, send_no_error)
  File "C:\Users\sadik\anaconda3\Lib\site-packages\starlette\middleware\exceptions.py", line 63, in __call__
    await wrap_app_handling_exceptions(self.app, conn)(scope, receive, send)
  File "C:\Users\sadik\anaconda3\Lib\site-packages\starlette\_exception_handler.py", line 53, in wrapped_app
    raise exc
  File "C:\Users\sadik\anaconda3\Lib\site-packages\starlette\_exception_handler.py", line 42, in wrapped_app
    await app(scope, receive, sender)
  File "C:\Users\sadik\anaconda3\Lib\site-packages\fastapi\middleware\asyncexitstack.py", line 18, in __call__
    await self.app(scope, receive, send)
  File "C:\Users\sadik\anaconda3\Lib\site-packages\starlette\routing.py", line 660, in __call__
    await self.middleware_stack(scope, receive, send)
  File "C:\Users\sadik\anaconda3\Lib\site-packages\fastapi\routing.py", line 2531, in app
    await route.handle(scope, receive, send)
  File "C:\Users\sadik\anaconda3\Lib\site-packages\fastapi\routing.py", line 1700, in handle
    await self.original_router.handle(scope, receive, send)
  File "C:\Users\sadik\anaconda3\Lib\site-packages\fastapi\routing.py", line 2586, in handle
    await included_router._handle_selected(scope, receive, send)
  File "C:\Users\sadik\anaconda3\Lib\site-packages\fastapi\routing.py", line 1720, in _handle_selected
    await original_route.handle(scope, receive, send)
  File "C:\Users\sadik\anaconda3\Lib\site-packages\fastapi\routing.py", line 1239, in handle
    await app(scope, receive, send)
  File "C:\Users\sadik\anaconda3\Lib\site-packages\fastapi\routing.py", line 150, in app
    await wrap_app_handling_exceptions(app, request)(scope, receive, send)
  File "C:\Users\sadik\anaconda3\Lib\site-packages\starlette\_exception_handler.py", line 53, in wrapped_app
    raise exc
  File "C:\Users\sadik\anaconda3\Lib\site-packages\starlette\_exception_handler.py", line 42, in wrapped_app
    await app(scope, receive, sender)
  File "C:\Users\sadik\anaconda3\Lib\site-packages\fastapi\routing.py", line 136, in app
    response = await f(request)
               ^^^^^^^^^^^^^^^^
  File "C:\Users\sadik\anaconda3\Lib\site-packages\fastapi\routing.py", line 690, in app
    raw_response = await run_endpoint_function(
                   ^^^^^^^^^^^^^^^^^^^^^^^^^^^^
    ...<3 lines>...
    )
    ^
  File "C:\Users\sadik\anaconda3\Lib\site-packages\fastapi\routing.py", line 346, in run_endpoint_function
    return await run_in_threadpool(dependant.call, **values)
           ^^^^^^^^^^^^^^^^^^^^^^^^^^^^^^^^^^^^^^^^^^^^^^^^^
  File "C:\Users\sadik\anaconda3\Lib\site-packages\starlette\concurrency.py", line 34, in run_in_threadpool
    return await anyio.to_thread.run_sync(func)
           ^^^^^^^^^^^^^^^^^^^^^^^^^^^^^^^^^^^^
  File "C:\Users\sadik\anaconda3\Lib\site-packages\anyio\to_thread.py", line 56, in run_sync
    return await get_async_backend().run_sync_in_worker_thread(
           ^^^^^^^^^^^^^^^^^^^^^^^^^^^^^^^^^^^^^^^^^^^^^^^^^^^^
        func, args, abandon_on_cancel=abandon_on_cancel, limiter=limiter
        ^^^^^^^^^^^^^^^^^^^^^^^^^^^^^^^^^^^^^^^^^^^^^^^^^^^^^^^^^^^^^^^^
    )
    ^
  File "C:\Users\sadik\anaconda3\Lib\site-packages\anyio\_backends\_asyncio.py", line 2476, in run_sync_in_worker_thread
    return await future
           ^^^^^^^^^^^^
  File "C:\Users\sadik\anaconda3\Lib\site-packages\anyio\_backends\_asyncio.py", line 967, in run
    result = context.run(func, *args)
  File "C:\Users\sadik\anaconda3\Lib\site-packages\slowapi\extension.py", line 774, in sync_wrapper
    self._inject_headers(
    ~~~~~~~~~~~~~~~~~~~~^
        kwargs.get("response"),
        ^^^^^^^^^^^^^^^^^^^^^^^
        request.state.view_rate_limit,  # type: ignore
        ^^^^^^^^^^^^^^^^^^^^^^^^^^^^^^^^^^^^^^^^^^^^^^
    )
    ^
  File "C:\Users\sadik\anaconda3\Lib\site-packages\slowapi\extension.py", line 383, in _inject_headers
    raise Exception(
        "parameter `response` must be an instance of starlette.responses.Response"
    )
Exception: parameter `response` must be an instance of starlette.responses.Response
2026-07-02 02:40:45,105 | ERROR    | IP: 127.0.0.1 | User: - | app — Action: Transaction base de données | Résultat: Échec (Erreur DB : parameter `response` must be an instance of starlette.responses.Response)
Traceback (most recent call last):
  File "C:\VMs\vbox-zorin-automation\app\database.py", line 22, in get_db
    yield db
  File "C:\Users\sadik\anaconda3\Lib\site-packages\fastapi\concurrency.py", line 29, in contextmanager_in_threadpool
    yield await run_in_threadpool(cm.__enter__)
  File "C:\Users\sadik\anaconda3\Lib\site-packages\fastapi\routing.py", line 136, in app
    response = await f(request)
               ^^^^^^^^^^^^^^^^
  File "C:\Users\sadik\anaconda3\Lib\site-packages\fastapi\routing.py", line 690, in app
    raw_response = await run_endpoint_function(
                   ^^^^^^^^^^^^^^^^^^^^^^^^^^^^
    ...<3 lines>...
    )
    ^
  File "C:\Users\sadik\anaconda3\Lib\site-packages\fastapi\routing.py", line 346, in run_endpoint_function
    return await run_in_threadpool(dependant.call, **values)
           ^^^^^^^^^^^^^^^^^^^^^^^^^^^^^^^^^^^^^^^^^^^^^^^^^
  File "C:\Users\sadik\anaconda3\Lib\site-packages\starlette\concurrency.py", line 34, in run_in_threadpool
    return await anyio.to_thread.run_sync(func)
           ^^^^^^^^^^^^^^^^^^^^^^^^^^^^^^^^^^^^
  File "C:\Users\sadik\anaconda3\Lib\site-packages\anyio\to_thread.py", line 56, in run_sync
    return await get_async_backend().run_sync_in_worker_thread(
           ^^^^^^^^^^^^^^^^^^^^^^^^^^^^^^^^^^^^^^^^^^^^^^^^^^^^
        func, args, abandon_on_cancel=abandon_on_cancel, limiter=limiter
        ^^^^^^^^^^^^^^^^^^^^^^^^^^^^^^^^^^^^^^^^^^^^^^^^^^^^^^^^^^^^^^^^
    )
    ^
  File "C:\Users\sadik\anaconda3\Lib\site-packages\anyio\_backends\_asyncio.py", line 2476, in run_sync_in_worker_thread
    return await future
           ^^^^^^^^^^^^
  File "C:\Users\sadik\anaconda3\Lib\site-packages\anyio\_backends\_asyncio.py", line 967, in run
    result = context.run(func, *args)
  File "C:\Users\sadik\anaconda3\Lib\site-packages\slowapi\extension.py", line 774, in sync_wrapper
    self._inject_headers(
    ~~~~~~~~~~~~~~~~~~~~^
        kwargs.get("response"),
        ^^^^^^^^^^^^^^^^^^^^^^^
        request.state.view_rate_limit,  # type: ignore
        ^^^^^^^^^^^^^^^^^^^^^^^^^^^^^^^^^^^^^^^^^^^^^^
    )
    ^
  File "C:\Users\sadik\anaconda3\Lib\site-packages\slowapi\extension.py", line 383, in _inject_headers
    raise Exception(
        "parameter `response` must be an instance of starlette.responses.Response"
    )
Exception: parameter `response` must be an instance of starlette.responses.Response
2026-07-02 02:40:45,135 | ERROR    | IP: 127.0.0.1 | User: - | app — Action: Traitement de la requête a échoué (Exception non gérée) | Résultat: parameter `response` must be an instance of starlette.responses.Response
  + Exception Group Traceback (most recent call last):
  |   File "C:\Users\sadik\anaconda3\Lib\site-packages\starlette\_utils.py", line 85, in create_collapsing_task_group
  |     async with anyio.create_task_group() as tg:
  |                ~~~~~~~~~~~~~~~~~~~~~~~^^
  |   File "C:\Users\sadik\anaconda3\Lib\site-packages\anyio\_backends\_asyncio.py", line 772, in __aexit__
  |     raise BaseExceptionGroup(
  |         "unhandled errors in a TaskGroup", self._exceptions
  |     ) from None
  | ExceptionGroup: unhandled errors in a TaskGroup (1 sub-exception)
  +-+---------------- 1 ----------------
    | Traceback (most recent call last):
    |   File "C:\Users\sadik\anaconda3\Lib\site-packages\starlette\middleware\errors.py", line 164, in __call__
    |     await self.app(scope, receive, _send)
    |   File "C:\Users\sadik\anaconda3\Lib\site-packages\starlette\middleware\cors.py", line 96, in __call__
    |     await self.simple_response(scope, receive, send, request_headers=headers)
    |   File "C:\Users\sadik\anaconda3\Lib\site-packages\starlette\middleware\cors.py", line 154, in simple_response
    |     await self.app(scope, receive, send)
    |   File "C:\Users\sadik\anaconda3\Lib\site-packages\starlette\middleware\base.py", line 193, in __call__
    |     response = await self.dispatch_func(request, call_next)
    |                ^^^^^^^^^^^^^^^^^^^^^^^^^^^^^^^^^^^^^^^^^^^^
    |   File "C:\VMs\vbox-zorin-automation\app\main.py", line 102, in log_ip_middleware
    |     response = await call_next(request)
    |                ^^^^^^^^^^^^^^^^^^^^^^^^
    |   File "C:\Users\sadik\anaconda3\Lib\site-packages\starlette\middleware\base.py", line 168, in call_next
    |     raise app_exc from app_exc.__cause__ or app_exc.__context__
    |   File "C:\Users\sadik\anaconda3\Lib\site-packages\starlette\middleware\base.py", line 144, in coro
    |     await self.app(scope, receive_or_disconnect, send_no_error)
    |   File "C:\Users\sadik\anaconda3\Lib\site-packages\starlette\middleware\base.py", line 193, in __call__
    |     response = await self.dispatch_func(request, call_next)
    |                ^^^^^^^^^^^^^^^^^^^^^^^^^^^^^^^^^^^^^^^^^^^^
    |   File "C:\Users\sadik\anaconda3\Lib\site-packages\slowapi\middleware.py", line 128, in dispatch
    |     return await call_next(request)
    |            ^^^^^^^^^^^^^^^^^^^^^^^^
    |   File "C:\Users\sadik\anaconda3\Lib\site-packages\starlette\middleware\base.py", line 168, in call_next
    |     raise app_exc from app_exc.__cause__ or app_exc.__context__
    |   File "C:\Users\sadik\anaconda3\Lib\site-packages\starlette\middleware\base.py", line 144, in coro
    |     await self.app(scope, receive_or_disconnect, send_no_error)
    |   File "C:\Users\sadik\anaconda3\Lib\site-packages\starlette\middleware\exceptions.py", line 63, in __call__
    |     await wrap_app_handling_exceptions(self.app, conn)(scope, receive, send)
    |   File "C:\Users\sadik\anaconda3\Lib\site-packages\starlette\_exception_handler.py", line 53, in wrapped_app
    |     raise exc
    |   File "C:\Users\sadik\anaconda3\Lib\site-packages\starlette\_exception_handler.py", line 42, in wrapped_app
    |     await app(scope, receive, sender)
    |   File "C:\Users\sadik\anaconda3\Lib\site-packages\fastapi\middleware\asyncexitstack.py", line 18, in __call__
    |     await self.app(scope, receive, send)
    |   File "C:\Users\sadik\anaconda3\Lib\site-packages\starlette\routing.py", line 660, in __call__
    |     await self.middleware_stack(scope, receive, send)
    |   File "C:\Users\sadik\anaconda3\Lib\site-packages\fastapi\routing.py", line 2531, in app
    |     await route.handle(scope, receive, send)
    |   File "C:\Users\sadik\anaconda3\Lib\site-packages\fastapi\routing.py", line 1700, in handle
    |     await self.original_router.handle(scope, receive, send)
    |   File "C:\Users\sadik\anaconda3\Lib\site-packages\fastapi\routing.py", line 2586, in handle
    |     await included_router._handle_selected(scope, receive, send)
    |   File "C:\Users\sadik\anaconda3\Lib\site-packages\fastapi\routing.py", line 1720, in _handle_selected
    |     await original_route.handle(scope, receive, send)
    |   File "C:\Users\sadik\anaconda3\Lib\site-packages\fastapi\routing.py", line 1239, in handle
    |     await app(scope, receive, send)
    |   File "C:\Users\sadik\anaconda3\Lib\site-packages\fastapi\routing.py", line 150, in app
    |     await wrap_app_handling_exceptions(app, request)(scope, receive, send)
    |   File "C:\Users\sadik\anaconda3\Lib\site-packages\starlette\_exception_handler.py", line 53, in wrapped_app
    |     raise exc
    |   File "C:\Users\sadik\anaconda3\Lib\site-packages\starlette\_exception_handler.py", line 42, in wrapped_app
    |     await app(scope, receive, sender)
    |   File "C:\Users\sadik\anaconda3\Lib\site-packages\fastapi\routing.py", line 136, in app
    |     response = await f(request)
    |                ^^^^^^^^^^^^^^^^
    |   File "C:\Users\sadik\anaconda3\Lib\site-packages\fastapi\routing.py", line 690, in app
    |     raw_response = await run_endpoint_function(
    |                    ^^^^^^^^^^^^^^^^^^^^^^^^^^^^
    |     ...<3 lines>...
    |     )
    |     ^
    |   File "C:\Users\sadik\anaconda3\Lib\site-packages\fastapi\routing.py", line 346, in run_endpoint_function
    |     return await run_in_threadpool(dependant.call, **values)
    |            ^^^^^^^^^^^^^^^^^^^^^^^^^^^^^^^^^^^^^^^^^^^^^^^^^
    |   File "C:\Users\sadik\anaconda3\Lib\site-packages\starlette\concurrency.py", line 34, in run_in_threadpool
    |     return await anyio.to_thread.run_sync(func)
    |            ^^^^^^^^^^^^^^^^^^^^^^^^^^^^^^^^^^^^
    |   File "C:\Users\sadik\anaconda3\Lib\site-packages\anyio\to_thread.py", line 56, in run_sync
    |     return await get_async_backend().run_sync_in_worker_thread(
    |            ^^^^^^^^^^^^^^^^^^^^^^^^^^^^^^^^^^^^^^^^^^^^^^^^^^^^
    |         func, args, abandon_on_cancel=abandon_on_cancel, limiter=limiter
    |         ^^^^^^^^^^^^^^^^^^^^^^^^^^^^^^^^^^^^^^^^^^^^^^^^^^^^^^^^^^^^^^^^
    |     )
    |     ^
    |   File "C:\Users\sadik\anaconda3\Lib\site-packages\anyio\_backends\_asyncio.py", line 2476, in run_sync_in_worker_thread
    |     return await future
    |            ^^^^^^^^^^^^
    |   File "C:\Users\sadik\anaconda3\Lib\site-packages\anyio\_backends\_asyncio.py", line 967, in run
    |     result = context.run(func, *args)
    |   File "C:\Users\sadik\anaconda3\Lib\site-packages\slowapi\extension.py", line 774, in sync_wrapper
    |     self._inject_headers(
    |     ~~~~~~~~~~~~~~~~~~~~^
    |         kwargs.get("response"),
    |         ^^^^^^^^^^^^^^^^^^^^^^^
    |         request.state.view_rate_limit,  # type: ignore
    |         ^^^^^^^^^^^^^^^^^^^^^^^^^^^^^^^^^^^^^^^^^^^^^^
    |     )
    |     ^
    |   File "C:\Users\sadik\anaconda3\Lib\site-packages\slowapi\extension.py", line 383, in _inject_headers
    |     raise Exception(
    |         "parameter `response` must be an instance of starlette.responses.Response"
    |     )
    | Exception: parameter `response` must be an instance of starlette.responses.Response
    +------------------------------------

The above exception was the direct cause of the following exception:

Traceback (most recent call last):
  File "C:\Users\sadik\anaconda3\Lib\site-packages\starlette\middleware\errors.py", line 164, in __call__
    await self.app(scope, receive, _send)
  File "C:\Users\sadik\anaconda3\Lib\site-packages\starlette\middleware\cors.py", line 96, in __call__
    await self.simple_response(scope, receive, send, request_headers=headers)
  File "C:\Users\sadik\anaconda3\Lib\site-packages\starlette\middleware\cors.py", line 154, in simple_response
    await self.app(scope, receive, send)
  File "C:\Users\sadik\anaconda3\Lib\site-packages\starlette\middleware\base.py", line 193, in __call__
    response = await self.dispatch_func(request, call_next)
               ^^^^^^^^^^^^^^^^^^^^^^^^^^^^^^^^^^^^^^^^^^^^
  File "C:\VMs\vbox-zorin-automation\app\main.py", line 102, in log_ip_middleware
    response = await call_next(request)
               ^^^^^^^^^^^^^^^^^^^^^^^^
  File "C:\Users\sadik\anaconda3\Lib\site-packages\starlette\middleware\base.py", line 168, in call_next
    raise app_exc from app_exc.__cause__ or app_exc.__context__
  File "C:\Users\sadik\anaconda3\Lib\site-packages\starlette\middleware\base.py", line 144, in coro
    await self.app(scope, receive_or_disconnect, send_no_error)
  File "C:\Users\sadik\anaconda3\Lib\site-packages\starlette\middleware\base.py", line 193, in __call__
    response = await self.dispatch_func(request, call_next)
               ^^^^^^^^^^^^^^^^^^^^^^^^^^^^^^^^^^^^^^^^^^^^
  File "C:\Users\sadik\anaconda3\Lib\site-packages\slowapi\middleware.py", line 128, in dispatch
    return await call_next(request)
           ^^^^^^^^^^^^^^^^^^^^^^^^
  File "C:\Users\sadik\anaconda3\Lib\site-packages\starlette\middleware\base.py", line 168, in call_next
    raise app_exc from app_exc.__cause__ or app_exc.__context__
  File "C:\Users\sadik\anaconda3\Lib\site-packages\starlette\middleware\base.py", line 144, in coro
    await self.app(scope, receive_or_disconnect, send_no_error)
  File "C:\Users\sadik\anaconda3\Lib\site-packages\starlette\middleware\exceptions.py", line 63, in __call__
    await wrap_app_handling_exceptions(self.app, conn)(scope, receive, send)
  File "C:\Users\sadik\anaconda3\Lib\site-packages\starlette\_exception_handler.py", line 53, in wrapped_app
    raise exc
  File "C:\Users\sadik\anaconda3\Lib\site-packages\starlette\_exception_handler.py", line 42, in wrapped_app
    await app(scope, receive, sender)
  File "C:\Users\sadik\anaconda3\Lib\site-packages\fastapi\middleware\asyncexitstack.py", line 18, in __call__
    await self.app(scope, receive, send)
  File "C:\Users\sadik\anaconda3\Lib\site-packages\starlette\routing.py", line 660, in __call__
    await self.middleware_stack(scope, receive, send)
  File "C:\Users\sadik\anaconda3\Lib\site-packages\fastapi\routing.py", line 2531, in app
    await route.handle(scope, receive, send)
  File "C:\Users\sadik\anaconda3\Lib\site-packages\fastapi\routing.py", line 1700, in handle
    await self.original_router.handle(scope, receive, send)
  File "C:\Users\sadik\anaconda3\Lib\site-packages\fastapi\routing.py", line 2586, in handle
    await included_router._handle_selected(scope, receive, send)
  File "C:\Users\sadik\anaconda3\Lib\site-packages\fastapi\routing.py", line 1720, in _handle_selected
    await original_route.handle(scope, receive, send)
  File "C:\Users\sadik\anaconda3\Lib\site-packages\fastapi\routing.py", line 1239, in handle
    await app(scope, receive, send)
  File "C:\Users\sadik\anaconda3\Lib\site-packages\fastapi\routing.py", line 150, in app
    await wrap_app_handling_exceptions(app, request)(scope, receive, send)
  File "C:\Users\sadik\anaconda3\Lib\site-packages\starlette\_exception_handler.py", line 53, in wrapped_app
    raise exc
  File "C:\Users\sadik\anaconda3\Lib\site-packages\starlette\_exception_handler.py", line 42, in wrapped_app
    await app(scope, receive, sender)
  File "C:\Users\sadik\anaconda3\Lib\site-packages\fastapi\routing.py", line 136, in app
    response = await f(request)
               ^^^^^^^^^^^^^^^^
  File "C:\Users\sadik\anaconda3\Lib\site-packages\fastapi\routing.py", line 690, in app
    raw_response = await run_endpoint_function(
                   ^^^^^^^^^^^^^^^^^^^^^^^^^^^^
    ...<3 lines>...
    )
    ^
  File "C:\Users\sadik\anaconda3\Lib\site-packages\fastapi\routing.py", line 346, in run_endpoint_function
    return await run_in_threadpool(dependant.call, **values)
           ^^^^^^^^^^^^^^^^^^^^^^^^^^^^^^^^^^^^^^^^^^^^^^^^^
  File "C:\Users\sadik\anaconda3\Lib\site-packages\starlette\concurrency.py", line 34, in run_in_threadpool
    return await anyio.to_thread.run_sync(func)
           ^^^^^^^^^^^^^^^^^^^^^^^^^^^^^^^^^^^^
  File "C:\Users\sadik\anaconda3\Lib\site-packages\anyio\to_thread.py", line 56, in run_sync
    return await get_async_backend().run_sync_in_worker_thread(
           ^^^^^^^^^^^^^^^^^^^^^^^^^^^^^^^^^^^^^^^^^^^^^^^^^^^^
        func, args, abandon_on_cancel=abandon_on_cancel, limiter=limiter
        ^^^^^^^^^^^^^^^^^^^^^^^^^^^^^^^^^^^^^^^^^^^^^^^^^^^^^^^^^^^^^^^^
    )
    ^
  File "C:\Users\sadik\anaconda3\Lib\site-packages\anyio\_backends\_asyncio.py", line 2476, in run_sync_in_worker_thread
    return await future
           ^^^^^^^^^^^^
  File "C:\Users\sadik\anaconda3\Lib\site-packages\anyio\_backends\_asyncio.py", line 967, in run
    result = context.run(func, *args)
  File "C:\Users\sadik\anaconda3\Lib\site-packages\slowapi\extension.py", line 774, in sync_wrapper
    self._inject_headers(
    ~~~~~~~~~~~~~~~~~~~~^
        kwargs.get("response"),
        ^^^^^^^^^^^^^^^^^^^^^^^
        request.state.view_rate_limit,  # type: ignore
        ^^^^^^^^^^^^^^^^^^^^^^^^^^^^^^^^^^^^^^^^^^^^^^
    )
    ^
  File "C:\Users\sadik\anaconda3\Lib\site-packages\slowapi\extension.py", line 383, in _inject_headers
    raise Exception(
        "parameter `response` must be an instance of starlette.responses.Response"
    )
Exception: parameter `response` must be an instance of starlette.responses.Response
2026-07-02 02:43:56,120 | ERROR    | IP: 127.0.0.1 | User: - | app — Action: Transaction base de données | Résultat: Échec (Erreur DB : 401: Incorrect username or password)
Traceback (most recent call last):
  File "C:\VMs\vbox-zorin-automation\app\database.py", line 22, in get_db
    yield db
  File "C:\Users\sadik\anaconda3\Lib\site-packages\fastapi\concurrency.py", line 29, in contextmanager_in_threadpool
    yield await run_in_threadpool(cm.__enter__)
  File "C:\Users\sadik\anaconda3\Lib\site-packages\fastapi\routing.py", line 136, in app
    response = await f(request)
               ^^^^^^^^^^^^^^^^
  File "C:\Users\sadik\anaconda3\Lib\site-packages\fastapi\routing.py", line 690, in app
    raw_response = await run_endpoint_function(
                   ^^^^^^^^^^^^^^^^^^^^^^^^^^^^
    ...<3 lines>...
    )
    ^
  File "C:\Users\sadik\anaconda3\Lib\site-packages\fastapi\routing.py", line 346, in run_endpoint_function
    return await run_in_threadpool(dependant.call, **values)
           ^^^^^^^^^^^^^^^^^^^^^^^^^^^^^^^^^^^^^^^^^^^^^^^^^
  File "C:\Users\sadik\anaconda3\Lib\site-packages\starlette\concurrency.py", line 34, in run_in_threadpool
    return await anyio.to_thread.run_sync(func)
           ^^^^^^^^^^^^^^^^^^^^^^^^^^^^^^^^^^^^
  File "C:\Users\sadik\anaconda3\Lib\site-packages\anyio\to_thread.py", line 56, in run_sync
    return await get_async_backend().run_sync_in_worker_thread(
           ^^^^^^^^^^^^^^^^^^^^^^^^^^^^^^^^^^^^^^^^^^^^^^^^^^^^
        func, args, abandon_on_cancel=abandon_on_cancel, limiter=limiter
        ^^^^^^^^^^^^^^^^^^^^^^^^^^^^^^^^^^^^^^^^^^^^^^^^^^^^^^^^^^^^^^^^
    )
    ^
  File "C:\Users\sadik\anaconda3\Lib\site-packages\anyio\_backends\_asyncio.py", line 2476, in run_sync_in_worker_thread
    return await future
           ^^^^^^^^^^^^
  File "C:\Users\sadik\anaconda3\Lib\site-packages\anyio\_backends\_asyncio.py", line 967, in run
    result = context.run(func, *args)
  File "C:\Users\sadik\anaconda3\Lib\site-packages\slowapi\extension.py", line 770, in sync_wrapper
    response = func(*args, **kwargs)
  File "C:\VMs\vbox-zorin-automation\app\routers\auth.py", line 139, in login
    raise HTTPException(
    ...<3 lines>...
    )
fastapi.exceptions.HTTPException: 401: Incorrect username or password
2026-07-02 02:43:57,245 | ERROR    | IP: 127.0.0.1 | User: - | app — Action: Transaction base de données | Résultat: Échec (Erreur DB : 401: Incorrect username or password)
Traceback (most recent call last):
  File "C:\VMs\vbox-zorin-automation\app\database.py", line 22, in get_db
    yield db
  File "C:\Users\sadik\anaconda3\Lib\site-packages\fastapi\concurrency.py", line 29, in contextmanager_in_threadpool
    yield await run_in_threadpool(cm.__enter__)
  File "C:\Users\sadik\anaconda3\Lib\site-packages\fastapi\routing.py", line 136, in app
    response = await f(request)
               ^^^^^^^^^^^^^^^^
  File "C:\Users\sadik\anaconda3\Lib\site-packages\fastapi\routing.py", line 690, in app
    raw_response = await run_endpoint_function(
                   ^^^^^^^^^^^^^^^^^^^^^^^^^^^^
    ...<3 lines>...
    )
    ^
  File "C:\Users\sadik\anaconda3\Lib\site-packages\fastapi\routing.py", line 346, in run_endpoint_function
    return await run_in_threadpool(dependant.call, **values)
           ^^^^^^^^^^^^^^^^^^^^^^^^^^^^^^^^^^^^^^^^^^^^^^^^^
  File "C:\Users\sadik\anaconda3\Lib\site-packages\starlette\concurrency.py", line 34, in run_in_threadpool
    return await anyio.to_thread.run_sync(func)
           ^^^^^^^^^^^^^^^^^^^^^^^^^^^^^^^^^^^^
  File "C:\Users\sadik\anaconda3\Lib\site-packages\anyio\to_thread.py", line 56, in run_sync
    return await get_async_backend().run_sync_in_worker_thread(
           ^^^^^^^^^^^^^^^^^^^^^^^^^^^^^^^^^^^^^^^^^^^^^^^^^^^^
        func, args, abandon_on_cancel=abandon_on_cancel, limiter=limiter
        ^^^^^^^^^^^^^^^^^^^^^^^^^^^^^^^^^^^^^^^^^^^^^^^^^^^^^^^^^^^^^^^^
    )
    ^
  File "C:\Users\sadik\anaconda3\Lib\site-packages\anyio\_backends\_asyncio.py", line 2476, in run_sync_in_worker_thread
    return await future
           ^^^^^^^^^^^^
  File "C:\Users\sadik\anaconda3\Lib\site-packages\anyio\_backends\_asyncio.py", line 967, in run
    result = context.run(func, *args)
  File "C:\Users\sadik\anaconda3\Lib\site-packages\slowapi\extension.py", line 770, in sync_wrapper
    response = func(*args, **kwargs)
  File "C:\VMs\vbox-zorin-automation\app\routers\auth.py", line 139, in login
    raise HTTPException(
    ...<3 lines>...
    )
fastapi.exceptions.HTTPException: 401: Incorrect username or password
2026-07-02 02:44:16,115 | ERROR    | IP: 127.0.0.1 | User: - | app — Action: Transaction base de données | Résultat: Échec (Erreur DB : parameter `response` must be an instance of starlette.responses.Response)
Traceback (most recent call last):
  File "C:\VMs\vbox-zorin-automation\app\database.py", line 22, in get_db
    yield db
  File "C:\Users\sadik\anaconda3\Lib\site-packages\fastapi\concurrency.py", line 29, in contextmanager_in_threadpool
    yield await run_in_threadpool(cm.__enter__)
  File "C:\Users\sadik\anaconda3\Lib\site-packages\fastapi\routing.py", line 136, in app
    response = await f(request)
               ^^^^^^^^^^^^^^^^
  File "C:\Users\sadik\anaconda3\Lib\site-packages\fastapi\routing.py", line 690, in app
    raw_response = await run_endpoint_function(
                   ^^^^^^^^^^^^^^^^^^^^^^^^^^^^
    ...<3 lines>...
    )
    ^
  File "C:\Users\sadik\anaconda3\Lib\site-packages\fastapi\routing.py", line 346, in run_endpoint_function
    return await run_in_threadpool(dependant.call, **values)
           ^^^^^^^^^^^^^^^^^^^^^^^^^^^^^^^^^^^^^^^^^^^^^^^^^
  File "C:\Users\sadik\anaconda3\Lib\site-packages\starlette\concurrency.py", line 34, in run_in_threadpool
    return await anyio.to_thread.run_sync(func)
           ^^^^^^^^^^^^^^^^^^^^^^^^^^^^^^^^^^^^
  File "C:\Users\sadik\anaconda3\Lib\site-packages\anyio\to_thread.py", line 56, in run_sync
    return await get_async_backend().run_sync_in_worker_thread(
           ^^^^^^^^^^^^^^^^^^^^^^^^^^^^^^^^^^^^^^^^^^^^^^^^^^^^
        func, args, abandon_on_cancel=abandon_on_cancel, limiter=limiter
        ^^^^^^^^^^^^^^^^^^^^^^^^^^^^^^^^^^^^^^^^^^^^^^^^^^^^^^^^^^^^^^^^
    )
    ^
  File "C:\Users\sadik\anaconda3\Lib\site-packages\anyio\_backends\_asyncio.py", line 2476, in run_sync_in_worker_thread
    return await future
           ^^^^^^^^^^^^
  File "C:\Users\sadik\anaconda3\Lib\site-packages\anyio\_backends\_asyncio.py", line 967, in run
    result = context.run(func, *args)
  File "C:\Users\sadik\anaconda3\Lib\site-packages\slowapi\extension.py", line 774, in sync_wrapper
    self._inject_headers(
    ~~~~~~~~~~~~~~~~~~~~^
        kwargs.get("response"),
        ^^^^^^^^^^^^^^^^^^^^^^^
        request.state.view_rate_limit,  # type: ignore
        ^^^^^^^^^^^^^^^^^^^^^^^^^^^^^^^^^^^^^^^^^^^^^^
    )
    ^
  File "C:\Users\sadik\anaconda3\Lib\site-packages\slowapi\extension.py", line 383, in _inject_headers
    raise Exception(
        "parameter `response` must be an instance of starlette.responses.Response"
    )
Exception: parameter `response` must be an instance of starlette.responses.Response
2026-07-02 02:44:16,145 | ERROR    | IP: 127.0.0.1 | User: - | app — Action: Traitement de la requête a échoué (Exception non gérée) | Résultat: parameter `response` must be an instance of starlette.responses.Response
  + Exception Group Traceback (most recent call last):
  |   File "C:\Users\sadik\anaconda3\Lib\site-packages\starlette\_utils.py", line 85, in create_collapsing_task_group
  |     async with anyio.create_task_group() as tg:
  |                ~~~~~~~~~~~~~~~~~~~~~~~^^
  |   File "C:\Users\sadik\anaconda3\Lib\site-packages\anyio\_backends\_asyncio.py", line 772, in __aexit__
  |     raise BaseExceptionGroup(
  |         "unhandled errors in a TaskGroup", self._exceptions
  |     ) from None
  | ExceptionGroup: unhandled errors in a TaskGroup (1 sub-exception)
  +-+---------------- 1 ----------------
    | Traceback (most recent call last):
    |   File "C:\Users\sadik\anaconda3\Lib\site-packages\starlette\middleware\errors.py", line 164, in __call__
    |     await self.app(scope, receive, _send)
    |   File "C:\Users\sadik\anaconda3\Lib\site-packages\starlette\middleware\cors.py", line 96, in __call__
    |     await self.simple_response(scope, receive, send, request_headers=headers)
    |   File "C:\Users\sadik\anaconda3\Lib\site-packages\starlette\middleware\cors.py", line 154, in simple_response
    |     await self.app(scope, receive, send)
    |   File "C:\Users\sadik\anaconda3\Lib\site-packages\starlette\middleware\base.py", line 193, in __call__
    |     response = await self.dispatch_func(request, call_next)
    |                ^^^^^^^^^^^^^^^^^^^^^^^^^^^^^^^^^^^^^^^^^^^^
    |   File "C:\VMs\vbox-zorin-automation\app\main.py", line 102, in log_ip_middleware
    |     response = await call_next(request)
    |                ^^^^^^^^^^^^^^^^^^^^^^^^
    |   File "C:\Users\sadik\anaconda3\Lib\site-packages\starlette\middleware\base.py", line 168, in call_next
    |     raise app_exc from app_exc.__cause__ or app_exc.__context__
    |   File "C:\Users\sadik\anaconda3\Lib\site-packages\starlette\middleware\base.py", line 144, in coro
    |     await self.app(scope, receive_or_disconnect, send_no_error)
    |   File "C:\Users\sadik\anaconda3\Lib\site-packages\starlette\middleware\base.py", line 193, in __call__
    |     response = await self.dispatch_func(request, call_next)
    |                ^^^^^^^^^^^^^^^^^^^^^^^^^^^^^^^^^^^^^^^^^^^^
    |   File "C:\Users\sadik\anaconda3\Lib\site-packages\slowapi\middleware.py", line 128, in dispatch
    |     return await call_next(request)
    |            ^^^^^^^^^^^^^^^^^^^^^^^^
    |   File "C:\Users\sadik\anaconda3\Lib\site-packages\starlette\middleware\base.py", line 168, in call_next
    |     raise app_exc from app_exc.__cause__ or app_exc.__context__
    |   File "C:\Users\sadik\anaconda3\Lib\site-packages\starlette\middleware\base.py", line 144, in coro
    |     await self.app(scope, receive_or_disconnect, send_no_error)
    |   File "C:\Users\sadik\anaconda3\Lib\site-packages\starlette\middleware\exceptions.py", line 63, in __call__
    |     await wrap_app_handling_exceptions(self.app, conn)(scope, receive, send)
    |   File "C:\Users\sadik\anaconda3\Lib\site-packages\starlette\_exception_handler.py", line 53, in wrapped_app
    |     raise exc
    |   File "C:\Users\sadik\anaconda3\Lib\site-packages\starlette\_exception_handler.py", line 42, in wrapped_app
    |     await app(scope, receive, sender)
    |   File "C:\Users\sadik\anaconda3\Lib\site-packages\fastapi\middleware\asyncexitstack.py", line 18, in __call__
    |     await self.app(scope, receive, send)
    |   File "C:\Users\sadik\anaconda3\Lib\site-packages\starlette\routing.py", line 660, in __call__
    |     await self.middleware_stack(scope, receive, send)
    |   File "C:\Users\sadik\anaconda3\Lib\site-packages\fastapi\routing.py", line 2531, in app
    |     await route.handle(scope, receive, send)
    |   File "C:\Users\sadik\anaconda3\Lib\site-packages\fastapi\routing.py", line 1700, in handle
    |     await self.original_router.handle(scope, receive, send)
    |   File "C:\Users\sadik\anaconda3\Lib\site-packages\fastapi\routing.py", line 2586, in handle
    |     await included_router._handle_selected(scope, receive, send)
    |   File "C:\Users\sadik\anaconda3\Lib\site-packages\fastapi\routing.py", line 1720, in _handle_selected
    |     await original_route.handle(scope, receive, send)
    |   File "C:\Users\sadik\anaconda3\Lib\site-packages\fastapi\routing.py", line 1239, in handle
    |     await app(scope, receive, send)
    |   File "C:\Users\sadik\anaconda3\Lib\site-packages\fastapi\routing.py", line 150, in app
    |     await wrap_app_handling_exceptions(app, request)(scope, receive, send)
    |   File "C:\Users\sadik\anaconda3\Lib\site-packages\starlette\_exception_handler.py", line 53, in wrapped_app
    |     raise exc
    |   File "C:\Users\sadik\anaconda3\Lib\site-packages\starlette\_exception_handler.py", line 42, in wrapped_app
    |     await app(scope, receive, sender)
    |   File "C:\Users\sadik\anaconda3\Lib\site-packages\fastapi\routing.py", line 136, in app
    |     response = await f(request)
    |                ^^^^^^^^^^^^^^^^
    |   File "C:\Users\sadik\anaconda3\Lib\site-packages\fastapi\routing.py", line 690, in app
    |     raw_response = await run_endpoint_function(
    |                    ^^^^^^^^^^^^^^^^^^^^^^^^^^^^
    |     ...<3 lines>...
    |     )
    |     ^
    |   File "C:\Users\sadik\anaconda3\Lib\site-packages\fastapi\routing.py", line 346, in run_endpoint_function
    |     return await run_in_threadpool(dependant.call, **values)
    |            ^^^^^^^^^^^^^^^^^^^^^^^^^^^^^^^^^^^^^^^^^^^^^^^^^
    |   File "C:\Users\sadik\anaconda3\Lib\site-packages\starlette\concurrency.py", line 34, in run_in_threadpool
    |     return await anyio.to_thread.run_sync(func)
    |            ^^^^^^^^^^^^^^^^^^^^^^^^^^^^^^^^^^^^
    |   File "C:\Users\sadik\anaconda3\Lib\site-packages\anyio\to_thread.py", line 56, in run_sync
    |     return await get_async_backend().run_sync_in_worker_thread(
    |            ^^^^^^^^^^^^^^^^^^^^^^^^^^^^^^^^^^^^^^^^^^^^^^^^^^^^
    |         func, args, abandon_on_cancel=abandon_on_cancel, limiter=limiter
    |         ^^^^^^^^^^^^^^^^^^^^^^^^^^^^^^^^^^^^^^^^^^^^^^^^^^^^^^^^^^^^^^^^
    |     )
    |     ^
    |   File "C:\Users\sadik\anaconda3\Lib\site-packages\anyio\_backends\_asyncio.py", line 2476, in run_sync_in_worker_thread
    |     return await future
    |            ^^^^^^^^^^^^
    |   File "C:\Users\sadik\anaconda3\Lib\site-packages\anyio\_backends\_asyncio.py", line 967, in run
    |     result = context.run(func, *args)
    |   File "C:\Users\sadik\anaconda3\Lib\site-packages\slowapi\extension.py", line 774, in sync_wrapper
    |     self._inject_headers(
    |     ~~~~~~~~~~~~~~~~~~~~^
    |         kwargs.get("response"),
    |         ^^^^^^^^^^^^^^^^^^^^^^^
    |         request.state.view_rate_limit,  # type: ignore
    |         ^^^^^^^^^^^^^^^^^^^^^^^^^^^^^^^^^^^^^^^^^^^^^^
    |     )
    |     ^
    |   File "C:\Users\sadik\anaconda3\Lib\site-packages\slowapi\extension.py", line 383, in _inject_headers
    |     raise Exception(
    |         "parameter `response` must be an instance of starlette.responses.Response"
    |     )
    | Exception: parameter `response` must be an instance of starlette.responses.Response
    +------------------------------------

The above exception was the direct cause of the following exception:

Traceback (most recent call last):
  File "C:\Users\sadik\anaconda3\Lib\site-packages\starlette\middleware\errors.py", line 164, in __call__
    await self.app(scope, receive, _send)
  File "C:\Users\sadik\anaconda3\Lib\site-packages\starlette\middleware\cors.py", line 96, in __call__
    await self.simple_response(scope, receive, send, request_headers=headers)
  File "C:\Users\sadik\anaconda3\Lib\site-packages\starlette\middleware\cors.py", line 154, in simple_response
    await self.app(scope, receive, send)
  File "C:\Users\sadik\anaconda3\Lib\site-packages\starlette\middleware\base.py", line 193, in __call__
    response = await self.dispatch_func(request, call_next)
               ^^^^^^^^^^^^^^^^^^^^^^^^^^^^^^^^^^^^^^^^^^^^
  File "C:\VMs\vbox-zorin-automation\app\main.py", line 102, in log_ip_middleware
    response = await call_next(request)
               ^^^^^^^^^^^^^^^^^^^^^^^^
  File "C:\Users\sadik\anaconda3\Lib\site-packages\starlette\middleware\base.py", line 168, in call_next
    raise app_exc from app_exc.__cause__ or app_exc.__context__
  File "C:\Users\sadik\anaconda3\Lib\site-packages\starlette\middleware\base.py", line 144, in coro
    await self.app(scope, receive_or_disconnect, send_no_error)
  File "C:\Users\sadik\anaconda3\Lib\site-packages\starlette\middleware\base.py", line 193, in __call__
    response = await self.dispatch_func(request, call_next)
               ^^^^^^^^^^^^^^^^^^^^^^^^^^^^^^^^^^^^^^^^^^^^
  File "C:\Users\sadik\anaconda3\Lib\site-packages\slowapi\middleware.py", line 128, in dispatch
    return await call_next(request)
           ^^^^^^^^^^^^^^^^^^^^^^^^
  File "C:\Users\sadik\anaconda3\Lib\site-packages\starlette\middleware\base.py", line 168, in call_next
    raise app_exc from app_exc.__cause__ or app_exc.__context__
  File "C:\Users\sadik\anaconda3\Lib\site-packages\starlette\middleware\base.py", line 144, in coro
    await self.app(scope, receive_or_disconnect, send_no_error)
  File "C:\Users\sadik\anaconda3\Lib\site-packages\starlette\middleware\exceptions.py", line 63, in __call__
    await wrap_app_handling_exceptions(self.app, conn)(scope, receive, send)
  File "C:\Users\sadik\anaconda3\Lib\site-packages\starlette\_exception_handler.py", line 53, in wrapped_app
    raise exc
  File "C:\Users\sadik\anaconda3\Lib\site-packages\starlette\_exception_handler.py", line 42, in wrapped_app
    await app(scope, receive, sender)
  File "C:\Users\sadik\anaconda3\Lib\site-packages\fastapi\middleware\asyncexitstack.py", line 18, in __call__
    await self.app(scope, receive, send)
  File "C:\Users\sadik\anaconda3\Lib\site-packages\starlette\routing.py", line 660, in __call__
    await self.middleware_stack(scope, receive, send)
  File "C:\Users\sadik\anaconda3\Lib\site-packages\fastapi\routing.py", line 2531, in app
    await route.handle(scope, receive, send)
  File "C:\Users\sadik\anaconda3\Lib\site-packages\fastapi\routing.py", line 1700, in handle
    await self.original_router.handle(scope, receive, send)
  File "C:\Users\sadik\anaconda3\Lib\site-packages\fastapi\routing.py", line 2586, in handle
    await included_router._handle_selected(scope, receive, send)
  File "C:\Users\sadik\anaconda3\Lib\site-packages\fastapi\routing.py", line 1720, in _handle_selected
    await original_route.handle(scope, receive, send)
  File "C:\Users\sadik\anaconda3\Lib\site-packages\fastapi\routing.py", line 1239, in handle
    await app(scope, receive, send)
  File "C:\Users\sadik\anaconda3\Lib\site-packages\fastapi\routing.py", line 150, in app
    await wrap_app_handling_exceptions(app, request)(scope, receive, send)
  File "C:\Users\sadik\anaconda3\Lib\site-packages\starlette\_exception_handler.py", line 53, in wrapped_app
    raise exc
  File "C:\Users\sadik\anaconda3\Lib\site-packages\starlette\_exception_handler.py", line 42, in wrapped_app
    await app(scope, receive, sender)
  File "C:\Users\sadik\anaconda3\Lib\site-packages\fastapi\routing.py", line 136, in app
    response = await f(request)
               ^^^^^^^^^^^^^^^^
  File "C:\Users\sadik\anaconda3\Lib\site-packages\fastapi\routing.py", line 690, in app
    raw_response = await run_endpoint_function(
                   ^^^^^^^^^^^^^^^^^^^^^^^^^^^^
    ...<3 lines>...
    )
    ^
  File "C:\Users\sadik\anaconda3\Lib\site-packages\fastapi\routing.py", line 346, in run_endpoint_function
    return await run_in_threadpool(dependant.call, **values)
           ^^^^^^^^^^^^^^^^^^^^^^^^^^^^^^^^^^^^^^^^^^^^^^^^^
  File "C:\Users\sadik\anaconda3\Lib\site-packages\starlette\concurrency.py", line 34, in run_in_threadpool
    return await anyio.to_thread.run_sync(func)
           ^^^^^^^^^^^^^^^^^^^^^^^^^^^^^^^^^^^^
  File "C:\Users\sadik\anaconda3\Lib\site-packages\anyio\to_thread.py", line 56, in run_sync
    return await get_async_backend().run_sync_in_worker_thread(
           ^^^^^^^^^^^^^^^^^^^^^^^^^^^^^^^^^^^^^^^^^^^^^^^^^^^^
        func, args, abandon_on_cancel=abandon_on_cancel, limiter=limiter
        ^^^^^^^^^^^^^^^^^^^^^^^^^^^^^^^^^^^^^^^^^^^^^^^^^^^^^^^^^^^^^^^^
    )
    ^
  File "C:\Users\sadik\anaconda3\Lib\site-packages\anyio\_backends\_asyncio.py", line 2476, in run_sync_in_worker_thread
    return await future
           ^^^^^^^^^^^^
  File "C:\Users\sadik\anaconda3\Lib\site-packages\anyio\_backends\_asyncio.py", line 967, in run
    result = context.run(func, *args)
  File "C:\Users\sadik\anaconda3\Lib\site-packages\slowapi\extension.py", line 774, in sync_wrapper
    self._inject_headers(
    ~~~~~~~~~~~~~~~~~~~~^
        kwargs.get("response"),
        ^^^^^^^^^^^^^^^^^^^^^^^
        request.state.view_rate_limit,  # type: ignore
        ^^^^^^^^^^^^^^^^^^^^^^^^^^^^^^^^^^^^^^^^^^^^^^
    )
    ^
  File "C:\Users\sadik\anaconda3\Lib\site-packages\slowapi\extension.py", line 383, in _inject_headers
    raise Exception(
        "parameter `response` must be an instance of starlette.responses.Response"
    )
Exception: parameter `response` must be an instance of starlette.responses.Response
2026-07-02 02:49:47,740 | ERROR    | IP: 127.0.0.1 | User: - | app — Action: Transaction base de données | Résultat: Échec (Erreur DB : 429: 5 per 15 minute)
Traceback (most recent call last):
  File "C:\VMs\vbox-zorin-automation\app\database.py", line 22, in get_db
    yield db
  File "C:\Users\sadik\anaconda3\Lib\site-packages\fastapi\concurrency.py", line 29, in contextmanager_in_threadpool
    yield await run_in_threadpool(cm.__enter__)
  File "C:\Users\sadik\anaconda3\Lib\site-packages\fastapi\routing.py", line 136, in app
    response = await f(request)
               ^^^^^^^^^^^^^^^^
  File "C:\Users\sadik\anaconda3\Lib\site-packages\fastapi\routing.py", line 690, in app
    raw_response = await run_endpoint_function(
                   ^^^^^^^^^^^^^^^^^^^^^^^^^^^^
    ...<3 lines>...
    )
    ^
  File "C:\Users\sadik\anaconda3\Lib\site-packages\fastapi\routing.py", line 346, in run_endpoint_function
    return await run_in_threadpool(dependant.call, **values)
           ^^^^^^^^^^^^^^^^^^^^^^^^^^^^^^^^^^^^^^^^^^^^^^^^^
  File "C:\Users\sadik\anaconda3\Lib\site-packages\starlette\concurrency.py", line 34, in run_in_threadpool
    return await anyio.to_thread.run_sync(func)
           ^^^^^^^^^^^^^^^^^^^^^^^^^^^^^^^^^^^^
  File "C:\Users\sadik\anaconda3\Lib\site-packages\anyio\to_thread.py", line 56, in run_sync
    return await get_async_backend().run_sync_in_worker_thread(
           ^^^^^^^^^^^^^^^^^^^^^^^^^^^^^^^^^^^^^^^^^^^^^^^^^^^^
        func, args, abandon_on_cancel=abandon_on_cancel, limiter=limiter
        ^^^^^^^^^^^^^^^^^^^^^^^^^^^^^^^^^^^^^^^^^^^^^^^^^^^^^^^^^^^^^^^^
    )
    ^
  File "C:\Users\sadik\anaconda3\Lib\site-packages\anyio\_backends\_asyncio.py", line 2476, in run_sync_in_worker_thread
    return await future
           ^^^^^^^^^^^^
  File "C:\Users\sadik\anaconda3\Lib\site-packages\anyio\_backends\_asyncio.py", line 967, in run
    result = context.run(func, *args)
  File "C:\Users\sadik\anaconda3\Lib\site-packages\slowapi\extension.py", line 768, in sync_wrapper
    self._check_request_limit(request, func, False)
    ~~~~~~~~~~~~~~~~~~~~~~~~~^^^^^^^^^^^^^^^^^^^^^^
  File "C:\Users\sadik\anaconda3\Lib\site-packages\slowapi\extension.py", line 635, in _check_request_limit
    self.__evaluate_limits(request, _endpoint_key, all_limits)
    ~~~~~~~~~~~~~~~~~~~~~~^^^^^^^^^^^^^^^^^^^^^^^^^^^^^^^^^^^^
  File "C:\Users\sadik\anaconda3\Lib\site-packages\slowapi\extension.py", line 533, in __evaluate_limits
    raise RateLimitExceeded(failed_limit)
slowapi.errors.RateLimitExceeded: 429: 5 per 15 minute
2026-07-02 02:51:33,304 | ERROR    | IP: 127.0.0.1 | User: - | app — Action: Transaction base de données | Résultat: Échec (Erreur DB : 401: Incorrect username or password)
Traceback (most recent call last):
  File "C:\VMs\vbox-zorin-automation\app\database.py", line 22, in get_db
    yield db
  File "C:\Users\sadik\anaconda3\Lib\site-packages\fastapi\concurrency.py", line 29, in contextmanager_in_threadpool
    yield await run_in_threadpool(cm.__enter__)
  File "C:\Users\sadik\anaconda3\Lib\site-packages\fastapi\routing.py", line 136, in app
    response = await f(request)
               ^^^^^^^^^^^^^^^^
  File "C:\Users\sadik\anaconda3\Lib\site-packages\fastapi\routing.py", line 690, in app
    raw_response = await run_endpoint_function(
                   ^^^^^^^^^^^^^^^^^^^^^^^^^^^^
    ...<3 lines>...
    )
    ^
  File "C:\Users\sadik\anaconda3\Lib\site-packages\fastapi\routing.py", line 346, in run_endpoint_function
    return await run_in_threadpool(dependant.call, **values)
           ^^^^^^^^^^^^^^^^^^^^^^^^^^^^^^^^^^^^^^^^^^^^^^^^^
  File "C:\Users\sadik\anaconda3\Lib\site-packages\starlette\concurrency.py", line 34, in run_in_threadpool
    return await anyio.to_thread.run_sync(func)
           ^^^^^^^^^^^^^^^^^^^^^^^^^^^^^^^^^^^^
  File "C:\Users\sadik\anaconda3\Lib\site-packages\anyio\to_thread.py", line 56, in run_sync
    return await get_async_backend().run_sync_in_worker_thread(
           ^^^^^^^^^^^^^^^^^^^^^^^^^^^^^^^^^^^^^^^^^^^^^^^^^^^^
        func, args, abandon_on_cancel=abandon_on_cancel, limiter=limiter
        ^^^^^^^^^^^^^^^^^^^^^^^^^^^^^^^^^^^^^^^^^^^^^^^^^^^^^^^^^^^^^^^^
    )
    ^
  File "C:\Users\sadik\anaconda3\Lib\site-packages\anyio\_backends\_asyncio.py", line 2476, in run_sync_in_worker_thread
    return await future
           ^^^^^^^^^^^^
  File "C:\Users\sadik\anaconda3\Lib\site-packages\anyio\_backends\_asyncio.py", line 967, in run
    result = context.run(func, *args)
  File "C:\Users\sadik\anaconda3\Lib\site-packages\slowapi\extension.py", line 770, in sync_wrapper
    response = func(*args, **kwargs)
  File "C:\VMs\vbox-zorin-automation\app\routers\auth.py", line 139, in login
    raise HTTPException(
    ...<3 lines>...
    )
fastapi.exceptions.HTTPException: 401: Incorrect username or password
2026-07-02 02:51:49,353 | ERROR    | IP: 127.0.0.1 | User: - | app — Action: Transaction base de données | Résultat: Échec (Erreur DB : parameter `response` must be an instance of starlette.responses.Response)
Traceback (most recent call last):
  File "C:\VMs\vbox-zorin-automation\app\database.py", line 22, in get_db
    yield db
  File "C:\Users\sadik\anaconda3\Lib\site-packages\fastapi\concurrency.py", line 29, in contextmanager_in_threadpool
    yield await run_in_threadpool(cm.__enter__)
  File "C:\Users\sadik\anaconda3\Lib\site-packages\fastapi\routing.py", line 136, in app
    response = await f(request)
               ^^^^^^^^^^^^^^^^
  File "C:\Users\sadik\anaconda3\Lib\site-packages\fastapi\routing.py", line 690, in app
    raw_response = await run_endpoint_function(
                   ^^^^^^^^^^^^^^^^^^^^^^^^^^^^
    ...<3 lines>...
    )
    ^
  File "C:\Users\sadik\anaconda3\Lib\site-packages\fastapi\routing.py", line 346, in run_endpoint_function
    return await run_in_threadpool(dependant.call, **values)
           ^^^^^^^^^^^^^^^^^^^^^^^^^^^^^^^^^^^^^^^^^^^^^^^^^
  File "C:\Users\sadik\anaconda3\Lib\site-packages\starlette\concurrency.py", line 34, in run_in_threadpool
    return await anyio.to_thread.run_sync(func)
           ^^^^^^^^^^^^^^^^^^^^^^^^^^^^^^^^^^^^
  File "C:\Users\sadik\anaconda3\Lib\site-packages\anyio\to_thread.py", line 56, in run_sync
    return await get_async_backend().run_sync_in_worker_thread(
           ^^^^^^^^^^^^^^^^^^^^^^^^^^^^^^^^^^^^^^^^^^^^^^^^^^^^
        func, args, abandon_on_cancel=abandon_on_cancel, limiter=limiter
        ^^^^^^^^^^^^^^^^^^^^^^^^^^^^^^^^^^^^^^^^^^^^^^^^^^^^^^^^^^^^^^^^
    )
    ^
  File "C:\Users\sadik\anaconda3\Lib\site-packages\anyio\_backends\_asyncio.py", line 2476, in run_sync_in_worker_thread
    return await future
           ^^^^^^^^^^^^
  File "C:\Users\sadik\anaconda3\Lib\site-packages\anyio\_backends\_asyncio.py", line 967, in run
    result = context.run(func, *args)
  File "C:\Users\sadik\anaconda3\Lib\site-packages\slowapi\extension.py", line 774, in sync_wrapper
    self._inject_headers(
    ~~~~~~~~~~~~~~~~~~~~^
        kwargs.get("response"),
        ^^^^^^^^^^^^^^^^^^^^^^^
        request.state.view_rate_limit,  # type: ignore
        ^^^^^^^^^^^^^^^^^^^^^^^^^^^^^^^^^^^^^^^^^^^^^^
    )
    ^
  File "C:\Users\sadik\anaconda3\Lib\site-packages\slowapi\extension.py", line 383, in _inject_headers
    raise Exception(
        "parameter `response` must be an instance of starlette.responses.Response"
    )
Exception: parameter `response` must be an instance of starlette.responses.Response
2026-07-02 02:51:49,398 | ERROR    | IP: 127.0.0.1 | User: - | app — Action: Traitement de la requête a échoué (Exception non gérée) | Résultat: parameter `response` must be an instance of starlette.responses.Response
  + Exception Group Traceback (most recent call last):
  |   File "C:\Users\sadik\anaconda3\Lib\site-packages\starlette\_utils.py", line 85, in create_collapsing_task_group
  |     async with anyio.create_task_group() as tg:
  |                ~~~~~~~~~~~~~~~~~~~~~~~^^
  |   File "C:\Users\sadik\anaconda3\Lib\site-packages\anyio\_backends\_asyncio.py", line 772, in __aexit__
  |     raise BaseExceptionGroup(
  |         "unhandled errors in a TaskGroup", self._exceptions
  |     ) from None
  | ExceptionGroup: unhandled errors in a TaskGroup (1 sub-exception)
  +-+---------------- 1 ----------------
    | Traceback (most recent call last):
    |   File "C:\Users\sadik\anaconda3\Lib\site-packages\starlette\middleware\errors.py", line 164, in __call__
    |     await self.app(scope, receive, _send)
    |   File "C:\Users\sadik\anaconda3\Lib\site-packages\starlette\middleware\cors.py", line 96, in __call__
    |     await self.simple_response(scope, receive, send, request_headers=headers)
    |   File "C:\Users\sadik\anaconda3\Lib\site-packages\starlette\middleware\cors.py", line 154, in simple_response
    |     await self.app(scope, receive, send)
    |   File "C:\Users\sadik\anaconda3\Lib\site-packages\starlette\middleware\base.py", line 193, in __call__
    |     response = await self.dispatch_func(request, call_next)
    |                ^^^^^^^^^^^^^^^^^^^^^^^^^^^^^^^^^^^^^^^^^^^^
    |   File "C:\VMs\vbox-zorin-automation\app\main.py", line 102, in log_ip_middleware
    |     response = await call_next(request)
    |                ^^^^^^^^^^^^^^^^^^^^^^^^
    |   File "C:\Users\sadik\anaconda3\Lib\site-packages\starlette\middleware\base.py", line 168, in call_next
    |     raise app_exc from app_exc.__cause__ or app_exc.__context__
    |   File "C:\Users\sadik\anaconda3\Lib\site-packages\starlette\middleware\base.py", line 144, in coro
    |     await self.app(scope, receive_or_disconnect, send_no_error)
    |   File "C:\Users\sadik\anaconda3\Lib\site-packages\starlette\middleware\base.py", line 193, in __call__
    |     response = await self.dispatch_func(request, call_next)
    |                ^^^^^^^^^^^^^^^^^^^^^^^^^^^^^^^^^^^^^^^^^^^^
    |   File "C:\Users\sadik\anaconda3\Lib\site-packages\slowapi\middleware.py", line 128, in dispatch
    |     return await call_next(request)
    |            ^^^^^^^^^^^^^^^^^^^^^^^^
    |   File "C:\Users\sadik\anaconda3\Lib\site-packages\starlette\middleware\base.py", line 168, in call_next
    |     raise app_exc from app_exc.__cause__ or app_exc.__context__
    |   File "C:\Users\sadik\anaconda3\Lib\site-packages\starlette\middleware\base.py", line 144, in coro
    |     await self.app(scope, receive_or_disconnect, send_no_error)
    |   File "C:\Users\sadik\anaconda3\Lib\site-packages\starlette\middleware\exceptions.py", line 63, in __call__
    |     await wrap_app_handling_exceptions(self.app, conn)(scope, receive, send)
    |   File "C:\Users\sadik\anaconda3\Lib\site-packages\starlette\_exception_handler.py", line 53, in wrapped_app
    |     raise exc
    |   File "C:\Users\sadik\anaconda3\Lib\site-packages\starlette\_exception_handler.py", line 42, in wrapped_app
    |     await app(scope, receive, sender)
    |   File "C:\Users\sadik\anaconda3\Lib\site-packages\fastapi\middleware\asyncexitstack.py", line 18, in __call__
    |     await self.app(scope, receive, send)
    |   File "C:\Users\sadik\anaconda3\Lib\site-packages\starlette\routing.py", line 660, in __call__
    |     await self.middleware_stack(scope, receive, send)
    |   File "C:\Users\sadik\anaconda3\Lib\site-packages\fastapi\routing.py", line 2531, in app
    |     await route.handle(scope, receive, send)
    |   File "C:\Users\sadik\anaconda3\Lib\site-packages\fastapi\routing.py", line 1700, in handle
    |     await self.original_router.handle(scope, receive, send)
    |   File "C:\Users\sadik\anaconda3\Lib\site-packages\fastapi\routing.py", line 2586, in handle
    |     await included_router._handle_selected(scope, receive, send)
    |   File "C:\Users\sadik\anaconda3\Lib\site-packages\fastapi\routing.py", line 1720, in _handle_selected
    |     await original_route.handle(scope, receive, send)
    |   File "C:\Users\sadik\anaconda3\Lib\site-packages\fastapi\routing.py", line 1239, in handle
    |     await app(scope, receive, send)
    |   File "C:\Users\sadik\anaconda3\Lib\site-packages\fastapi\routing.py", line 150, in app
    |     await wrap_app_handling_exceptions(app, request)(scope, receive, send)
    |   File "C:\Users\sadik\anaconda3\Lib\site-packages\starlette\_exception_handler.py", line 53, in wrapped_app
    |     raise exc
    |   File "C:\Users\sadik\anaconda3\Lib\site-packages\starlette\_exception_handler.py", line 42, in wrapped_app
    |     await app(scope, receive, sender)
    |   File "C:\Users\sadik\anaconda3\Lib\site-packages\fastapi\routing.py", line 136, in app
    |     response = await f(request)
    |                ^^^^^^^^^^^^^^^^
    |   File "C:\Users\sadik\anaconda3\Lib\site-packages\fastapi\routing.py", line 690, in app
    |     raw_response = await run_endpoint_function(
    |                    ^^^^^^^^^^^^^^^^^^^^^^^^^^^^
    |     ...<3 lines>...
    |     )
    |     ^
    |   File "C:\Users\sadik\anaconda3\Lib\site-packages\fastapi\routing.py", line 346, in run_endpoint_function
    |     return await run_in_threadpool(dependant.call, **values)
    |            ^^^^^^^^^^^^^^^^^^^^^^^^^^^^^^^^^^^^^^^^^^^^^^^^^
    |   File "C:\Users\sadik\anaconda3\Lib\site-packages\starlette\concurrency.py", line 34, in run_in_threadpool
    |     return await anyio.to_thread.run_sync(func)
    |            ^^^^^^^^^^^^^^^^^^^^^^^^^^^^^^^^^^^^
    |   File "C:\Users\sadik\anaconda3\Lib\site-packages\anyio\to_thread.py", line 56, in run_sync
    |     return await get_async_backend().run_sync_in_worker_thread(
    |            ^^^^^^^^^^^^^^^^^^^^^^^^^^^^^^^^^^^^^^^^^^^^^^^^^^^^
    |         func, args, abandon_on_cancel=abandon_on_cancel, limiter=limiter
    |         ^^^^^^^^^^^^^^^^^^^^^^^^^^^^^^^^^^^^^^^^^^^^^^^^^^^^^^^^^^^^^^^^
    |     )
    |     ^
    |   File "C:\Users\sadik\anaconda3\Lib\site-packages\anyio\_backends\_asyncio.py", line 2476, in run_sync_in_worker_thread
    |     return await future
    |            ^^^^^^^^^^^^
    |   File "C:\Users\sadik\anaconda3\Lib\site-packages\anyio\_backends\_asyncio.py", line 967, in run
    |     result = context.run(func, *args)
    |   File "C:\Users\sadik\anaconda3\Lib\site-packages\slowapi\extension.py", line 774, in sync_wrapper
    |     self._inject_headers(
    |     ~~~~~~~~~~~~~~~~~~~~^
    |         kwargs.get("response"),
    |         ^^^^^^^^^^^^^^^^^^^^^^^
    |         request.state.view_rate_limit,  # type: ignore
    |         ^^^^^^^^^^^^^^^^^^^^^^^^^^^^^^^^^^^^^^^^^^^^^^
    |     )
    |     ^
    |   File "C:\Users\sadik\anaconda3\Lib\site-packages\slowapi\extension.py", line 383, in _inject_headers
    |     raise Exception(
    |         "parameter `response` must be an instance of starlette.responses.Response"
    |     )
    | Exception: parameter `response` must be an instance of starlette.responses.Response
    +------------------------------------

The above exception was the direct cause of the following exception:

Traceback (most recent call last):
  File "C:\Users\sadik\anaconda3\Lib\site-packages\starlette\middleware\errors.py", line 164, in __call__
    await self.app(scope, receive, _send)
  File "C:\Users\sadik\anaconda3\Lib\site-packages\starlette\middleware\cors.py", line 96, in __call__
    await self.simple_response(scope, receive, send, request_headers=headers)
  File "C:\Users\sadik\anaconda3\Lib\site-packages\starlette\middleware\cors.py", line 154, in simple_response
    await self.app(scope, receive, send)
  File "C:\Users\sadik\anaconda3\Lib\site-packages\starlette\middleware\base.py", line 193, in __call__
    response = await self.dispatch_func(request, call_next)
               ^^^^^^^^^^^^^^^^^^^^^^^^^^^^^^^^^^^^^^^^^^^^
  File "C:\VMs\vbox-zorin-automation\app\main.py", line 102, in log_ip_middleware
    response = await call_next(request)
               ^^^^^^^^^^^^^^^^^^^^^^^^
  File "C:\Users\sadik\anaconda3\Lib\site-packages\starlette\middleware\base.py", line 168, in call_next
    raise app_exc from app_exc.__cause__ or app_exc.__context__
  File "C:\Users\sadik\anaconda3\Lib\site-packages\starlette\middleware\base.py", line 144, in coro
    await self.app(scope, receive_or_disconnect, send_no_error)
  File "C:\Users\sadik\anaconda3\Lib\site-packages\starlette\middleware\base.py", line 193, in __call__
    response = await self.dispatch_func(request, call_next)
               ^^^^^^^^^^^^^^^^^^^^^^^^^^^^^^^^^^^^^^^^^^^^
  File "C:\Users\sadik\anaconda3\Lib\site-packages\slowapi\middleware.py", line 128, in dispatch
    return await call_next(request)
           ^^^^^^^^^^^^^^^^^^^^^^^^
  File "C:\Users\sadik\anaconda3\Lib\site-packages\starlette\middleware\base.py", line 168, in call_next
    raise app_exc from app_exc.__cause__ or app_exc.__context__
  File "C:\Users\sadik\anaconda3\Lib\site-packages\starlette\middleware\base.py", line 144, in coro
    await self.app(scope, receive_or_disconnect, send_no_error)
  File "C:\Users\sadik\anaconda3\Lib\site-packages\starlette\middleware\exceptions.py", line 63, in __call__
    await wrap_app_handling_exceptions(self.app, conn)(scope, receive, send)
  File "C:\Users\sadik\anaconda3\Lib\site-packages\starlette\_exception_handler.py", line 53, in wrapped_app
    raise exc
  File "C:\Users\sadik\anaconda3\Lib\site-packages\starlette\_exception_handler.py", line 42, in wrapped_app
    await app(scope, receive, sender)
  File "C:\Users\sadik\anaconda3\Lib\site-packages\fastapi\middleware\asyncexitstack.py", line 18, in __call__
    await self.app(scope, receive, send)
  File "C:\Users\sadik\anaconda3\Lib\site-packages\starlette\routing.py", line 660, in __call__
    await self.middleware_stack(scope, receive, send)
  File "C:\Users\sadik\anaconda3\Lib\site-packages\fastapi\routing.py", line 2531, in app
    await route.handle(scope, receive, send)
  File "C:\Users\sadik\anaconda3\Lib\site-packages\fastapi\routing.py", line 1700, in handle
    await self.original_router.handle(scope, receive, send)
  File "C:\Users\sadik\anaconda3\Lib\site-packages\fastapi\routing.py", line 2586, in handle
    await included_router._handle_selected(scope, receive, send)
  File "C:\Users\sadik\anaconda3\Lib\site-packages\fastapi\routing.py", line 1720, in _handle_selected
    await original_route.handle(scope, receive, send)
  File "C:\Users\sadik\anaconda3\Lib\site-packages\fastapi\routing.py", line 1239, in handle
    await app(scope, receive, send)
  File "C:\Users\sadik\anaconda3\Lib\site-packages\fastapi\routing.py", line 150, in app
    await wrap_app_handling_exceptions(app, request)(scope, receive, send)
  File "C:\Users\sadik\anaconda3\Lib\site-packages\starlette\_exception_handler.py", line 53, in wrapped_app
    raise exc
  File "C:\Users\sadik\anaconda3\Lib\site-packages\starlette\_exception_handler.py", line 42, in wrapped_app
    await app(scope, receive, sender)
  File "C:\Users\sadik\anaconda3\Lib\site-packages\fastapi\routing.py", line 136, in app
    response = await f(request)
               ^^^^^^^^^^^^^^^^
  File "C:\Users\sadik\anaconda3\Lib\site-packages\fastapi\routing.py", line 690, in app
    raw_response = await run_endpoint_function(
                   ^^^^^^^^^^^^^^^^^^^^^^^^^^^^
    ...<3 lines>...
    )
    ^
  File "C:\Users\sadik\anaconda3\Lib\site-packages\fastapi\routing.py", line 346, in run_endpoint_function
    return await run_in_threadpool(dependant.call, **values)
           ^^^^^^^^^^^^^^^^^^^^^^^^^^^^^^^^^^^^^^^^^^^^^^^^^
  File "C:\Users\sadik\anaconda3\Lib\site-packages\starlette\concurrency.py", line 34, in run_in_threadpool
    return await anyio.to_thread.run_sync(func)
           ^^^^^^^^^^^^^^^^^^^^^^^^^^^^^^^^^^^^
  File "C:\Users\sadik\anaconda3\Lib\site-packages\anyio\to_thread.py", line 56, in run_sync
    return await get_async_backend().run_sync_in_worker_thread(
           ^^^^^^^^^^^^^^^^^^^^^^^^^^^^^^^^^^^^^^^^^^^^^^^^^^^^
        func, args, abandon_on_cancel=abandon_on_cancel, limiter=limiter
        ^^^^^^^^^^^^^^^^^^^^^^^^^^^^^^^^^^^^^^^^^^^^^^^^^^^^^^^^^^^^^^^^
    )
    ^
  File "C:\Users\sadik\anaconda3\Lib\site-packages\anyio\_backends\_asyncio.py", line 2476, in run_sync_in_worker_thread
    return await future
           ^^^^^^^^^^^^
  File "C:\Users\sadik\anaconda3\Lib\site-packages\anyio\_backends\_asyncio.py", line 967, in run
    result = context.run(func, *args)
  File "C:\Users\sadik\anaconda3\Lib\site-packages\slowapi\extension.py", line 774, in sync_wrapper
    self._inject_headers(
    ~~~~~~~~~~~~~~~~~~~~^
        kwargs.get("response"),
        ^^^^^^^^^^^^^^^^^^^^^^^
        request.state.view_rate_limit,  # type: ignore
        ^^^^^^^^^^^^^^^^^^^^^^^^^^^^^^^^^^^^^^^^^^^^^^
    )
    ^
  File "C:\Users\sadik\anaconda3\Lib\site-packages\slowapi\extension.py", line 383, in _inject_headers
    raise Exception(
        "parameter `response` must be an instance of starlette.responses.Response"
    )
Exception: parameter `response` must be an instance of starlette.responses.Response
2026-07-02 02:52:17,369 | ERROR    | IP: 127.0.0.1 | User: - | app — Action: Transaction base de données | Résultat: Échec (Erreur DB : parameter `response` must be an instance of starlette.responses.Response)
Traceback (most recent call last):
  File "C:\VMs\vbox-zorin-automation\app\database.py", line 22, in get_db
    yield db
  File "C:\Users\sadik\anaconda3\Lib\site-packages\fastapi\concurrency.py", line 29, in contextmanager_in_threadpool
    yield await run_in_threadpool(cm.__enter__)
  File "C:\Users\sadik\anaconda3\Lib\site-packages\fastapi\routing.py", line 136, in app
    response = await f(request)
               ^^^^^^^^^^^^^^^^
  File "C:\Users\sadik\anaconda3\Lib\site-packages\fastapi\routing.py", line 690, in app
    raw_response = await run_endpoint_function(
                   ^^^^^^^^^^^^^^^^^^^^^^^^^^^^
    ...<3 lines>...
    )
    ^
  File "C:\Users\sadik\anaconda3\Lib\site-packages\fastapi\routing.py", line 346, in run_endpoint_function
    return await run_in_threadpool(dependant.call, **values)
           ^^^^^^^^^^^^^^^^^^^^^^^^^^^^^^^^^^^^^^^^^^^^^^^^^
  File "C:\Users\sadik\anaconda3\Lib\site-packages\starlette\concurrency.py", line 34, in run_in_threadpool
    return await anyio.to_thread.run_sync(func)
           ^^^^^^^^^^^^^^^^^^^^^^^^^^^^^^^^^^^^
  File "C:\Users\sadik\anaconda3\Lib\site-packages\anyio\to_thread.py", line 56, in run_sync
    return await get_async_backend().run_sync_in_worker_thread(
           ^^^^^^^^^^^^^^^^^^^^^^^^^^^^^^^^^^^^^^^^^^^^^^^^^^^^
        func, args, abandon_on_cancel=abandon_on_cancel, limiter=limiter
        ^^^^^^^^^^^^^^^^^^^^^^^^^^^^^^^^^^^^^^^^^^^^^^^^^^^^^^^^^^^^^^^^
    )
    ^
  File "C:\Users\sadik\anaconda3\Lib\site-packages\anyio\_backends\_asyncio.py", line 2476, in run_sync_in_worker_thread
    return await future
           ^^^^^^^^^^^^
  File "C:\Users\sadik\anaconda3\Lib\site-packages\anyio\_backends\_asyncio.py", line 967, in run
    result = context.run(func, *args)
  File "C:\Users\sadik\anaconda3\Lib\site-packages\slowapi\extension.py", line 774, in sync_wrapper
    self._inject_headers(
    ~~~~~~~~~~~~~~~~~~~~^
        kwargs.get("response"),
        ^^^^^^^^^^^^^^^^^^^^^^^
        request.state.view_rate_limit,  # type: ignore
        ^^^^^^^^^^^^^^^^^^^^^^^^^^^^^^^^^^^^^^^^^^^^^^
    )
    ^
  File "C:\Users\sadik\anaconda3\Lib\site-packages\slowapi\extension.py", line 383, in _inject_headers
    raise Exception(
        "parameter `response` must be an instance of starlette.responses.Response"
    )
Exception: parameter `response` must be an instance of starlette.responses.Response
2026-07-02 02:52:17,384 | ERROR    | IP: 127.0.0.1 | User: - | app — Action: Traitement de la requête a échoué (Exception non gérée) | Résultat: parameter `response` must be an instance of starlette.responses.Response
  + Exception Group Traceback (most recent call last):
  |   File "C:\Users\sadik\anaconda3\Lib\site-packages\starlette\_utils.py", line 85, in create_collapsing_task_group
  |     async with anyio.create_task_group() as tg:
  |                ~~~~~~~~~~~~~~~~~~~~~~~^^
  |   File "C:\Users\sadik\anaconda3\Lib\site-packages\anyio\_backends\_asyncio.py", line 772, in __aexit__
  |     raise BaseExceptionGroup(
  |         "unhandled errors in a TaskGroup", self._exceptions
  |     ) from None
  | ExceptionGroup: unhandled errors in a TaskGroup (1 sub-exception)
  +-+---------------- 1 ----------------
    | Traceback (most recent call last):
    |   File "C:\Users\sadik\anaconda3\Lib\site-packages\starlette\middleware\errors.py", line 164, in __call__
    |     await self.app(scope, receive, _send)
    |   File "C:\Users\sadik\anaconda3\Lib\site-packages\starlette\middleware\cors.py", line 96, in __call__
    |     await self.simple_response(scope, receive, send, request_headers=headers)
    |   File "C:\Users\sadik\anaconda3\Lib\site-packages\starlette\middleware\cors.py", line 154, in simple_response
    |     await self.app(scope, receive, send)
    |   File "C:\Users\sadik\anaconda3\Lib\site-packages\starlette\middleware\base.py", line 193, in __call__
    |     response = await self.dispatch_func(request, call_next)
    |                ^^^^^^^^^^^^^^^^^^^^^^^^^^^^^^^^^^^^^^^^^^^^
    |   File "C:\VMs\vbox-zorin-automation\app\main.py", line 102, in log_ip_middleware
    |     response = await call_next(request)
    |                ^^^^^^^^^^^^^^^^^^^^^^^^
    |   File "C:\Users\sadik\anaconda3\Lib\site-packages\starlette\middleware\base.py", line 168, in call_next
    |     raise app_exc from app_exc.__cause__ or app_exc.__context__
    |   File "C:\Users\sadik\anaconda3\Lib\site-packages\starlette\middleware\base.py", line 144, in coro
    |     await self.app(scope, receive_or_disconnect, send_no_error)
    |   File "C:\Users\sadik\anaconda3\Lib\site-packages\starlette\middleware\base.py", line 193, in __call__
    |     response = await self.dispatch_func(request, call_next)
    |                ^^^^^^^^^^^^^^^^^^^^^^^^^^^^^^^^^^^^^^^^^^^^
    |   File "C:\Users\sadik\anaconda3\Lib\site-packages\slowapi\middleware.py", line 128, in dispatch
    |     return await call_next(request)
    |            ^^^^^^^^^^^^^^^^^^^^^^^^
    |   File "C:\Users\sadik\anaconda3\Lib\site-packages\starlette\middleware\base.py", line 168, in call_next
    |     raise app_exc from app_exc.__cause__ or app_exc.__context__
    |   File "C:\Users\sadik\anaconda3\Lib\site-packages\starlette\middleware\base.py", line 144, in coro
    |     await self.app(scope, receive_or_disconnect, send_no_error)
    |   File "C:\Users\sadik\anaconda3\Lib\site-packages\starlette\middleware\exceptions.py", line 63, in __call__
    |     await wrap_app_handling_exceptions(self.app, conn)(scope, receive, send)
    |   File "C:\Users\sadik\anaconda3\Lib\site-packages\starlette\_exception_handler.py", line 53, in wrapped_app
    |     raise exc
    |   File "C:\Users\sadik\anaconda3\Lib\site-packages\starlette\_exception_handler.py", line 42, in wrapped_app
    |     await app(scope, receive, sender)
    |   File "C:\Users\sadik\anaconda3\Lib\site-packages\fastapi\middleware\asyncexitstack.py", line 18, in __call__
    |     await self.app(scope, receive, send)
    |   File "C:\Users\sadik\anaconda3\Lib\site-packages\starlette\routing.py", line 660, in __call__
    |     await self.middleware_stack(scope, receive, send)
    |   File "C:\Users\sadik\anaconda3\Lib\site-packages\fastapi\routing.py", line 2531, in app
    |     await route.handle(scope, receive, send)
    |   File "C:\Users\sadik\anaconda3\Lib\site-packages\fastapi\routing.py", line 1700, in handle
    |     await self.original_router.handle(scope, receive, send)
    |   File "C:\Users\sadik\anaconda3\Lib\site-packages\fastapi\routing.py", line 2586, in handle
    |     await included_router._handle_selected(scope, receive, send)
    |   File "C:\Users\sadik\anaconda3\Lib\site-packages\fastapi\routing.py", line 1720, in _handle_selected
    |     await original_route.handle(scope, receive, send)
    |   File "C:\Users\sadik\anaconda3\Lib\site-packages\fastapi\routing.py", line 1239, in handle
    |     await app(scope, receive, send)
    |   File "C:\Users\sadik\anaconda3\Lib\site-packages\fastapi\routing.py", line 150, in app
    |     await wrap_app_handling_exceptions(app, request)(scope, receive, send)
    |   File "C:\Users\sadik\anaconda3\Lib\site-packages\starlette\_exception_handler.py", line 53, in wrapped_app
    |     raise exc
    |   File "C:\Users\sadik\anaconda3\Lib\site-packages\starlette\_exception_handler.py", line 42, in wrapped_app
    |     await app(scope, receive, sender)
    |   File "C:\Users\sadik\anaconda3\Lib\site-packages\fastapi\routing.py", line 136, in app
    |     response = await f(request)
    |                ^^^^^^^^^^^^^^^^
    |   File "C:\Users\sadik\anaconda3\Lib\site-packages\fastapi\routing.py", line 690, in app
    |     raw_response = await run_endpoint_function(
    |                    ^^^^^^^^^^^^^^^^^^^^^^^^^^^^
    |     ...<3 lines>...
    |     )
    |     ^
    |   File "C:\Users\sadik\anaconda3\Lib\site-packages\fastapi\routing.py", line 346, in run_endpoint_function
    |     return await run_in_threadpool(dependant.call, **values)
    |            ^^^^^^^^^^^^^^^^^^^^^^^^^^^^^^^^^^^^^^^^^^^^^^^^^
    |   File "C:\Users\sadik\anaconda3\Lib\site-packages\starlette\concurrency.py", line 34, in run_in_threadpool
    |     return await anyio.to_thread.run_sync(func)
    |            ^^^^^^^^^^^^^^^^^^^^^^^^^^^^^^^^^^^^
    |   File "C:\Users\sadik\anaconda3\Lib\site-packages\anyio\to_thread.py", line 56, in run_sync
    |     return await get_async_backend().run_sync_in_worker_thread(
    |            ^^^^^^^^^^^^^^^^^^^^^^^^^^^^^^^^^^^^^^^^^^^^^^^^^^^^
    |         func, args, abandon_on_cancel=abandon_on_cancel, limiter=limiter
    |         ^^^^^^^^^^^^^^^^^^^^^^^^^^^^^^^^^^^^^^^^^^^^^^^^^^^^^^^^^^^^^^^^
    |     )
    |     ^
    |   File "C:\Users\sadik\anaconda3\Lib\site-packages\anyio\_backends\_asyncio.py", line 2476, in run_sync_in_worker_thread
    |     return await future
    |            ^^^^^^^^^^^^
    |   File "C:\Users\sadik\anaconda3\Lib\site-packages\anyio\_backends\_asyncio.py", line 967, in run
    |     result = context.run(func, *args)
    |   File "C:\Users\sadik\anaconda3\Lib\site-packages\slowapi\extension.py", line 774, in sync_wrapper
    |     self._inject_headers(
    |     ~~~~~~~~~~~~~~~~~~~~^
    |         kwargs.get("response"),
    |         ^^^^^^^^^^^^^^^^^^^^^^^
    |         request.state.view_rate_limit,  # type: ignore
    |         ^^^^^^^^^^^^^^^^^^^^^^^^^^^^^^^^^^^^^^^^^^^^^^
    |     )
    |     ^
    |   File "C:\Users\sadik\anaconda3\Lib\site-packages\slowapi\extension.py", line 383, in _inject_headers
    |     raise Exception(
    |         "parameter `response` must be an instance of starlette.responses.Response"
    |     )
    | Exception: parameter `response` must be an instance of starlette.responses.Response
    +------------------------------------

The above exception was the direct cause of the following exception:

Traceback (most recent call last):
  File "C:\Users\sadik\anaconda3\Lib\site-packages\starlette\middleware\errors.py", line 164, in __call__
    await self.app(scope, receive, _send)
  File "C:\Users\sadik\anaconda3\Lib\site-packages\starlette\middleware\cors.py", line 96, in __call__
    await self.simple_response(scope, receive, send, request_headers=headers)
  File "C:\Users\sadik\anaconda3\Lib\site-packages\starlette\middleware\cors.py", line 154, in simple_response
    await self.app(scope, receive, send)
  File "C:\Users\sadik\anaconda3\Lib\site-packages\starlette\middleware\base.py", line 193, in __call__
    response = await self.dispatch_func(request, call_next)
               ^^^^^^^^^^^^^^^^^^^^^^^^^^^^^^^^^^^^^^^^^^^^
  File "C:\VMs\vbox-zorin-automation\app\main.py", line 102, in log_ip_middleware
    response = await call_next(request)
               ^^^^^^^^^^^^^^^^^^^^^^^^
  File "C:\Users\sadik\anaconda3\Lib\site-packages\starlette\middleware\base.py", line 168, in call_next
    raise app_exc from app_exc.__cause__ or app_exc.__context__
  File "C:\Users\sadik\anaconda3\Lib\site-packages\starlette\middleware\base.py", line 144, in coro
    await self.app(scope, receive_or_disconnect, send_no_error)
  File "C:\Users\sadik\anaconda3\Lib\site-packages\starlette\middleware\base.py", line 193, in __call__
    response = await self.dispatch_func(request, call_next)
               ^^^^^^^^^^^^^^^^^^^^^^^^^^^^^^^^^^^^^^^^^^^^
  File "C:\Users\sadik\anaconda3\Lib\site-packages\slowapi\middleware.py", line 128, in dispatch
    return await call_next(request)
           ^^^^^^^^^^^^^^^^^^^^^^^^
  File "C:\Users\sadik\anaconda3\Lib\site-packages\starlette\middleware\base.py", line 168, in call_next
    raise app_exc from app_exc.__cause__ or app_exc.__context__
  File "C:\Users\sadik\anaconda3\Lib\site-packages\starlette\middleware\base.py", line 144, in coro
    await self.app(scope, receive_or_disconnect, send_no_error)
  File "C:\Users\sadik\anaconda3\Lib\site-packages\starlette\middleware\exceptions.py", line 63, in __call__
    await wrap_app_handling_exceptions(self.app, conn)(scope, receive, send)
  File "C:\Users\sadik\anaconda3\Lib\site-packages\starlette\_exception_handler.py", line 53, in wrapped_app
    raise exc
  File "C:\Users\sadik\anaconda3\Lib\site-packages\starlette\_exception_handler.py", line 42, in wrapped_app
    await app(scope, receive, sender)
  File "C:\Users\sadik\anaconda3\Lib\site-packages\fastapi\middleware\asyncexitstack.py", line 18, in __call__
    await self.app(scope, receive, send)
  File "C:\Users\sadik\anaconda3\Lib\site-packages\starlette\routing.py", line 660, in __call__
    await self.middleware_stack(scope, receive, send)
  File "C:\Users\sadik\anaconda3\Lib\site-packages\fastapi\routing.py", line 2531, in app
    await route.handle(scope, receive, send)
  File "C:\Users\sadik\anaconda3\Lib\site-packages\fastapi\routing.py", line 1700, in handle
    await self.original_router.handle(scope, receive, send)
  File "C:\Users\sadik\anaconda3\Lib\site-packages\fastapi\routing.py", line 2586, in handle
    await included_router._handle_selected(scope, receive, send)
  File "C:\Users\sadik\anaconda3\Lib\site-packages\fastapi\routing.py", line 1720, in _handle_selected
    await original_route.handle(scope, receive, send)
  File "C:\Users\sadik\anaconda3\Lib\site-packages\fastapi\routing.py", line 1239, in handle
    await app(scope, receive, send)
  File "C:\Users\sadik\anaconda3\Lib\site-packages\fastapi\routing.py", line 150, in app
    await wrap_app_handling_exceptions(app, request)(scope, receive, send)
  File "C:\Users\sadik\anaconda3\Lib\site-packages\starlette\_exception_handler.py", line 53, in wrapped_app
    raise exc
  File "C:\Users\sadik\anaconda3\Lib\site-packages\starlette\_exception_handler.py", line 42, in wrapped_app
    await app(scope, receive, sender)
  File "C:\Users\sadik\anaconda3\Lib\site-packages\fastapi\routing.py", line 136, in app
    response = await f(request)
               ^^^^^^^^^^^^^^^^
  File "C:\Users\sadik\anaconda3\Lib\site-packages\fastapi\routing.py", line 690, in app
    raw_response = await run_endpoint_function(
                   ^^^^^^^^^^^^^^^^^^^^^^^^^^^^
    ...<3 lines>...
    )
    ^
  File "C:\Users\sadik\anaconda3\Lib\site-packages\fastapi\routing.py", line 346, in run_endpoint_function
    return await run_in_threadpool(dependant.call, **values)
           ^^^^^^^^^^^^^^^^^^^^^^^^^^^^^^^^^^^^^^^^^^^^^^^^^
  File "C:\Users\sadik\anaconda3\Lib\site-packages\starlette\concurrency.py", line 34, in run_in_threadpool
    return await anyio.to_thread.run_sync(func)
           ^^^^^^^^^^^^^^^^^^^^^^^^^^^^^^^^^^^^
  File "C:\Users\sadik\anaconda3\Lib\site-packages\anyio\to_thread.py", line 56, in run_sync
    return await get_async_backend().run_sync_in_worker_thread(
           ^^^^^^^^^^^^^^^^^^^^^^^^^^^^^^^^^^^^^^^^^^^^^^^^^^^^
        func, args, abandon_on_cancel=abandon_on_cancel, limiter=limiter
        ^^^^^^^^^^^^^^^^^^^^^^^^^^^^^^^^^^^^^^^^^^^^^^^^^^^^^^^^^^^^^^^^
    )
    ^
  File "C:\Users\sadik\anaconda3\Lib\site-packages\anyio\_backends\_asyncio.py", line 2476, in run_sync_in_worker_thread
    return await future
           ^^^^^^^^^^^^
  File "C:\Users\sadik\anaconda3\Lib\site-packages\anyio\_backends\_asyncio.py", line 967, in run
    result = context.run(func, *args)
  File "C:\Users\sadik\anaconda3\Lib\site-packages\slowapi\extension.py", line 774, in sync_wrapper
    self._inject_headers(
    ~~~~~~~~~~~~~~~~~~~~^
        kwargs.get("response"),
        ^^^^^^^^^^^^^^^^^^^^^^^
        request.state.view_rate_limit,  # type: ignore
        ^^^^^^^^^^^^^^^^^^^^^^^^^^^^^^^^^^^^^^^^^^^^^^
    )
    ^
  File "C:\Users\sadik\anaconda3\Lib\site-packages\slowapi\extension.py", line 383, in _inject_headers
    raise Exception(
        "parameter `response` must be an instance of starlette.responses.Response"
    )
Exception: parameter `response` must be an instance of starlette.responses.Response
2026-07-02 02:53:24,985 | ERROR    | IP: 127.0.0.1 | User: - | app — Action: Transaction base de données | Résultat: Échec (Erreur DB : 401: Incorrect username or password)
Traceback (most recent call last):
  File "C:\VMs\vbox-zorin-automation\app\database.py", line 22, in get_db
    yield db
  File "C:\Users\sadik\anaconda3\Lib\site-packages\fastapi\concurrency.py", line 29, in contextmanager_in_threadpool
    yield await run_in_threadpool(cm.__enter__)
  File "C:\Users\sadik\anaconda3\Lib\site-packages\fastapi\routing.py", line 136, in app
    response = await f(request)
               ^^^^^^^^^^^^^^^^
  File "C:\Users\sadik\anaconda3\Lib\site-packages\fastapi\routing.py", line 690, in app
    raw_response = await run_endpoint_function(
                   ^^^^^^^^^^^^^^^^^^^^^^^^^^^^
    ...<3 lines>...
    )
    ^
  File "C:\Users\sadik\anaconda3\Lib\site-packages\fastapi\routing.py", line 346, in run_endpoint_function
    return await run_in_threadpool(dependant.call, **values)
           ^^^^^^^^^^^^^^^^^^^^^^^^^^^^^^^^^^^^^^^^^^^^^^^^^
  File "C:\Users\sadik\anaconda3\Lib\site-packages\starlette\concurrency.py", line 34, in run_in_threadpool
    return await anyio.to_thread.run_sync(func)
           ^^^^^^^^^^^^^^^^^^^^^^^^^^^^^^^^^^^^
  File "C:\Users\sadik\anaconda3\Lib\site-packages\anyio\to_thread.py", line 56, in run_sync
    return await get_async_backend().run_sync_in_worker_thread(
           ^^^^^^^^^^^^^^^^^^^^^^^^^^^^^^^^^^^^^^^^^^^^^^^^^^^^
        func, args, abandon_on_cancel=abandon_on_cancel, limiter=limiter
        ^^^^^^^^^^^^^^^^^^^^^^^^^^^^^^^^^^^^^^^^^^^^^^^^^^^^^^^^^^^^^^^^
    )
    ^
  File "C:\Users\sadik\anaconda3\Lib\site-packages\anyio\_backends\_asyncio.py", line 2476, in run_sync_in_worker_thread
    return await future
           ^^^^^^^^^^^^
  File "C:\Users\sadik\anaconda3\Lib\site-packages\anyio\_backends\_asyncio.py", line 967, in run
    result = context.run(func, *args)
  File "C:\Users\sadik\anaconda3\Lib\site-packages\slowapi\extension.py", line 770, in sync_wrapper
    response = func(*args, **kwargs)
  File "C:\VMs\vbox-zorin-automation\app\routers\auth.py", line 139, in login
    raise HTTPException(
    ...<3 lines>...
    )
fastapi.exceptions.HTTPException: 401: Incorrect username or password
2026-07-02 02:56:56,025 | ERROR    | IP: 127.0.0.1 | User: - | app — Action: Transaction base de données | Résultat: Échec (Erreur DB : 401: Incorrect username or password)
Traceback (most recent call last):
  File "C:\VMs\vbox-zorin-automation\app\database.py", line 22, in get_db
    yield db
  File "C:\Users\sadik\anaconda3\Lib\site-packages\fastapi\concurrency.py", line 29, in contextmanager_in_threadpool
    yield await run_in_threadpool(cm.__enter__)
  File "C:\Users\sadik\anaconda3\Lib\site-packages\fastapi\routing.py", line 136, in app
    response = await f(request)
               ^^^^^^^^^^^^^^^^
  File "C:\Users\sadik\anaconda3\Lib\site-packages\fastapi\routing.py", line 690, in app
    raw_response = await run_endpoint_function(
                   ^^^^^^^^^^^^^^^^^^^^^^^^^^^^
    ...<3 lines>...
    )
    ^
  File "C:\Users\sadik\anaconda3\Lib\site-packages\fastapi\routing.py", line 346, in run_endpoint_function
    return await run_in_threadpool(dependant.call, **values)
           ^^^^^^^^^^^^^^^^^^^^^^^^^^^^^^^^^^^^^^^^^^^^^^^^^
  File "C:\Users\sadik\anaconda3\Lib\site-packages\starlette\concurrency.py", line 34, in run_in_threadpool
    return await anyio.to_thread.run_sync(func)
           ^^^^^^^^^^^^^^^^^^^^^^^^^^^^^^^^^^^^
  File "C:\Users\sadik\anaconda3\Lib\site-packages\anyio\to_thread.py", line 56, in run_sync
    return await get_async_backend().run_sync_in_worker_thread(
           ^^^^^^^^^^^^^^^^^^^^^^^^^^^^^^^^^^^^^^^^^^^^^^^^^^^^
        func, args, abandon_on_cancel=abandon_on_cancel, limiter=limiter
        ^^^^^^^^^^^^^^^^^^^^^^^^^^^^^^^^^^^^^^^^^^^^^^^^^^^^^^^^^^^^^^^^
    )
    ^
  File "C:\Users\sadik\anaconda3\Lib\site-packages\anyio\_backends\_asyncio.py", line 2476, in run_sync_in_worker_thread
    return await future
           ^^^^^^^^^^^^
  File "C:\Users\sadik\anaconda3\Lib\site-packages\anyio\_backends\_asyncio.py", line 967, in run
    result = context.run(func, *args)
  File "C:\Users\sadik\anaconda3\Lib\site-packages\slowapi\extension.py", line 770, in sync_wrapper
    response = func(*args, **kwargs)
  File "C:\VMs\vbox-zorin-automation\app\routers\auth.py", line 139, in login
    raise HTTPException(
    ...<3 lines>...
    )
fastapi.exceptions.HTTPException: 401: Incorrect username or password
2026-07-02 03:28:42,051 | ERROR    | IP: 127.0.0.1 | User: sadikisadiki | app — Action: Transaction base de données | Résultat: Échec (Erreur DB : There is no current event loop in thread 'AnyIO worker thread'.)
Traceback (most recent call last):
  File "C:\VMs\vbox-zorin-automation\app\database.py", line 22, in get_db
    yield db
  File "C:\Users\sadik\anaconda3\Lib\site-packages\fastapi\concurrency.py", line 29, in contextmanager_in_threadpool
    yield await run_in_threadpool(cm.__enter__)
  File "C:\Users\sadik\anaconda3\Lib\site-packages\fastapi\routing.py", line 136, in app
    response = await f(request)
               ^^^^^^^^^^^^^^^^
  File "C:\Users\sadik\anaconda3\Lib\site-packages\fastapi\routing.py", line 690, in app
    raw_response = await run_endpoint_function(
                   ^^^^^^^^^^^^^^^^^^^^^^^^^^^^
    ...<3 lines>...
    )
    ^
  File "C:\Users\sadik\anaconda3\Lib\site-packages\fastapi\routing.py", line 346, in run_endpoint_function
    return await run_in_threadpool(dependant.call, **values)
           ^^^^^^^^^^^^^^^^^^^^^^^^^^^^^^^^^^^^^^^^^^^^^^^^^
  File "C:\Users\sadik\anaconda3\Lib\site-packages\starlette\concurrency.py", line 34, in run_in_threadpool
    return await anyio.to_thread.run_sync(func)
           ^^^^^^^^^^^^^^^^^^^^^^^^^^^^^^^^^^^^
  File "C:\Users\sadik\anaconda3\Lib\site-packages\anyio\to_thread.py", line 56, in run_sync
    return await get_async_backend().run_sync_in_worker_thread(
           ^^^^^^^^^^^^^^^^^^^^^^^^^^^^^^^^^^^^^^^^^^^^^^^^^^^^
        func, args, abandon_on_cancel=abandon_on_cancel, limiter=limiter
        ^^^^^^^^^^^^^^^^^^^^^^^^^^^^^^^^^^^^^^^^^^^^^^^^^^^^^^^^^^^^^^^^
    )
    ^
  File "C:\Users\sadik\anaconda3\Lib\site-packages\anyio\_backends\_asyncio.py", line 2476, in run_sync_in_worker_thread
    return await future
           ^^^^^^^^^^^^
  File "C:\Users\sadik\anaconda3\Lib\site-packages\anyio\_backends\_asyncio.py", line 967, in run
    result = context.run(func, *args)
  File "C:\VMs\vbox-zorin-automation\app\routers\vms.py", line 266, in create_vm
    asyncio.ensure_future(manager.broadcast_admins({"event": "VM_CREATED", "data": {"id": vm.id, "name": vm.name, "owner": current_user.username}}))
    ~~~~~~~~~~~~~~~~~~~~~^^^^^^^^^^^^^^^^^^^^^^^^^^^^^^^^^^^^^^^^^^^^^^^^^^^^^^^^^^^^^^^^^^^^^^^^^^^^^^^^^^^^^^^^^^^^^^^^^^^^^^^^^^^^^^^^^^^^^^^^^^^
  File "C:\Users\sadik\anaconda3\Lib\asyncio\tasks.py", line 746, in ensure_future
    loop = events.get_event_loop()
  File "C:\Users\sadik\anaconda3\Lib\asyncio\events.py", line 716, in get_event_loop
    raise RuntimeError('There is no current event loop in thread %r.'
                       % threading.current_thread().name)
RuntimeError: There is no current event loop in thread 'AnyIO worker thread'.
2026-07-02 03:28:42,152 | ERROR    | IP: 127.0.0.1 | User: - | app — Action: Traitement de la requête a échoué (Exception non gérée) | Résultat: There is no current event loop in thread 'AnyIO worker thread'.
  + Exception Group Traceback (most recent call last):
  |   File "C:\Users\sadik\anaconda3\Lib\site-packages\starlette\_utils.py", line 85, in create_collapsing_task_group
  |     async with anyio.create_task_group() as tg:
  |                ~~~~~~~~~~~~~~~~~~~~~~~^^
  |   File "C:\Users\sadik\anaconda3\Lib\site-packages\anyio\_backends\_asyncio.py", line 772, in __aexit__
  |     raise BaseExceptionGroup(
  |         "unhandled errors in a TaskGroup", self._exceptions
  |     ) from None
  | ExceptionGroup: unhandled errors in a TaskGroup (1 sub-exception)
  +-+---------------- 1 ----------------
    | Traceback (most recent call last):
    |   File "C:\Users\sadik\anaconda3\Lib\site-packages\starlette\middleware\errors.py", line 164, in __call__
    |     await self.app(scope, receive, _send)
    |   File "C:\Users\sadik\anaconda3\Lib\site-packages\starlette\middleware\cors.py", line 96, in __call__
    |     await self.simple_response(scope, receive, send, request_headers=headers)
    |   File "C:\Users\sadik\anaconda3\Lib\site-packages\starlette\middleware\cors.py", line 154, in simple_response
    |     await self.app(scope, receive, send)
    |   File "C:\Users\sadik\anaconda3\Lib\site-packages\starlette\middleware\base.py", line 193, in __call__
    |     response = await self.dispatch_func(request, call_next)
    |                ^^^^^^^^^^^^^^^^^^^^^^^^^^^^^^^^^^^^^^^^^^^^
    |   File "C:\VMs\vbox-zorin-automation\app\main.py", line 102, in log_ip_middleware
    |     response = await call_next(request)
    |                ^^^^^^^^^^^^^^^^^^^^^^^^
    |   File "C:\Users\sadik\anaconda3\Lib\site-packages\starlette\middleware\base.py", line 168, in call_next
    |     raise app_exc from app_exc.__cause__ or app_exc.__context__
    |   File "C:\Users\sadik\anaconda3\Lib\site-packages\starlette\middleware\base.py", line 144, in coro
    |     await self.app(scope, receive_or_disconnect, send_no_error)
    |   File "C:\Users\sadik\anaconda3\Lib\site-packages\starlette\middleware\base.py", line 193, in __call__
    |     response = await self.dispatch_func(request, call_next)
    |                ^^^^^^^^^^^^^^^^^^^^^^^^^^^^^^^^^^^^^^^^^^^^
    |   File "C:\Users\sadik\anaconda3\Lib\site-packages\slowapi\middleware.py", line 128, in dispatch
    |     return await call_next(request)
    |            ^^^^^^^^^^^^^^^^^^^^^^^^
    |   File "C:\Users\sadik\anaconda3\Lib\site-packages\starlette\middleware\base.py", line 168, in call_next
    |     raise app_exc from app_exc.__cause__ or app_exc.__context__
    |   File "C:\Users\sadik\anaconda3\Lib\site-packages\starlette\middleware\base.py", line 144, in coro
    |     await self.app(scope, receive_or_disconnect, send_no_error)
    |   File "C:\Users\sadik\anaconda3\Lib\site-packages\starlette\middleware\exceptions.py", line 63, in __call__
    |     await wrap_app_handling_exceptions(self.app, conn)(scope, receive, send)
    |   File "C:\Users\sadik\anaconda3\Lib\site-packages\starlette\_exception_handler.py", line 53, in wrapped_app
    |     raise exc
    |   File "C:\Users\sadik\anaconda3\Lib\site-packages\starlette\_exception_handler.py", line 42, in wrapped_app
    |     await app(scope, receive, sender)
    |   File "C:\Users\sadik\anaconda3\Lib\site-packages\fastapi\middleware\asyncexitstack.py", line 18, in __call__
    |     await self.app(scope, receive, send)
    |   File "C:\Users\sadik\anaconda3\Lib\site-packages\starlette\routing.py", line 660, in __call__
    |     await self.middleware_stack(scope, receive, send)
    |   File "C:\Users\sadik\anaconda3\Lib\site-packages\fastapi\routing.py", line 2531, in app
    |     await route.handle(scope, receive, send)
    |   File "C:\Users\sadik\anaconda3\Lib\site-packages\fastapi\routing.py", line 1700, in handle
    |     await self.original_router.handle(scope, receive, send)
    |   File "C:\Users\sadik\anaconda3\Lib\site-packages\fastapi\routing.py", line 2586, in handle
    |     await included_router._handle_selected(scope, receive, send)
    |   File "C:\Users\sadik\anaconda3\Lib\site-packages\fastapi\routing.py", line 1720, in _handle_selected
    |     await original_route.handle(scope, receive, send)
    |   File "C:\Users\sadik\anaconda3\Lib\site-packages\fastapi\routing.py", line 1239, in handle
    |     await app(scope, receive, send)
    |   File "C:\Users\sadik\anaconda3\Lib\site-packages\fastapi\routing.py", line 150, in app
    |     await wrap_app_handling_exceptions(app, request)(scope, receive, send)
    |   File "C:\Users\sadik\anaconda3\Lib\site-packages\starlette\_exception_handler.py", line 53, in wrapped_app
    |     raise exc
    |   File "C:\Users\sadik\anaconda3\Lib\site-packages\starlette\_exception_handler.py", line 42, in wrapped_app
    |     await app(scope, receive, sender)
    |   File "C:\Users\sadik\anaconda3\Lib\site-packages\fastapi\routing.py", line 136, in app
    |     response = await f(request)
    |                ^^^^^^^^^^^^^^^^
    |   File "C:\Users\sadik\anaconda3\Lib\site-packages\fastapi\routing.py", line 690, in app
    |     raw_response = await run_endpoint_function(
    |                    ^^^^^^^^^^^^^^^^^^^^^^^^^^^^
    |     ...<3 lines>...
    |     )
    |     ^
    |   File "C:\Users\sadik\anaconda3\Lib\site-packages\fastapi\routing.py", line 346, in run_endpoint_function
    |     return await run_in_threadpool(dependant.call, **values)
    |            ^^^^^^^^^^^^^^^^^^^^^^^^^^^^^^^^^^^^^^^^^^^^^^^^^
    |   File "C:\Users\sadik\anaconda3\Lib\site-packages\starlette\concurrency.py", line 34, in run_in_threadpool
    |     return await anyio.to_thread.run_sync(func)
    |            ^^^^^^^^^^^^^^^^^^^^^^^^^^^^^^^^^^^^
    |   File "C:\Users\sadik\anaconda3\Lib\site-packages\anyio\to_thread.py", line 56, in run_sync
    |     return await get_async_backend().run_sync_in_worker_thread(
    |            ^^^^^^^^^^^^^^^^^^^^^^^^^^^^^^^^^^^^^^^^^^^^^^^^^^^^
    |         func, args, abandon_on_cancel=abandon_on_cancel, limiter=limiter
    |         ^^^^^^^^^^^^^^^^^^^^^^^^^^^^^^^^^^^^^^^^^^^^^^^^^^^^^^^^^^^^^^^^
    |     )
    |     ^
    |   File "C:\Users\sadik\anaconda3\Lib\site-packages\anyio\_backends\_asyncio.py", line 2476, in run_sync_in_worker_thread
    |     return await future
    |            ^^^^^^^^^^^^
    |   File "C:\Users\sadik\anaconda3\Lib\site-packages\anyio\_backends\_asyncio.py", line 967, in run
    |     result = context.run(func, *args)
    |   File "C:\VMs\vbox-zorin-automation\app\routers\vms.py", line 266, in create_vm
    |     asyncio.ensure_future(manager.broadcast_admins({"event": "VM_CREATED", "data": {"id": vm.id, "name": vm.name, "owner": current_user.username}}))
    |     ~~~~~~~~~~~~~~~~~~~~~^^^^^^^^^^^^^^^^^^^^^^^^^^^^^^^^^^^^^^^^^^^^^^^^^^^^^^^^^^^^^^^^^^^^^^^^^^^^^^^^^^^^^^^^^^^^^^^^^^^^^^^^^^^^^^^^^^^^^^^^^^^
    |   File "C:\Users\sadik\anaconda3\Lib\asyncio\tasks.py", line 746, in ensure_future
    |     loop = events.get_event_loop()
    |   File "C:\Users\sadik\anaconda3\Lib\asyncio\events.py", line 716, in get_event_loop
    |     raise RuntimeError('There is no current event loop in thread %r.'
    |                        % threading.current_thread().name)
    | RuntimeError: There is no current event loop in thread 'AnyIO worker thread'.
    +------------------------------------

The above exception was the direct cause of the following exception:

Traceback (most recent call last):
  File "C:\Users\sadik\anaconda3\Lib\site-packages\starlette\middleware\errors.py", line 164, in __call__
    await self.app(scope, receive, _send)
  File "C:\Users\sadik\anaconda3\Lib\site-packages\starlette\middleware\cors.py", line 96, in __call__
    await self.simple_response(scope, receive, send, request_headers=headers)
  File "C:\Users\sadik\anaconda3\Lib\site-packages\starlette\middleware\cors.py", line 154, in simple_response
    await self.app(scope, receive, send)
  File "C:\Users\sadik\anaconda3\Lib\site-packages\starlette\middleware\base.py", line 193, in __call__
    response = await self.dispatch_func(request, call_next)
               ^^^^^^^^^^^^^^^^^^^^^^^^^^^^^^^^^^^^^^^^^^^^
  File "C:\VMs\vbox-zorin-automation\app\main.py", line 102, in log_ip_middleware
    response = await call_next(request)
               ^^^^^^^^^^^^^^^^^^^^^^^^
  File "C:\Users\sadik\anaconda3\Lib\site-packages\starlette\middleware\base.py", line 168, in call_next
    raise app_exc from app_exc.__cause__ or app_exc.__context__
  File "C:\Users\sadik\anaconda3\Lib\site-packages\starlette\middleware\base.py", line 144, in coro
    await self.app(scope, receive_or_disconnect, send_no_error)
  File "C:\Users\sadik\anaconda3\Lib\site-packages\starlette\middleware\base.py", line 193, in __call__
    response = await self.dispatch_func(request, call_next)
               ^^^^^^^^^^^^^^^^^^^^^^^^^^^^^^^^^^^^^^^^^^^^
  File "C:\Users\sadik\anaconda3\Lib\site-packages\slowapi\middleware.py", line 128, in dispatch
    return await call_next(request)
           ^^^^^^^^^^^^^^^^^^^^^^^^
  File "C:\Users\sadik\anaconda3\Lib\site-packages\starlette\middleware\base.py", line 168, in call_next
    raise app_exc from app_exc.__cause__ or app_exc.__context__
  File "C:\Users\sadik\anaconda3\Lib\site-packages\starlette\middleware\base.py", line 144, in coro
    await self.app(scope, receive_or_disconnect, send_no_error)
  File "C:\Users\sadik\anaconda3\Lib\site-packages\starlette\middleware\exceptions.py", line 63, in __call__
    await wrap_app_handling_exceptions(self.app, conn)(scope, receive, send)
  File "C:\Users\sadik\anaconda3\Lib\site-packages\starlette\_exception_handler.py", line 53, in wrapped_app
    raise exc
  File "C:\Users\sadik\anaconda3\Lib\site-packages\starlette\_exception_handler.py", line 42, in wrapped_app
    await app(scope, receive, sender)
  File "C:\Users\sadik\anaconda3\Lib\site-packages\fastapi\middleware\asyncexitstack.py", line 18, in __call__
    await self.app(scope, receive, send)
  File "C:\Users\sadik\anaconda3\Lib\site-packages\starlette\routing.py", line 660, in __call__
    await self.middleware_stack(scope, receive, send)
  File "C:\Users\sadik\anaconda3\Lib\site-packages\fastapi\routing.py", line 2531, in app
    await route.handle(scope, receive, send)
  File "C:\Users\sadik\anaconda3\Lib\site-packages\fastapi\routing.py", line 1700, in handle
    await self.original_router.handle(scope, receive, send)
  File "C:\Users\sadik\anaconda3\Lib\site-packages\fastapi\routing.py", line 2586, in handle
    await included_router._handle_selected(scope, receive, send)
  File "C:\Users\sadik\anaconda3\Lib\site-packages\fastapi\routing.py", line 1720, in _handle_selected
    await original_route.handle(scope, receive, send)
  File "C:\Users\sadik\anaconda3\Lib\site-packages\fastapi\routing.py", line 1239, in handle
    await app(scope, receive, send)
  File "C:\Users\sadik\anaconda3\Lib\site-packages\fastapi\routing.py", line 150, in app
    await wrap_app_handling_exceptions(app, request)(scope, receive, send)
  File "C:\Users\sadik\anaconda3\Lib\site-packages\starlette\_exception_handler.py", line 53, in wrapped_app
    raise exc
  File "C:\Users\sadik\anaconda3\Lib\site-packages\starlette\_exception_handler.py", line 42, in wrapped_app
    await app(scope, receive, sender)
  File "C:\Users\sadik\anaconda3\Lib\site-packages\fastapi\routing.py", line 136, in app
    response = await f(request)
               ^^^^^^^^^^^^^^^^
  File "C:\Users\sadik\anaconda3\Lib\site-packages\fastapi\routing.py", line 690, in app
    raw_response = await run_endpoint_function(
                   ^^^^^^^^^^^^^^^^^^^^^^^^^^^^
    ...<3 lines>...
    )
    ^
  File "C:\Users\sadik\anaconda3\Lib\site-packages\fastapi\routing.py", line 346, in run_endpoint_function
    return await run_in_threadpool(dependant.call, **values)
           ^^^^^^^^^^^^^^^^^^^^^^^^^^^^^^^^^^^^^^^^^^^^^^^^^
  File "C:\Users\sadik\anaconda3\Lib\site-packages\starlette\concurrency.py", line 34, in run_in_threadpool
    return await anyio.to_thread.run_sync(func)
           ^^^^^^^^^^^^^^^^^^^^^^^^^^^^^^^^^^^^
  File "C:\Users\sadik\anaconda3\Lib\site-packages\anyio\to_thread.py", line 56, in run_sync
    return await get_async_backend().run_sync_in_worker_thread(
           ^^^^^^^^^^^^^^^^^^^^^^^^^^^^^^^^^^^^^^^^^^^^^^^^^^^^
        func, args, abandon_on_cancel=abandon_on_cancel, limiter=limiter
        ^^^^^^^^^^^^^^^^^^^^^^^^^^^^^^^^^^^^^^^^^^^^^^^^^^^^^^^^^^^^^^^^
    )
    ^
  File "C:\Users\sadik\anaconda3\Lib\site-packages\anyio\_backends\_asyncio.py", line 2476, in run_sync_in_worker_thread
    return await future
           ^^^^^^^^^^^^
  File "C:\Users\sadik\anaconda3\Lib\site-packages\anyio\_backends\_asyncio.py", line 967, in run
    result = context.run(func, *args)
  File "C:\VMs\vbox-zorin-automation\app\routers\vms.py", line 266, in create_vm
    asyncio.ensure_future(manager.broadcast_admins({"event": "VM_CREATED", "data": {"id": vm.id, "name": vm.name, "owner": current_user.username}}))
    ~~~~~~~~~~~~~~~~~~~~~^^^^^^^^^^^^^^^^^^^^^^^^^^^^^^^^^^^^^^^^^^^^^^^^^^^^^^^^^^^^^^^^^^^^^^^^^^^^^^^^^^^^^^^^^^^^^^^^^^^^^^^^^^^^^^^^^^^^^^^^^^^
  File "C:\Users\sadik\anaconda3\Lib\asyncio\tasks.py", line 746, in ensure_future
    loop = events.get_event_loop()
  File "C:\Users\sadik\anaconda3\Lib\asyncio\events.py", line 716, in get_event_loop
    raise RuntimeError('There is no current event loop in thread %r.'
                       % threading.current_thread().name)
RuntimeError: There is no current event loop in thread 'AnyIO worker thread'.
2026-07-02 03:28:52,864 | ERROR    | IP: 127.0.0.1 | User: sadikisadiki | app — Action: Transaction base de données | Résultat: Échec (Erreur DB : There is no current event loop in thread 'AnyIO worker thread'.)
Traceback (most recent call last):
  File "C:\VMs\vbox-zorin-automation\app\database.py", line 22, in get_db
    yield db
  File "C:\Users\sadik\anaconda3\Lib\site-packages\fastapi\concurrency.py", line 29, in contextmanager_in_threadpool
    yield await run_in_threadpool(cm.__enter__)
  File "C:\Users\sadik\anaconda3\Lib\site-packages\fastapi\routing.py", line 136, in app
    response = await f(request)
               ^^^^^^^^^^^^^^^^
  File "C:\Users\sadik\anaconda3\Lib\site-packages\fastapi\routing.py", line 690, in app
    raw_response = await run_endpoint_function(
                   ^^^^^^^^^^^^^^^^^^^^^^^^^^^^
    ...<3 lines>...
    )
    ^
  File "C:\Users\sadik\anaconda3\Lib\site-packages\fastapi\routing.py", line 346, in run_endpoint_function
    return await run_in_threadpool(dependant.call, **values)
           ^^^^^^^^^^^^^^^^^^^^^^^^^^^^^^^^^^^^^^^^^^^^^^^^^
  File "C:\Users\sadik\anaconda3\Lib\site-packages\starlette\concurrency.py", line 34, in run_in_threadpool
    return await anyio.to_thread.run_sync(func)
           ^^^^^^^^^^^^^^^^^^^^^^^^^^^^^^^^^^^^
  File "C:\Users\sadik\anaconda3\Lib\site-packages\anyio\to_thread.py", line 56, in run_sync
    return await get_async_backend().run_sync_in_worker_thread(
           ^^^^^^^^^^^^^^^^^^^^^^^^^^^^^^^^^^^^^^^^^^^^^^^^^^^^
        func, args, abandon_on_cancel=abandon_on_cancel, limiter=limiter
        ^^^^^^^^^^^^^^^^^^^^^^^^^^^^^^^^^^^^^^^^^^^^^^^^^^^^^^^^^^^^^^^^
    )
    ^
  File "C:\Users\sadik\anaconda3\Lib\site-packages\anyio\_backends\_asyncio.py", line 2476, in run_sync_in_worker_thread
    return await future
           ^^^^^^^^^^^^
  File "C:\Users\sadik\anaconda3\Lib\site-packages\anyio\_backends\_asyncio.py", line 967, in run
    result = context.run(func, *args)
  File "C:\VMs\vbox-zorin-automation\app\routers\vms.py", line 266, in create_vm
    asyncio.ensure_future(manager.broadcast_admins({"event": "VM_CREATED", "data": {"id": vm.id, "name": vm.name, "owner": current_user.username}}))
    ~~~~~~~~~~~~~~~~~~~~~^^^^^^^^^^^^^^^^^^^^^^^^^^^^^^^^^^^^^^^^^^^^^^^^^^^^^^^^^^^^^^^^^^^^^^^^^^^^^^^^^^^^^^^^^^^^^^^^^^^^^^^^^^^^^^^^^^^^^^^^^^^
  File "C:\Users\sadik\anaconda3\Lib\asyncio\tasks.py", line 746, in ensure_future
    loop = events.get_event_loop()
  File "C:\Users\sadik\anaconda3\Lib\asyncio\events.py", line 716, in get_event_loop
    raise RuntimeError('There is no current event loop in thread %r.'
                       % threading.current_thread().name)
RuntimeError: There is no current event loop in thread 'AnyIO worker thread'.
2026-07-02 03:28:52,924 | ERROR    | IP: 127.0.0.1 | User: - | app — Action: Traitement de la requête a échoué (Exception non gérée) | Résultat: There is no current event loop in thread 'AnyIO worker thread'.
  + Exception Group Traceback (most recent call last):
  |   File "C:\Users\sadik\anaconda3\Lib\site-packages\starlette\_utils.py", line 85, in create_collapsing_task_group
  |     async with anyio.create_task_group() as tg:
  |                ~~~~~~~~~~~~~~~~~~~~~~~^^
  |   File "C:\Users\sadik\anaconda3\Lib\site-packages\anyio\_backends\_asyncio.py", line 772, in __aexit__
  |     raise BaseExceptionGroup(
  |         "unhandled errors in a TaskGroup", self._exceptions
  |     ) from None
  | ExceptionGroup: unhandled errors in a TaskGroup (1 sub-exception)
  +-+---------------- 1 ----------------
    | Traceback (most recent call last):
    |   File "C:\Users\sadik\anaconda3\Lib\site-packages\starlette\middleware\errors.py", line 164, in __call__
    |     await self.app(scope, receive, _send)
    |   File "C:\Users\sadik\anaconda3\Lib\site-packages\starlette\middleware\cors.py", line 96, in __call__
    |     await self.simple_response(scope, receive, send, request_headers=headers)
    |   File "C:\Users\sadik\anaconda3\Lib\site-packages\starlette\middleware\cors.py", line 154, in simple_response
    |     await self.app(scope, receive, send)
    |   File "C:\Users\sadik\anaconda3\Lib\site-packages\starlette\middleware\base.py", line 193, in __call__
    |     response = await self.dispatch_func(request, call_next)
    |                ^^^^^^^^^^^^^^^^^^^^^^^^^^^^^^^^^^^^^^^^^^^^
    |   File "C:\VMs\vbox-zorin-automation\app\main.py", line 102, in log_ip_middleware
    |     response = await call_next(request)
    |                ^^^^^^^^^^^^^^^^^^^^^^^^
    |   File "C:\Users\sadik\anaconda3\Lib\site-packages\starlette\middleware\base.py", line 168, in call_next
    |     raise app_exc from app_exc.__cause__ or app_exc.__context__
    |   File "C:\Users\sadik\anaconda3\Lib\site-packages\starlette\middleware\base.py", line 144, in coro
    |     await self.app(scope, receive_or_disconnect, send_no_error)
    |   File "C:\Users\sadik\anaconda3\Lib\site-packages\starlette\middleware\base.py", line 193, in __call__
    |     response = await self.dispatch_func(request, call_next)
    |                ^^^^^^^^^^^^^^^^^^^^^^^^^^^^^^^^^^^^^^^^^^^^
    |   File "C:\Users\sadik\anaconda3\Lib\site-packages\slowapi\middleware.py", line 128, in dispatch
    |     return await call_next(request)
    |            ^^^^^^^^^^^^^^^^^^^^^^^^
    |   File "C:\Users\sadik\anaconda3\Lib\site-packages\starlette\middleware\base.py", line 168, in call_next
    |     raise app_exc from app_exc.__cause__ or app_exc.__context__
    |   File "C:\Users\sadik\anaconda3\Lib\site-packages\starlette\middleware\base.py", line 144, in coro
    |     await self.app(scope, receive_or_disconnect, send_no_error)
    |   File "C:\Users\sadik\anaconda3\Lib\site-packages\starlette\middleware\exceptions.py", line 63, in __call__
    |     await wrap_app_handling_exceptions(self.app, conn)(scope, receive, send)
    |   File "C:\Users\sadik\anaconda3\Lib\site-packages\starlette\_exception_handler.py", line 53, in wrapped_app
    |     raise exc
    |   File "C:\Users\sadik\anaconda3\Lib\site-packages\starlette\_exception_handler.py", line 42, in wrapped_app
    |     await app(scope, receive, sender)
    |   File "C:\Users\sadik\anaconda3\Lib\site-packages\fastapi\middleware\asyncexitstack.py", line 18, in __call__
    |     await self.app(scope, receive, send)
    |   File "C:\Users\sadik\anaconda3\Lib\site-packages\starlette\routing.py", line 660, in __call__
    |     await self.middleware_stack(scope, receive, send)
    |   File "C:\Users\sadik\anaconda3\Lib\site-packages\fastapi\routing.py", line 2531, in app
    |     await route.handle(scope, receive, send)
    |   File "C:\Users\sadik\anaconda3\Lib\site-packages\fastapi\routing.py", line 1700, in handle
    |     await self.original_router.handle(scope, receive, send)
    |   File "C:\Users\sadik\anaconda3\Lib\site-packages\fastapi\routing.py", line 2586, in handle
    |     await included_router._handle_selected(scope, receive, send)
    |   File "C:\Users\sadik\anaconda3\Lib\site-packages\fastapi\routing.py", line 1720, in _handle_selected
    |     await original_route.handle(scope, receive, send)
    |   File "C:\Users\sadik\anaconda3\Lib\site-packages\fastapi\routing.py", line 1239, in handle
    |     await app(scope, receive, send)
    |   File "C:\Users\sadik\anaconda3\Lib\site-packages\fastapi\routing.py", line 150, in app
    |     await wrap_app_handling_exceptions(app, request)(scope, receive, send)
    |   File "C:\Users\sadik\anaconda3\Lib\site-packages\starlette\_exception_handler.py", line 53, in wrapped_app
    |     raise exc
    |   File "C:\Users\sadik\anaconda3\Lib\site-packages\starlette\_exception_handler.py", line 42, in wrapped_app
    |     await app(scope, receive, sender)
    |   File "C:\Users\sadik\anaconda3\Lib\site-packages\fastapi\routing.py", line 136, in app
    |     response = await f(request)
    |                ^^^^^^^^^^^^^^^^
    |   File "C:\Users\sadik\anaconda3\Lib\site-packages\fastapi\routing.py", line 690, in app
    |     raw_response = await run_endpoint_function(
    |                    ^^^^^^^^^^^^^^^^^^^^^^^^^^^^
    |     ...<3 lines>...
    |     )
    |     ^
    |   File "C:\Users\sadik\anaconda3\Lib\site-packages\fastapi\routing.py", line 346, in run_endpoint_function
    |     return await run_in_threadpool(dependant.call, **values)
    |            ^^^^^^^^^^^^^^^^^^^^^^^^^^^^^^^^^^^^^^^^^^^^^^^^^
    |   File "C:\Users\sadik\anaconda3\Lib\site-packages\starlette\concurrency.py", line 34, in run_in_threadpool
    |     return await anyio.to_thread.run_sync(func)
    |            ^^^^^^^^^^^^^^^^^^^^^^^^^^^^^^^^^^^^
    |   File "C:\Users\sadik\anaconda3\Lib\site-packages\anyio\to_thread.py", line 56, in run_sync
    |     return await get_async_backend().run_sync_in_worker_thread(
    |            ^^^^^^^^^^^^^^^^^^^^^^^^^^^^^^^^^^^^^^^^^^^^^^^^^^^^
    |         func, args, abandon_on_cancel=abandon_on_cancel, limiter=limiter
    |         ^^^^^^^^^^^^^^^^^^^^^^^^^^^^^^^^^^^^^^^^^^^^^^^^^^^^^^^^^^^^^^^^
    |     )
    |     ^
    |   File "C:\Users\sadik\anaconda3\Lib\site-packages\anyio\_backends\_asyncio.py", line 2476, in run_sync_in_worker_thread
    |     return await future
    |            ^^^^^^^^^^^^
    |   File "C:\Users\sadik\anaconda3\Lib\site-packages\anyio\_backends\_asyncio.py", line 967, in run
    |     result = context.run(func, *args)
    |   File "C:\VMs\vbox-zorin-automation\app\routers\vms.py", line 266, in create_vm
    |     asyncio.ensure_future(manager.broadcast_admins({"event": "VM_CREATED", "data": {"id": vm.id, "name": vm.name, "owner": current_user.username}}))
    |     ~~~~~~~~~~~~~~~~~~~~~^^^^^^^^^^^^^^^^^^^^^^^^^^^^^^^^^^^^^^^^^^^^^^^^^^^^^^^^^^^^^^^^^^^^^^^^^^^^^^^^^^^^^^^^^^^^^^^^^^^^^^^^^^^^^^^^^^^^^^^^^^^
    |   File "C:\Users\sadik\anaconda3\Lib\asyncio\tasks.py", line 746, in ensure_future
    |     loop = events.get_event_loop()
    |   File "C:\Users\sadik\anaconda3\Lib\asyncio\events.py", line 716, in get_event_loop
    |     raise RuntimeError('There is no current event loop in thread %r.'
    |                        % threading.current_thread().name)
    | RuntimeError: There is no current event loop in thread 'AnyIO worker thread'.
    +------------------------------------

The above exception was the direct cause of the following exception:

Traceback (most recent call last):
  File "C:\Users\sadik\anaconda3\Lib\site-packages\starlette\middleware\errors.py", line 164, in __call__
    await self.app(scope, receive, _send)
  File "C:\Users\sadik\anaconda3\Lib\site-packages\starlette\middleware\cors.py", line 96, in __call__
    await self.simple_response(scope, receive, send, request_headers=headers)
  File "C:\Users\sadik\anaconda3\Lib\site-packages\starlette\middleware\cors.py", line 154, in simple_response
    await self.app(scope, receive, send)
  File "C:\Users\sadik\anaconda3\Lib\site-packages\starlette\middleware\base.py", line 193, in __call__
    response = await self.dispatch_func(request, call_next)
               ^^^^^^^^^^^^^^^^^^^^^^^^^^^^^^^^^^^^^^^^^^^^
  File "C:\VMs\vbox-zorin-automation\app\main.py", line 102, in log_ip_middleware
    response = await call_next(request)
               ^^^^^^^^^^^^^^^^^^^^^^^^
  File "C:\Users\sadik\anaconda3\Lib\site-packages\starlette\middleware\base.py", line 168, in call_next
    raise app_exc from app_exc.__cause__ or app_exc.__context__
  File "C:\Users\sadik\anaconda3\Lib\site-packages\starlette\middleware\base.py", line 144, in coro
    await self.app(scope, receive_or_disconnect, send_no_error)
  File "C:\Users\sadik\anaconda3\Lib\site-packages\starlette\middleware\base.py", line 193, in __call__
    response = await self.dispatch_func(request, call_next)
               ^^^^^^^^^^^^^^^^^^^^^^^^^^^^^^^^^^^^^^^^^^^^
  File "C:\Users\sadik\anaconda3\Lib\site-packages\slowapi\middleware.py", line 128, in dispatch
    return await call_next(request)
           ^^^^^^^^^^^^^^^^^^^^^^^^
  File "C:\Users\sadik\anaconda3\Lib\site-packages\starlette\middleware\base.py", line 168, in call_next
    raise app_exc from app_exc.__cause__ or app_exc.__context__
  File "C:\Users\sadik\anaconda3\Lib\site-packages\starlette\middleware\base.py", line 144, in coro
    await self.app(scope, receive_or_disconnect, send_no_error)
  File "C:\Users\sadik\anaconda3\Lib\site-packages\starlette\middleware\exceptions.py", line 63, in __call__
    await wrap_app_handling_exceptions(self.app, conn)(scope, receive, send)
  File "C:\Users\sadik\anaconda3\Lib\site-packages\starlette\_exception_handler.py", line 53, in wrapped_app
    raise exc
  File "C:\Users\sadik\anaconda3\Lib\site-packages\starlette\_exception_handler.py", line 42, in wrapped_app
    await app(scope, receive, sender)
  File "C:\Users\sadik\anaconda3\Lib\site-packages\fastapi\middleware\asyncexitstack.py", line 18, in __call__
    await self.app(scope, receive, send)
  File "C:\Users\sadik\anaconda3\Lib\site-packages\starlette\routing.py", line 660, in __call__
    await self.middleware_stack(scope, receive, send)
  File "C:\Users\sadik\anaconda3\Lib\site-packages\fastapi\routing.py", line 2531, in app
    await route.handle(scope, receive, send)
  File "C:\Users\sadik\anaconda3\Lib\site-packages\fastapi\routing.py", line 1700, in handle
    await self.original_router.handle(scope, receive, send)
  File "C:\Users\sadik\anaconda3\Lib\site-packages\fastapi\routing.py", line 2586, in handle
    await included_router._handle_selected(scope, receive, send)
  File "C:\Users\sadik\anaconda3\Lib\site-packages\fastapi\routing.py", line 1720, in _handle_selected
    await original_route.handle(scope, receive, send)
  File "C:\Users\sadik\anaconda3\Lib\site-packages\fastapi\routing.py", line 1239, in handle
    await app(scope, receive, send)
  File "C:\Users\sadik\anaconda3\Lib\site-packages\fastapi\routing.py", line 150, in app
    await wrap_app_handling_exceptions(app, request)(scope, receive, send)
  File "C:\Users\sadik\anaconda3\Lib\site-packages\starlette\_exception_handler.py", line 53, in wrapped_app
    raise exc
  File "C:\Users\sadik\anaconda3\Lib\site-packages\starlette\_exception_handler.py", line 42, in wrapped_app
    await app(scope, receive, sender)
  File "C:\Users\sadik\anaconda3\Lib\site-packages\fastapi\routing.py", line 136, in app
    response = await f(request)
               ^^^^^^^^^^^^^^^^
  File "C:\Users\sadik\anaconda3\Lib\site-packages\fastapi\routing.py", line 690, in app
    raw_response = await run_endpoint_function(
                   ^^^^^^^^^^^^^^^^^^^^^^^^^^^^
    ...<3 lines>...
    )
    ^
  File "C:\Users\sadik\anaconda3\Lib\site-packages\fastapi\routing.py", line 346, in run_endpoint_function
    return await run_in_threadpool(dependant.call, **values)
           ^^^^^^^^^^^^^^^^^^^^^^^^^^^^^^^^^^^^^^^^^^^^^^^^^
  File "C:\Users\sadik\anaconda3\Lib\site-packages\starlette\concurrency.py", line 34, in run_in_threadpool
    return await anyio.to_thread.run_sync(func)
           ^^^^^^^^^^^^^^^^^^^^^^^^^^^^^^^^^^^^
  File "C:\Users\sadik\anaconda3\Lib\site-packages\anyio\to_thread.py", line 56, in run_sync
    return await get_async_backend().run_sync_in_worker_thread(
           ^^^^^^^^^^^^^^^^^^^^^^^^^^^^^^^^^^^^^^^^^^^^^^^^^^^^
        func, args, abandon_on_cancel=abandon_on_cancel, limiter=limiter
        ^^^^^^^^^^^^^^^^^^^^^^^^^^^^^^^^^^^^^^^^^^^^^^^^^^^^^^^^^^^^^^^^
    )
    ^
  File "C:\Users\sadik\anaconda3\Lib\site-packages\anyio\_backends\_asyncio.py", line 2476, in run_sync_in_worker_thread
    return await future
           ^^^^^^^^^^^^
  File "C:\Users\sadik\anaconda3\Lib\site-packages\anyio\_backends\_asyncio.py", line 967, in run
    result = context.run(func, *args)
  File "C:\VMs\vbox-zorin-automation\app\routers\vms.py", line 266, in create_vm
    asyncio.ensure_future(manager.broadcast_admins({"event": "VM_CREATED", "data": {"id": vm.id, "name": vm.name, "owner": current_user.username}}))
    ~~~~~~~~~~~~~~~~~~~~~^^^^^^^^^^^^^^^^^^^^^^^^^^^^^^^^^^^^^^^^^^^^^^^^^^^^^^^^^^^^^^^^^^^^^^^^^^^^^^^^^^^^^^^^^^^^^^^^^^^^^^^^^^^^^^^^^^^^^^^^^^^
  File "C:\Users\sadik\anaconda3\Lib\asyncio\tasks.py", line 746, in ensure_future
    loop = events.get_event_loop()
  File "C:\Users\sadik\anaconda3\Lib\asyncio\events.py", line 716, in get_event_loop
    raise RuntimeError('There is no current event loop in thread %r.'
                       % threading.current_thread().name)
RuntimeError: There is no current event loop in thread 'AnyIO worker thread'.
2026-07-02 03:38:20,485 | ERROR    | IP: 127.0.0.1 | User: admin | app — Action: Transaction base de données | Résultat: Échec (Erreur DB : 403: Not your VM)
Traceback (most recent call last):
  File "C:\VMs\vbox-zorin-automation\app\database.py", line 22, in get_db
    yield db
  File "C:\Users\sadik\anaconda3\Lib\site-packages\fastapi\concurrency.py", line 29, in contextmanager_in_threadpool
    yield await run_in_threadpool(cm.__enter__)
  File "C:\Users\sadik\anaconda3\Lib\site-packages\fastapi\routing.py", line 136, in app
    response = await f(request)
               ^^^^^^^^^^^^^^^^
  File "C:\Users\sadik\anaconda3\Lib\site-packages\fastapi\routing.py", line 690, in app
    raw_response = await run_endpoint_function(
                   ^^^^^^^^^^^^^^^^^^^^^^^^^^^^
    ...<3 lines>...
    )
    ^
  File "C:\Users\sadik\anaconda3\Lib\site-packages\fastapi\routing.py", line 346, in run_endpoint_function
    return await run_in_threadpool(dependant.call, **values)
           ^^^^^^^^^^^^^^^^^^^^^^^^^^^^^^^^^^^^^^^^^^^^^^^^^
  File "C:\Users\sadik\anaconda3\Lib\site-packages\starlette\concurrency.py", line 34, in run_in_threadpool
    return await anyio.to_thread.run_sync(func)
           ^^^^^^^^^^^^^^^^^^^^^^^^^^^^^^^^^^^^
  File "C:\Users\sadik\anaconda3\Lib\site-packages\anyio\to_thread.py", line 56, in run_sync
    return await get_async_backend().run_sync_in_worker_thread(
           ^^^^^^^^^^^^^^^^^^^^^^^^^^^^^^^^^^^^^^^^^^^^^^^^^^^^
        func, args, abandon_on_cancel=abandon_on_cancel, limiter=limiter
        ^^^^^^^^^^^^^^^^^^^^^^^^^^^^^^^^^^^^^^^^^^^^^^^^^^^^^^^^^^^^^^^^
    )
    ^
  File "C:\Users\sadik\anaconda3\Lib\site-packages\anyio\_backends\_asyncio.py", line 2476, in run_sync_in_worker_thread
    return await future
           ^^^^^^^^^^^^
  File "C:\Users\sadik\anaconda3\Lib\site-packages\anyio\_backends\_asyncio.py", line 967, in run
    result = context.run(func, *args)
  File "C:\VMs\vbox-zorin-automation\app\routers\vms.py", line 424, in delete_vm
    vm = _get_owned_vm(vm_id, current_user, db)
  File "C:\VMs\vbox-zorin-automation\app\routers\vms.py", line 50, in _get_owned_vm
    raise HTTPException(status_code=403, detail="Not your VM")
fastapi.exceptions.HTTPException: 403: Not your VM
2026-07-02 03:38:34,570 | ERROR    | IP: 127.0.0.1 | User: admin | app — Action: Transaction base de données | Résultat: Échec (Erreur DB : 403: Not your VM)
Traceback (most recent call last):
  File "C:\VMs\vbox-zorin-automation\app\database.py", line 22, in get_db
    yield db
  File "C:\Users\sadik\anaconda3\Lib\site-packages\fastapi\concurrency.py", line 29, in contextmanager_in_threadpool
    yield await run_in_threadpool(cm.__enter__)
  File "C:\Users\sadik\anaconda3\Lib\site-packages\fastapi\routing.py", line 136, in app
    response = await f(request)
               ^^^^^^^^^^^^^^^^
  File "C:\Users\sadik\anaconda3\Lib\site-packages\fastapi\routing.py", line 690, in app
    raw_response = await run_endpoint_function(
                   ^^^^^^^^^^^^^^^^^^^^^^^^^^^^
    ...<3 lines>...
    )
    ^
  File "C:\Users\sadik\anaconda3\Lib\site-packages\fastapi\routing.py", line 346, in run_endpoint_function
    return await run_in_threadpool(dependant.call, **values)
           ^^^^^^^^^^^^^^^^^^^^^^^^^^^^^^^^^^^^^^^^^^^^^^^^^
  File "C:\Users\sadik\anaconda3\Lib\site-packages\starlette\concurrency.py", line 34, in run_in_threadpool
    return await anyio.to_thread.run_sync(func)
           ^^^^^^^^^^^^^^^^^^^^^^^^^^^^^^^^^^^^
  File "C:\Users\sadik\anaconda3\Lib\site-packages\anyio\to_thread.py", line 56, in run_sync
    return await get_async_backend().run_sync_in_worker_thread(
           ^^^^^^^^^^^^^^^^^^^^^^^^^^^^^^^^^^^^^^^^^^^^^^^^^^^^
        func, args, abandon_on_cancel=abandon_on_cancel, limiter=limiter
        ^^^^^^^^^^^^^^^^^^^^^^^^^^^^^^^^^^^^^^^^^^^^^^^^^^^^^^^^^^^^^^^^
    )
    ^
  File "C:\Users\sadik\anaconda3\Lib\site-packages\anyio\_backends\_asyncio.py", line 2476, in run_sync_in_worker_thread
    return await future
           ^^^^^^^^^^^^
  File "C:\Users\sadik\anaconda3\Lib\site-packages\anyio\_backends\_asyncio.py", line 967, in run
    result = context.run(func, *args)
  File "C:\VMs\vbox-zorin-automation\app\routers\vms.py", line 424, in delete_vm
    vm = _get_owned_vm(vm_id, current_user, db)
  File "C:\VMs\vbox-zorin-automation\app\routers\vms.py", line 50, in _get_owned_vm
    raise HTTPException(status_code=403, detail="Not your VM")
fastapi.exceptions.HTTPException: 403: Not your VM
2026-07-02 03:44:55,143 | ERROR    | IP: 127.0.0.1 | User: sadikisadiki | app — Action: Transaction base de données | Résultat: Échec (Erreur DB : 1 validation error:
  {'type': 'value_error', 'loc': ('body', 'password'), 'msg': 'Value error, VM password must be at least 8 characters', 'input': '1234', 'ctx': {'error': ValueError('VM password must be at least 8 characters')}}

  File "C:\VMs\vbox-zorin-automation\app\routers\vms.py", line 219, in create_vm
    POST /vms/)
Traceback (most recent call last):
  File "C:\VMs\vbox-zorin-automation\app\database.py", line 22, in get_db
    yield db
  File "C:\Users\sadik\anaconda3\Lib\site-packages\fastapi\concurrency.py", line 29, in contextmanager_in_threadpool
    yield await run_in_threadpool(cm.__enter__)
  File "C:\Users\sadik\anaconda3\Lib\site-packages\fastapi\routing.py", line 136, in app
    response = await f(request)
               ^^^^^^^^^^^^^^^^
  File "C:\Users\sadik\anaconda3\Lib\site-packages\fastapi\routing.py", line 739, in app
    raise validation_error
fastapi.exceptions.RequestValidationError: 1 validation error:
  {'type': 'value_error', 'loc': ('body', 'password'), 'msg': 'Value error, VM password must be at least 8 characters', 'input': '1234', 'ctx': {'error': ValueError('VM password must be at least 8 characters')}}

  File "C:\VMs\vbox-zorin-automation\app\routers\vms.py", line 219, in create_vm
    POST /vms/
2026-07-02 07:38:08,360 | ERROR    | IP: - | User: - | app — Failed to broadcast stats update: This Connection is closed
2026-07-02 14:41:38,109 | ERROR    | IP: - | User: - | app — Error running VBoxManage metrics command ['C:\\Program Files\\Oracle\\VirtualBox\\VBoxManage.exe', 'showvminfo', 'sadikisadiki-17453af5', '--machinereadable']: Command '['C:\\Program Files\\Oracle\\VirtualBox\\VBoxManage.exe', 'showvminfo', 'sadikisadiki-17453af5', '--machinereadable']' timed out after 5 seconds
2026-07-02 14:41:41,555 | ERROR    | IP: 127.0.0.1 | User: - | app — Action: Transaction base de données | Résultat: Échec (Erreur DB : 401: Could not validate credentials)
Traceback (most recent call last):
  File "C:\VMs\vbox-zorin-automation\app\routers\auth.py", line 76, in get_current_user
    payload = jwt.decode(token, settings.SECRET_KEY, algorithms=[settings.ALGORITHM])
  File "C:\Users\sadik\anaconda3\Lib\site-packages\jose\jwt.py", line 157, in decode
    _validate_claims(
    ~~~~~~~~~~~~~~~~^
        claims,
        ^^^^^^^
    ...<5 lines>...
        options=defaults,
        ^^^^^^^^^^^^^^^^^
    )
    ^
  File "C:\Users\sadik\anaconda3\Lib\site-packages\jose\jwt.py", line 481, in _validate_claims
    _validate_exp(claims, leeway=leeway)
    ~~~~~~~~~~~~~^^^^^^^^^^^^^^^^^^^^^^^
  File "C:\Users\sadik\anaconda3\Lib\site-packages\jose\jwt.py", line 314, in _validate_exp
    raise ExpiredSignatureError("Signature has expired.")
jose.exceptions.ExpiredSignatureError: Signature has expired.

During handling of the above exception, another exception occurred:

Traceback (most recent call last):
  File "C:\VMs\vbox-zorin-automation\app\database.py", line 22, in get_db
    yield db
  File "C:\Users\sadik\anaconda3\Lib\site-packages\fastapi\concurrency.py", line 29, in contextmanager_in_threadpool
    yield await run_in_threadpool(cm.__enter__)
  File "C:\Users\sadik\anaconda3\Lib\site-packages\fastapi\routing.py", line 136, in app
    response = await f(request)
               ^^^^^^^^^^^^^^^^
  File "C:\Users\sadik\anaconda3\Lib\site-packages\fastapi\routing.py", line 473, in app
    solved_result = await solve_dependencies(
                    ^^^^^^^^^^^^^^^^^^^^^^^^^
    ...<6 lines>...
    )
    ^
  File "C:\Users\sadik\anaconda3\Lib\site-packages\fastapi\dependencies\utils.py", line 678, in solve_dependencies
    solved = await call(**solved_result.values)
             ^^^^^^^^^^^^^^^^^^^^^^^^^^^^^^^^^^
  File "C:\VMs\vbox-zorin-automation\app\routers\auth.py", line 82, in get_current_user
    raise credentials_exc
fastapi.exceptions.HTTPException: 401: Could not validate credentials
2026-07-02 14:42:43,201 | ERROR    | IP: 127.0.0.1 | User: - | app — Action: Transaction base de données | Résultat: Échec (Erreur DB : 401: Could not validate credentials)
Traceback (most recent call last):
  File "C:\VMs\vbox-zorin-automation\app\routers\auth.py", line 76, in get_current_user
    payload = jwt.decode(token, settings.SECRET_KEY, algorithms=[settings.ALGORITHM])
  File "C:\Users\sadik\anaconda3\Lib\site-packages\jose\jwt.py", line 157, in decode
    _validate_claims(
    ~~~~~~~~~~~~~~~~^
        claims,
        ^^^^^^^
    ...<5 lines>...
        options=defaults,
        ^^^^^^^^^^^^^^^^^
    )
    ^
  File "C:\Users\sadik\anaconda3\Lib\site-packages\jose\jwt.py", line 481, in _validate_claims
    _validate_exp(claims, leeway=leeway)
    ~~~~~~~~~~~~~^^^^^^^^^^^^^^^^^^^^^^^
  File "C:\Users\sadik\anaconda3\Lib\site-packages\jose\jwt.py", line 314, in _validate_exp
    raise ExpiredSignatureError("Signature has expired.")
jose.exceptions.ExpiredSignatureError: Signature has expired.

During handling of the above exception, another exception occurred:

Traceback (most recent call last):
  File "C:\VMs\vbox-zorin-automation\app\database.py", line 22, in get_db
    yield db
  File "C:\Users\sadik\anaconda3\Lib\site-packages\fastapi\concurrency.py", line 29, in contextmanager_in_threadpool
    yield await run_in_threadpool(cm.__enter__)
  File "C:\Users\sadik\anaconda3\Lib\site-packages\fastapi\routing.py", line 136, in app
    response = await f(request)
               ^^^^^^^^^^^^^^^^
  File "C:\Users\sadik\anaconda3\Lib\site-packages\fastapi\routing.py", line 473, in app
    solved_result = await solve_dependencies(
                    ^^^^^^^^^^^^^^^^^^^^^^^^^
    ...<6 lines>...
    )
    ^
  File "C:\Users\sadik\anaconda3\Lib\site-packages\fastapi\dependencies\utils.py", line 678, in solve_dependencies
    solved = await call(**solved_result.values)
             ^^^^^^^^^^^^^^^^^^^^^^^^^^^^^^^^^^
  File "C:\VMs\vbox-zorin-automation\app\routers\auth.py", line 82, in get_current_user
    raise credentials_exc
fastapi.exceptions.HTTPException: 401: Could not validate credentials
2026-07-02 14:44:41,555 | ERROR    | IP: - | User: - | app — Failed to broadcast stats update: This Connection is closed
2026-07-02 15:09:03,311 | ERROR    | IP: 127.0.0.1 | User: sadikisadiki | app.vm — Action: Démarrage de la VM 'sadikisadiki-17453af5' | Résultat: Échec (Erreur au démarrage dans VirtualBox)
2026-07-02 15:09:03,360 | ERROR    | IP: 127.0.0.1 | User: sadikisadiki | app — Action: Transaction base de données | Résultat: Échec (Erreur DB : 500: Failed to start VM)
Traceback (most recent call last):
  File "C:\VMs\vbox-zorin-automation\app\database.py", line 22, in get_db
    yield db
  File "C:\Users\sadik\anaconda3\Lib\site-packages\fastapi\concurrency.py", line 29, in contextmanager_in_threadpool
    yield await run_in_threadpool(cm.__enter__)
  File "C:\Users\sadik\anaconda3\Lib\site-packages\fastapi\routing.py", line 136, in app
    response = await f(request)
               ^^^^^^^^^^^^^^^^
  File "C:\Users\sadik\anaconda3\Lib\site-packages\fastapi\routing.py", line 690, in app
    raw_response = await run_endpoint_function(
                   ^^^^^^^^^^^^^^^^^^^^^^^^^^^^
    ...<3 lines>...
    )
    ^
  File "C:\Users\sadik\anaconda3\Lib\site-packages\fastapi\routing.py", line 346, in run_endpoint_function
    return await run_in_threadpool(dependant.call, **values)
           ^^^^^^^^^^^^^^^^^^^^^^^^^^^^^^^^^^^^^^^^^^^^^^^^^
  File "C:\Users\sadik\anaconda3\Lib\site-packages\starlette\concurrency.py", line 34, in run_in_threadpool
    return await anyio.to_thread.run_sync(func)
           ^^^^^^^^^^^^^^^^^^^^^^^^^^^^^^^^^^^^
  File "C:\Users\sadik\anaconda3\Lib\site-packages\anyio\to_thread.py", line 56, in run_sync
    return await get_async_backend().run_sync_in_worker_thread(
           ^^^^^^^^^^^^^^^^^^^^^^^^^^^^^^^^^^^^^^^^^^^^^^^^^^^^
        func, args, abandon_on_cancel=abandon_on_cancel, limiter=limiter
        ^^^^^^^^^^^^^^^^^^^^^^^^^^^^^^^^^^^^^^^^^^^^^^^^^^^^^^^^^^^^^^^^
    )
    ^
  File "C:\Users\sadik\anaconda3\Lib\site-packages\anyio\_backends\_asyncio.py", line 2476, in run_sync_in_worker_thread
    return await future
           ^^^^^^^^^^^^
  File "C:\Users\sadik\anaconda3\Lib\site-packages\anyio\_backends\_asyncio.py", line 967, in run
    result = context.run(func, *args)
  File "C:\VMs\vbox-zorin-automation\app\routers\vms.py", line 435, in start_vm
    raise HTTPException(status_code=500, detail="Failed to start VM")
fastapi.exceptions.HTTPException: 500: Failed to start VM
2026-07-02 15:09:40,143 | ERROR    | IP: 127.0.0.1 | User: sadikisadiki | app.vm — Action: Démarrage de la VM 'sadikisadiki-73d62ccd' | Résultat: Échec (Erreur au démarrage dans VirtualBox)
2026-07-02 15:09:40,183 | ERROR    | IP: 127.0.0.1 | User: sadikisadiki | app — Action: Transaction base de données | Résultat: Échec (Erreur DB : 500: Failed to start VM)
Traceback (most recent call last):
  File "C:\VMs\vbox-zorin-automation\app\database.py", line 22, in get_db
    yield db
  File "C:\Users\sadik\anaconda3\Lib\site-packages\fastapi\concurrency.py", line 29, in contextmanager_in_threadpool
    yield await run_in_threadpool(cm.__enter__)
  File "C:\Users\sadik\anaconda3\Lib\site-packages\fastapi\routing.py", line 136, in app
    response = await f(request)
               ^^^^^^^^^^^^^^^^
  File "C:\Users\sadik\anaconda3\Lib\site-packages\fastapi\routing.py", line 690, in app
    raw_response = await run_endpoint_function(
                   ^^^^^^^^^^^^^^^^^^^^^^^^^^^^
    ...<3 lines>...
    )
    ^
  File "C:\Users\sadik\anaconda3\Lib\site-packages\fastapi\routing.py", line 346, in run_endpoint_function
    return await run_in_threadpool(dependant.call, **values)
           ^^^^^^^^^^^^^^^^^^^^^^^^^^^^^^^^^^^^^^^^^^^^^^^^^
  File "C:\Users\sadik\anaconda3\Lib\site-packages\starlette\concurrency.py", line 34, in run_in_threadpool
    return await anyio.to_thread.run_sync(func)
           ^^^^^^^^^^^^^^^^^^^^^^^^^^^^^^^^^^^^
  File "C:\Users\sadik\anaconda3\Lib\site-packages\anyio\to_thread.py", line 56, in run_sync
    return await get_async_backend().run_sync_in_worker_thread(
           ^^^^^^^^^^^^^^^^^^^^^^^^^^^^^^^^^^^^^^^^^^^^^^^^^^^^
        func, args, abandon_on_cancel=abandon_on_cancel, limiter=limiter
        ^^^^^^^^^^^^^^^^^^^^^^^^^^^^^^^^^^^^^^^^^^^^^^^^^^^^^^^^^^^^^^^^
    )
    ^
  File "C:\Users\sadik\anaconda3\Lib\site-packages\anyio\_backends\_asyncio.py", line 2476, in run_sync_in_worker_thread
    return await future
           ^^^^^^^^^^^^
  File "C:\Users\sadik\anaconda3\Lib\site-packages\anyio\_backends\_asyncio.py", line 967, in run
    result = context.run(func, *args)
  File "C:\VMs\vbox-zorin-automation\app\routers\vms.py", line 435, in start_vm
    raise HTTPException(status_code=500, detail="Failed to start VM")
fastapi.exceptions.HTTPException: 500: Failed to start VM
